uid,source,text,label_true,label_pred,confidence,class,token,weight
a0dfea37b0d11e5bd0a3cd1aa3fb7f65,youtube,anda benar data kemiskinan saja di manipulasi orang berpenghasilan rp 35 000 hari di anggap sejahtera oleh badan pusat statistik,negatif,negatif,0.8545,negatif,manipulasi,0.102809
a0dfea37b0d11e5bd0a3cd1aa3fb7f65,youtube,anda benar data kemiskinan saja di manipulasi orang berpenghasilan rp 35 000 hari di anggap sejahtera oleh badan pusat statistik,negatif,negatif,0.8545,negatif,saja,0.050024
a0dfea37b0d11e5bd0a3cd1aa3fb7f65,youtube,anda benar data kemiskinan saja di manipulasi orang berpenghasilan rp 35 000 hari di anggap sejahtera oleh badan pusat statistik,negatif,negatif,0.8545,negatif,kemiskinan,0.040382
a0dfea37b0d11e5bd0a3cd1aa3fb7f65,youtube,anda benar data kemiskinan saja di manipulasi orang berpenghasilan rp 35 000 hari di anggap sejahtera oleh badan pusat statistik,negatif,negatif,0.8545,negatif,anggap,0.033392
a0dfea37b0d11e5bd0a3cd1aa3fb7f65,youtube,anda benar data kemiskinan saja di manipulasi orang berpenghasilan rp 35 000 hari di anggap sejahtera oleh badan pusat statistik,negatif,negatif,0.8545,negatif,orang,0.027335
a0dfea37b0d11e5bd0a3cd1aa3fb7f65,youtube,anda benar data kemiskinan saja di manipulasi orang berpenghasilan rp 35 000 hari di anggap sejahtera oleh badan pusat statistik,negatif,negatif,0.8545,negatif,sejahtera,0.026602
a0dfea37b0d11e5bd0a3cd1aa3fb7f65,youtube,anda benar data kemiskinan saja di manipulasi orang berpenghasilan rp 35 000 hari di anggap sejahtera oleh badan pusat statistik,negatif,negatif,0.8545,negatif,rp,0.023726
a0dfea37b0d11e5bd0a3cd1aa3fb7f65,youtube,anda benar data kemiskinan saja di manipulasi orang berpenghasilan rp 35 000 hari di anggap sejahtera oleh badan pusat statistik,negatif,negatif,0.8545,negatif,benar,0.023181
a0dfea37b0d11e5bd0a3cd1aa3fb7f65,youtube,anda benar data kemiskinan saja di manipulasi orang berpenghasilan rp 35 000 hari di anggap sejahtera oleh badan pusat statistik,negatif,negatif,0.8545,negatif,35,-0.019678
a0dfea37b0d11e5bd0a3cd1aa3fb7f65,youtube,anda benar data kemiskinan saja di manipulasi orang berpenghasilan rp 35 000 hari di anggap sejahtera oleh badan pusat statistik,negatif,negatif,0.8545,negatif,oleh,0.017075
a0dfea37b0d11e5bd0a3cd1aa3fb7f65,youtube,anda benar data kemiskinan saja di manipulasi orang berpenghasilan rp 35 000 hari di anggap sejahtera oleh badan pusat statistik,negatif,negatif,0.8545,negatif,pusat,-0.013555
a0dfea37b0d11e5bd0a3cd1aa3fb7f65,youtube,anda benar data kemiskinan saja di manipulasi orang berpenghasilan rp 35 000 hari di anggap sejahtera oleh badan pusat statistik,negatif,negatif,0.8545,negatif,anda,0.012181
a0dfea37b0d11e5bd0a3cd1aa3fb7f65,youtube,anda benar data kemiskinan saja di manipulasi orang berpenghasilan rp 35 000 hari di anggap sejahtera oleh badan pusat statistik,negatif,negatif,0.8545,netral,manipulasi,-0.07658
a0dfea37b0d11e5bd0a3cd1aa3fb7f65,youtube,anda benar data kemiskinan saja di manipulasi orang berpenghasilan rp 35 000 hari di anggap sejahtera oleh badan pusat statistik,negatif,negatif,0.8545,netral,sejahtera,-0.040587
a0dfea37b0d11e5bd0a3cd1aa3fb7f65,youtube,anda benar data kemiskinan saja di manipulasi orang berpenghasilan rp 35 000 hari di anggap sejahtera oleh badan pusat statistik,negatif,negatif,0.8545,netral,saja,-0.03827
a0dfea37b0d11e5bd0a3cd1aa3fb7f65,youtube,anda benar data kemiskinan saja di manipulasi orang berpenghasilan rp 35 000 hari di anggap sejahtera oleh badan pusat statistik,negatif,negatif,0.8545,netral,benar,-0.02853
a0dfea37b0d11e5bd0a3cd1aa3fb7f65,youtube,anda benar data kemiskinan saja di manipulasi orang berpenghasilan rp 35 000 hari di anggap sejahtera oleh badan pusat statistik,negatif,negatif,0.8545,netral,orang,-0.027228
a0dfea37b0d11e5bd0a3cd1aa3fb7f65,youtube,anda benar data kemiskinan saja di manipulasi orang berpenghasilan rp 35 000 hari di anggap sejahtera oleh badan pusat statistik,negatif,negatif,0.8545,netral,kemiskinan,-0.026236
a0dfea37b0d11e5bd0a3cd1aa3fb7f65,youtube,anda benar data kemiskinan saja di manipulasi orang berpenghasilan rp 35 000 hari di anggap sejahtera oleh badan pusat statistik,negatif,negatif,0.8545,netral,anggap,-0.024512
a0dfea37b0d11e5bd0a3cd1aa3fb7f65,youtube,anda benar data kemiskinan saja di manipulasi orang berpenghasilan rp 35 000 hari di anggap sejahtera oleh badan pusat statistik,negatif,negatif,0.8545,netral,anda,-0.023348
a0dfea37b0d11e5bd0a3cd1aa3fb7f65,youtube,anda benar data kemiskinan saja di manipulasi orang berpenghasilan rp 35 000 hari di anggap sejahtera oleh badan pusat statistik,negatif,negatif,0.8545,netral,35,0.019947
a0dfea37b0d11e5bd0a3cd1aa3fb7f65,youtube,anda benar data kemiskinan saja di manipulasi orang berpenghasilan rp 35 000 hari di anggap sejahtera oleh badan pusat statistik,negatif,negatif,0.8545,netral,pusat,0.016677
a0dfea37b0d11e5bd0a3cd1aa3fb7f65,youtube,anda benar data kemiskinan saja di manipulasi orang berpenghasilan rp 35 000 hari di anggap sejahtera oleh badan pusat statistik,negatif,negatif,0.8545,netral,berpenghasilan,-0.014511
a0dfea37b0d11e5bd0a3cd1aa3fb7f65,youtube,anda benar data kemiskinan saja di manipulasi orang berpenghasilan rp 35 000 hari di anggap sejahtera oleh badan pusat statistik,negatif,negatif,0.8545,netral,rp,-0.013302
a0dfea37b0d11e5bd0a3cd1aa3fb7f65,youtube,anda benar data kemiskinan saja di manipulasi orang berpenghasilan rp 35 000 hari di anggap sejahtera oleh badan pusat statistik,negatif,negatif,0.8545,positif,manipulasi,-0.026131
a0dfea37b0d11e5bd0a3cd1aa3fb7f65,youtube,anda benar data kemiskinan saja di manipulasi orang berpenghasilan rp 35 000 hari di anggap sejahtera oleh badan pusat statistik,negatif,negatif,0.8545,positif,kemiskinan,-0.01483
a0dfea37b0d11e5bd0a3cd1aa3fb7f65,youtube,anda benar data kemiskinan saja di manipulasi orang berpenghasilan rp 35 000 hari di anggap sejahtera oleh badan pusat statistik,negatif,negatif,0.8545,positif,hari,0.014053
a0dfea37b0d11e5bd0a3cd1aa3fb7f65,youtube,anda benar data kemiskinan saja di manipulasi orang berpenghasilan rp 35 000 hari di anggap sejahtera oleh badan pusat statistik,negatif,negatif,0.8545,positif,sejahtera,0.013489
a0dfea37b0d11e5bd0a3cd1aa3fb7f65,youtube,anda benar data kemiskinan saja di manipulasi orang berpenghasilan rp 35 000 hari di anggap sejahtera oleh badan pusat statistik,negatif,negatif,0.8545,positif,berpenghasilan,0.012865
a0dfea37b0d11e5bd0a3cd1aa3fb7f65,youtube,anda benar data kemiskinan saja di manipulasi orang berpenghasilan rp 35 000 hari di anggap sejahtera oleh badan pusat statistik,negatif,negatif,0.8545,positif,anggap,-0.012801
a0dfea37b0d11e5bd0a3cd1aa3fb7f65,youtube,anda benar data kemiskinan saja di manipulasi orang berpenghasilan rp 35 000 hari di anggap sejahtera oleh badan pusat statistik,negatif,negatif,0.8545,positif,di,-0.012551
a0dfea37b0d11e5bd0a3cd1aa3fb7f65,youtube,anda benar data kemiskinan saja di manipulasi orang berpenghasilan rp 35 000 hari di anggap sejahtera oleh badan pusat statistik,negatif,negatif,0.8545,positif,saja,-0.01153
a0dfea37b0d11e5bd0a3cd1aa3fb7f65,youtube,anda benar data kemiskinan saja di manipulasi orang berpenghasilan rp 35 000 hari di anggap sejahtera oleh badan pusat statistik,negatif,negatif,0.8545,positif,anda,0.010352
a0dfea37b0d11e5bd0a3cd1aa3fb7f65,youtube,anda benar data kemiskinan saja di manipulasi orang berpenghasilan rp 35 000 hari di anggap sejahtera oleh badan pusat statistik,negatif,negatif,0.8545,positif,oleh,-0.009412
a0dfea37b0d11e5bd0a3cd1aa3fb7f65,youtube,anda benar data kemiskinan saja di manipulasi orang berpenghasilan rp 35 000 hari di anggap sejahtera oleh badan pusat statistik,negatif,negatif,0.8545,positif,rp,-0.009137
a0dfea37b0d11e5bd0a3cd1aa3fb7f65,youtube,anda benar data kemiskinan saja di manipulasi orang berpenghasilan rp 35 000 hari di anggap sejahtera oleh badan pusat statistik,negatif,negatif,0.8545,positif,benar,0.00325
154f84e32ecbade1a4934ee0006297d2,playstore,aplikasi bobrok ngelag terus,negatif,negatif,0.8717,negatif,bobrok,0.214809
154f84e32ecbade1a4934ee0006297d2,playstore,aplikasi bobrok ngelag terus,negatif,negatif,0.8717,negatif,ngelag,0.158585
154f84e32ecbade1a4934ee0006297d2,playstore,aplikasi bobrok ngelag terus,negatif,negatif,0.8717,negatif,aplikasi,0.097034
154f84e32ecbade1a4934ee0006297d2,playstore,aplikasi bobrok ngelag terus,negatif,negatif,0.8717,negatif,terus,0.074319
154f84e32ecbade1a4934ee0006297d2,playstore,aplikasi bobrok ngelag terus,negatif,negatif,0.8717,netral,bobrok,-0.220259
154f84e32ecbade1a4934ee0006297d2,playstore,aplikasi bobrok ngelag terus,negatif,negatif,0.8717,netral,ngelag,-0.162233
154f84e32ecbade1a4934ee0006297d2,playstore,aplikasi bobrok ngelag terus,negatif,negatif,0.8717,netral,aplikasi,-0.092399
154f84e32ecbade1a4934ee0006297d2,playstore,aplikasi bobrok ngelag terus,negatif,negatif,0.8717,netral,terus,-0.075304
154f84e32ecbade1a4934ee0006297d2,playstore,aplikasi bobrok ngelag terus,negatif,negatif,0.8717,positif,bobrok,0.00545
154f84e32ecbade1a4934ee0006297d2,playstore,aplikasi bobrok ngelag terus,negatif,negatif,0.8717,positif,aplikasi,-0.004635
154f84e32ecbade1a4934ee0006297d2,playstore,aplikasi bobrok ngelag terus,negatif,negatif,0.8717,positif,ngelag,0.003649
154f84e32ecbade1a4934ee0006297d2,playstore,aplikasi bobrok ngelag terus,negatif,negatif,0.8717,positif,terus,0.000985
9ec65ee56ea3e7d81903e51835e615c8,playstore,sudah sering update makin kesini makin kesono bagaimana sih mau kalian ituuu niat bantu apa tidak,negatif,negatif,0.7932,negatif,makin,0.17373
9ec65ee56ea3e7d81903e51835e615c8,playstore,sudah sering update makin kesini makin kesono bagaimana sih mau kalian ituuu niat bantu apa tidak,negatif,negatif,0.7932,negatif,update,0.102191
9ec65ee56ea3e7d81903e51835e615c8,playstore,sudah sering update makin kesini makin kesono bagaimana sih mau kalian ituuu niat bantu apa tidak,negatif,negatif,0.7932,negatif,kesono,0.100549
9ec65ee56ea3e7d81903e51835e615c8,playstore,sudah sering update makin kesini makin kesono bagaimana sih mau kalian ituuu niat bantu apa tidak,negatif,negatif,0.7932,negatif,niat,0.069665
9ec65ee56ea3e7d81903e51835e615c8,playstore,sudah sering update makin kesini makin kesono bagaimana sih mau kalian ituuu niat bantu apa tidak,negatif,negatif,0.7932,negatif,mau,0.062725
9ec65ee56ea3e7d81903e51835e615c8,playstore,sudah sering update makin kesini makin kesono bagaimana sih mau kalian ituuu niat bantu apa tidak,negatif,negatif,0.7932,negatif,apa,0.054884
9ec65ee56ea3e7d81903e51835e615c8,playstore,sudah sering update makin kesini makin kesono bagaimana sih mau kalian ituuu niat bantu apa tidak,negatif,negatif,0.7932,negatif,bagaimana,-0.046829
9ec65ee56ea3e7d81903e51835e615c8,playstore,sudah sering update makin kesini makin kesono bagaimana sih mau kalian ituuu niat bantu apa tidak,negatif,negatif,0.7932,negatif,sudah,0.042838
9ec65ee56ea3e7d81903e51835e615c8,playstore,sudah sering update makin kesini makin kesono bagaimana sih mau kalian ituuu niat bantu apa tidak,negatif,negatif,0.7932,negatif,bantu,-0.039754
9ec65ee56ea3e7d81903e51835e615c8,playstore,sudah sering update makin kesini makin kesono bagaimana sih mau kalian ituuu niat bantu apa tidak,negatif,negatif,0.7932,negatif,kalian,0.030495
9ec65ee56ea3e7d81903e51835e615c8,playstore,sudah sering update makin kesini makin kesono bagaimana sih mau kalian ituuu niat bantu apa tidak,negatif,negatif,0.7932,negatif,ituuu,-0.019705
9ec65ee56ea3e7d81903e51835e615c8,playstore,sudah sering update makin kesini makin kesono bagaimana sih mau kalian ituuu niat bantu apa tidak,negatif,negatif,0.7932,negatif,sering,0.012633
9ec65ee56ea3e7d81903e51835e615c8,playstore,sudah sering update makin kesini makin kesono bagaimana sih mau kalian ituuu niat bantu apa tidak,negatif,negatif,0.7932,netral,makin,-0.210486
9ec65ee56ea3e7d81903e51835e615c8,playstore,sudah sering update makin kesini makin kesono bagaimana sih mau kalian ituuu niat bantu apa tidak,negatif,negatif,0.7932,netral,update,-0.09728
9ec65ee56ea3e7d81903e51835e615c8,playstore,sudah sering update makin kesini makin kesono bagaimana sih mau kalian ituuu niat bantu apa tidak,negatif,negatif,0.7932,netral,bagaimana,0.095782
9ec65ee56ea3e7d81903e51835e615c8,playstore,sudah sering update makin kesini makin kesono bagaimana sih mau kalian ituuu niat bantu apa tidak,negatif,negatif,0.7932,netral,kesono,-0.095482
9ec65ee56ea3e7d81903e51835e615c8,playstore,sudah sering update makin kesini makin kesono bagaimana sih mau kalian ituuu niat bantu apa tidak,negatif,negatif,0.7932,netral,niat,-0.05327
9ec65ee56ea3e7d81903e51835e615c8,playstore,sudah sering update makin kesini makin kesono bagaimana sih mau kalian ituuu niat bantu apa tidak,negatif,negatif,0.7932,netral,kalian,-0.047073
9ec65ee56ea3e7d81903e51835e615c8,playstore,sudah sering update makin kesini makin kesono bagaimana sih mau kalian ituuu niat bantu apa tidak,negatif,negatif,0.7932,netral,mau,-0.040854
9ec65ee56ea3e7d81903e51835e615c8,playstore,sudah sering update makin kesini makin kesono bagaimana sih mau kalian ituuu niat bantu apa tidak,negatif,negatif,0.7932,netral,sudah,-0.019242
9ec65ee56ea3e7d81903e51835e615c8,playstore,sudah sering update makin kesini makin kesono bagaimana sih mau kalian ituuu niat bantu apa tidak,negatif,negatif,0.7932,netral,ituuu,0.017413
9ec65ee56ea3e7d81903e51835e615c8,playstore,sudah sering update makin kesini makin kesono bagaimana sih mau kalian ituuu niat bantu apa tidak,negatif,negatif,0.7932,netral,tidak,0.016985
9ec65ee56ea3e7d81903e51835e615c8,playstore,sudah sering update makin kesini makin kesono bagaimana sih mau kalian ituuu niat bantu apa tidak,negatif,negatif,0.7932,netral,bantu,-0.006112
9ec65ee56ea3e7d81903e51835e615c8,playstore,sudah sering update makin kesini makin kesono bagaimana sih mau kalian ituuu niat bantu apa tidak,negatif,negatif,0.7932,netral,sering,0.004163
9ec65ee56ea3e7d81903e51835e615c8,playstore,sudah sering update makin kesini makin kesono bagaimana sih mau kalian ituuu niat bantu apa tidak,negatif,negatif,0.7932,positif,apa,-0.058945
9ec65ee56ea3e7d81903e51835e615c8,playstore,sudah sering update makin kesini makin kesono bagaimana sih mau kalian ituuu niat bantu apa tidak,negatif,negatif,0.7932,positif,bagaimana,-0.048163
9ec65ee56ea3e7d81903e51835e615c8,playstore,sudah sering update makin kesini makin kesono bagaimana sih mau kalian ituuu niat bantu apa tidak,negatif,negatif,0.7932,positif,bantu,0.047235
9ec65ee56ea3e7d81903e51835e615c8,playstore,sudah sering update makin kesini makin kesono bagaimana sih mau kalian ituuu niat bantu apa tidak,negatif,negatif,0.7932,positif,makin,0.040959
9ec65ee56ea3e7d81903e51835e615c8,playstore,sudah sering update makin kesini makin kesono bagaimana sih mau kalian ituuu niat bantu apa tidak,negatif,negatif,0.7932,positif,tidak,-0.030212
9ec65ee56ea3e7d81903e51835e615c8,playstore,sudah sering update makin kesini makin kesono bagaimana sih mau kalian ituuu niat bantu apa tidak,negatif,negatif,0.7932,positif,sudah,-0.023332
9ec65ee56ea3e7d81903e51835e615c8,playstore,sudah sering update makin kesini makin kesono bagaimana sih mau kalian ituuu niat bantu apa tidak,negatif,negatif,0.7932,positif,mau,-0.020617
9ec65ee56ea3e7d81903e51835e615c8,playstore,sudah sering update makin kesini makin kesono bagaimana sih mau kalian ituuu niat bantu apa tidak,negatif,negatif,0.7932,positif,sering,-0.017472
9ec65ee56ea3e7d81903e51835e615c8,playstore,sudah sering update makin kesini makin kesono bagaimana sih mau kalian ituuu niat bantu apa tidak,negatif,negatif,0.7932,positif,kalian,0.016943
9ec65ee56ea3e7d81903e51835e615c8,playstore,sudah sering update makin kesini makin kesono bagaimana sih mau kalian ituuu niat bantu apa tidak,negatif,negatif,0.7932,positif,niat,-0.015715
9ec65ee56ea3e7d81903e51835e615c8,playstore,sudah sering update makin kesini makin kesono bagaimana sih mau kalian ituuu niat bantu apa tidak,negatif,negatif,0.7932,positif,kesono,-0.005468
9ec65ee56ea3e7d81903e51835e615c8,playstore,sudah sering update makin kesini makin kesono bagaimana sih mau kalian ituuu niat bantu apa tidak,negatif,negatif,0.7932,positif,ituuu,0.003614
be808644b10d6b6f980f5274dc54c0a1,playstore,malah memperlambat kerja dengan adanya pending,negatif,negatif,0.8605,negatif,malah,0.285347
be808644b10d6b6f980f5274dc54c0a1,playstore,malah memperlambat kerja dengan adanya pending,negatif,negatif,0.8605,negatif,memperlambat,0.214804
be808644b10d6b6f980f5274dc54c0a1,playstore,malah memperlambat kerja dengan adanya pending,negatif,negatif,0.8605,negatif,dengan,-0.046573
be808644b10d6b6f980f5274dc54c0a1,playstore,malah memperlambat kerja dengan adanya pending,negatif,negatif,0.8605,negatif,pending,0.034073
be808644b10d6b6f980f5274dc54c0a1,playstore,malah memperlambat kerja dengan adanya pending,negatif,negatif,0.8605,negatif,adanya,-0.004032
be808644b10d6b6f980f5274dc54c0a1,playstore,malah memperlambat kerja dengan adanya pending,negatif,negatif,0.8605,negatif,kerja,-0.003172
be808644b10d6b6f980f5274dc54c0a1,playstore,malah memperlambat kerja dengan adanya pending,negatif,negatif,0.8605,netral,malah,-0.283803
be808644b10d6b6f980f5274dc54c0a1,playstore,malah memperlambat kerja dengan adanya pending,negatif,negatif,0.8605,netral,memperlambat,-0.210731
be808644b10d6b6f980f5274dc54c0a1,playstore,malah memperlambat kerja dengan adanya pending,negatif,negatif,0.8605,netral,dengan,0.043517
be808644b10d6b6f980f5274dc54c0a1,playstore,malah memperlambat kerja dengan adanya pending,negatif,negatif,0.8605,netral,pending,-0.030447
be808644b10d6b6f980f5274dc54c0a1,playstore,malah memperlambat kerja dengan adanya pending,negatif,negatif,0.8605,netral,kerja,0.009433
be808644b10d6b6f980f5274dc54c0a1,playstore,malah memperlambat kerja dengan adanya pending,negatif,negatif,0.8605,netral,adanya,0.002685
be808644b10d6b6f980f5274dc54c0a1,playstore,malah memperlambat kerja dengan adanya pending,negatif,negatif,0.8605,positif,kerja,-0.006261
be808644b10d6b6f980f5274dc54c0a1,playstore,malah memperlambat kerja dengan adanya pending,negatif,negatif,0.8605,positif,memperlambat,-0.004073
be808644b10d6b6f980f5274dc54c0a1,playstore,malah memperlambat kerja dengan adanya pending,negatif,negatif,0.8605,positif,pending,-0.003626
be808644b10d6b6f980f5274dc54c0a1,playstore,malah memperlambat kerja dengan adanya pending,negatif,negatif,0.8605,positif,dengan,0.003056
be808644b10d6b6f980f5274dc54c0a1,playstore,malah memperlambat kerja dengan adanya pending,negatif,negatif,0.8605,positif,malah,-0.001545
be808644b10d6b6f980f5274dc54c0a1,playstore,malah memperlambat kerja dengan adanya pending,negatif,negatif,0.8605,positif,adanya,0.001346
358b723dddb208af236a6f68f4a83ad8,youtube,mantab lanjutkan petugas sensus ekonomi 2026 batang,positif,positif,0.9564,negatif,mantab,-0.017149
358b723dddb208af236a6f68f4a83ad8,youtube,mantab lanjutkan petugas sensus ekonomi 2026 batang,positif,positif,0.9564,negatif,2026,-0.005847
358b723dddb208af236a6f68f4a83ad8,youtube,mantab lanjutkan petugas sensus ekonomi 2026 batang,positif,positif,0.9564,negatif,ekonomi,-0.001999
358b723dddb208af236a6f68f4a83ad8,youtube,mantab lanjutkan petugas sensus ekonomi 2026 batang,positif,positif,0.9564,negatif,batang,0.000941
358b723dddb208af236a6f68f4a83ad8,youtube,mantab lanjutkan petugas sensus ekonomi 2026 batang,positif,positif,0.9564,negatif,sensus,0.000816
358b723dddb208af236a6f68f4a83ad8,youtube,mantab lanjutkan petugas sensus ekonomi 2026 batang,positif,positif,0.9564,negatif,lanjutkan,-0.000702
358b723dddb208af236a6f68f4a83ad8,youtube,mantab lanjutkan petugas sensus ekonomi 2026 batang,positif,positif,0.9564,negatif,petugas,-0.000409
358b723dddb208af236a6f68f4a83ad8,youtube,mantab lanjutkan petugas sensus ekonomi 2026 batang,positif,positif,0.9564,netral,mantab,-0.483503
358b723dddb208af236a6f68f4a83ad8,youtube,mantab lanjutkan petugas sensus ekonomi 2026 batang,positif,positif,0.9564,netral,2026,-0.139232
358b723dddb208af236a6f68f4a83ad8,youtube,mantab lanjutkan petugas sensus ekonomi 2026 batang,positif,positif,0.9564,netral,ekonomi,-0.075189
358b723dddb208af236a6f68f4a83ad8,youtube,mantab lanjutkan petugas sensus ekonomi 2026 batang,positif,positif,0.9564,netral,petugas,0.052321
358b723dddb208af236a6f68f4a83ad8,youtube,mantab lanjutkan petugas sensus ekonomi 2026 batang,positif,positif,0.9564,netral,lanjutkan,-0.042513
358b723dddb208af236a6f68f4a83ad8,youtube,mantab lanjutkan petugas sensus ekonomi 2026 batang,positif,positif,0.9564,netral,sensus,0.023927
358b723dddb208af236a6f68f4a83ad8,youtube,mantab lanjutkan petugas sensus ekonomi 2026 batang,positif,positif,0.9564,netral,batang,-0.010077
358b723dddb208af236a6f68f4a83ad8,youtube,mantab lanjutkan petugas sensus ekonomi 2026 batang,positif,positif,0.9564,positif,mantab,0.500652
358b723dddb208af236a6f68f4a83ad8,youtube,mantab lanjutkan petugas sensus ekonomi 2026 batang,positif,positif,0.9564,positif,2026,0.145078
358b723dddb208af236a6f68f4a83ad8,youtube,mantab lanjutkan petugas sensus ekonomi 2026 batang,positif,positif,0.9564,positif,ekonomi,0.077187
358b723dddb208af236a6f68f4a83ad8,youtube,mantab lanjutkan petugas sensus ekonomi 2026 batang,positif,positif,0.9564,positif,petugas,-0.051912
358b723dddb208af236a6f68f4a83ad8,youtube,mantab lanjutkan petugas sensus ekonomi 2026 batang,positif,positif,0.9564,positif,lanjutkan,0.043215
358b723dddb208af236a6f68f4a83ad8,youtube,mantab lanjutkan petugas sensus ekonomi 2026 batang,positif,positif,0.9564,positif,sensus,-0.024743
358b723dddb208af236a6f68f4a83ad8,youtube,mantab lanjutkan petugas sensus ekonomi 2026 batang,positif,positif,0.9564,positif,batang,0.009136
cdee2d3f0a2d23dbc7f21f2aaa2cc439,youtube,alhamdulillah ikut senang dipuji begini,positif,positif,0.9421,negatif,alhamdulillah,-0.106575
cdee2d3f0a2d23dbc7f21f2aaa2cc439,youtube,alhamdulillah ikut senang dipuji begini,positif,positif,0.9421,negatif,senang,-0.104771
cdee2d3f0a2d23dbc7f21f2aaa2cc439,youtube,alhamdulillah ikut senang dipuji begini,positif,positif,0.9421,negatif,dipuji,0.040882
cdee2d3f0a2d23dbc7f21f2aaa2cc439,youtube,alhamdulillah ikut senang dipuji begini,positif,positif,0.9421,negatif,ikut,-0.03225
cdee2d3f0a2d23dbc7f21f2aaa2cc439,youtube,alhamdulillah ikut senang dipuji begini,positif,positif,0.9421,negatif,begini,0.020966
cdee2d3f0a2d23dbc7f21f2aaa2cc439,youtube,alhamdulillah ikut senang dipuji begini,positif,positif,0.9421,netral,alhamdulillah,-0.155162
cdee2d3f0a2d23dbc7f21f2aaa2cc439,youtube,alhamdulillah ikut senang dipuji begini,positif,positif,0.9421,netral,senang,-0.132459
cdee2d3f0a2d23dbc7f21f2aaa2cc439,youtube,alhamdulillah ikut senang dipuji begini,positif,positif,0.9421,netral,dipuji,-0.047819
cdee2d3f0a2d23dbc7f21f2aaa2cc439,youtube,alhamdulillah ikut senang dipuji begini,positif,positif,0.9421,netral,ikut,-0.021025
cdee2d3f0a2d23dbc7f21f2aaa2cc439,youtube,alhamdulillah ikut senang dipuji begini,positif,positif,0.9421,netral,begini,0.005958
cdee2d3f0a2d23dbc7f21f2aaa2cc439,youtube,alhamdulillah ikut senang dipuji begini,positif,positif,0.9421,positif,alhamdulillah,0.261737
cdee2d3f0a2d23dbc7f21f2aaa2cc439,youtube,alhamdulillah ikut senang dipuji begini,positif,positif,0.9421,positif,senang,0.23723
cdee2d3f0a2d23dbc7f21f2aaa2cc439,youtube,alhamdulillah ikut senang dipuji begini,positif,positif,0.9421,positif,ikut,0.053275
cdee2d3f0a2d23dbc7f21f2aaa2cc439,youtube,alhamdulillah ikut senang dipuji begini,positif,positif,0.9421,positif,begini,-0.026924
cdee2d3f0a2d23dbc7f21f2aaa2cc439,youtube,alhamdulillah ikut senang dipuji begini,positif,positif,0.9421,positif,dipuji,0.006937
8a4ba6cce382eddb2471dd4567466966,playstore,sering minta update dan sulit kirim data kalau jam kerja,negatif,negatif,0.8416,negatif,sulit,0.669518
8a4ba6cce382eddb2471dd4567466966,playstore,sering minta update dan sulit kirim data kalau jam kerja,negatif,negatif,0.8416,negatif,sering,0.051847
8a4ba6cce382eddb2471dd4567466966,playstore,sering minta update dan sulit kirim data kalau jam kerja,negatif,negatif,0.8416,negatif,update,0.031403
8a4ba6cce382eddb2471dd4567466966,playstore,sering minta update dan sulit kirim data kalau jam kerja,negatif,negatif,0.8416,negatif,minta,0.025161
8a4ba6cce382eddb2471dd4567466966,playstore,sering minta update dan sulit kirim data kalau jam kerja,negatif,negatif,0.8416,negatif,data,-0.022788
8a4ba6cce382eddb2471dd4567466966,playstore,sering minta update dan sulit kirim data kalau jam kerja,negatif,negatif,0.8416,negatif,dan,-0.022235
8a4ba6cce382eddb2471dd4567466966,playstore,sering minta update dan sulit kirim data kalau jam kerja,negatif,negatif,0.8416,negatif,jam,0.014697
8a4ba6cce382eddb2471dd4567466966,playstore,sering minta update dan sulit kirim data kalau jam kerja,negatif,negatif,0.8416,negatif,kalau,-0.011619
8a4ba6cce382eddb2471dd4567466966,playstore,sering minta update dan sulit kirim data kalau jam kerja,negatif,negatif,0.8416,negatif,kirim,0.01041
8a4ba6cce382eddb2471dd4567466966,playstore,sering minta update dan sulit kirim data kalau jam kerja,negatif,negatif,0.8416,negatif,kerja,-0.009105
8a4ba6cce382eddb2471dd4567466966,playstore,sering minta update dan sulit kirim data kalau jam kerja,negatif,negatif,0.8416,netral,sulit,-0.687005
8a4ba6cce382eddb2471dd4567466966,playstore,sering minta update dan sulit kirim data kalau jam kerja,negatif,negatif,0.8416,netral,sering,-0.058179
8a4ba6cce382eddb2471dd4567466966,playstore,sering minta update dan sulit kirim data kalau jam kerja,negatif,negatif,0.8416,netral,update,-0.032814
8a4ba6cce382eddb2471dd4567466966,playstore,sering minta update dan sulit kirim data kalau jam kerja,negatif,negatif,0.8416,netral,dan,0.024309
8a4ba6cce382eddb2471dd4567466966,playstore,sering minta update dan sulit kirim data kalau jam kerja,negatif,negatif,0.8416,netral,data,0.022636
8a4ba6cce382eddb2471dd4567466966,playstore,sering minta update dan sulit kirim data kalau jam kerja,negatif,negatif,0.8416,netral,minta,-0.022161
8a4ba6cce382eddb2471dd4567466966,playstore,sering minta update dan sulit kirim data kalau jam kerja,negatif,negatif,0.8416,netral,jam,-0.015629
8a4ba6cce382eddb2471dd4567466966,playstore,sering minta update dan sulit kirim data kalau jam kerja,negatif,negatif,0.8416,netral,kalau,0.011957
8a4ba6cce382eddb2471dd4567466966,playstore,sering minta update dan sulit kirim data kalau jam kerja,negatif,negatif,0.8416,netral,kirim,-0.011157
8a4ba6cce382eddb2471dd4567466966,playstore,sering minta update dan sulit kirim data kalau jam kerja,negatif,negatif,0.8416,netral,kerja,0.008704
8a4ba6cce382eddb2471dd4567466966,playstore,sering minta update dan sulit kirim data kalau jam kerja,negatif,negatif,0.8416,positif,sulit,0.017487
8a4ba6cce382eddb2471dd4567466966,playstore,sering minta update dan sulit kirim data kalau jam kerja,negatif,negatif,0.8416,positif,sering,0.006332
8a4ba6cce382eddb2471dd4567466966,playstore,sering minta update dan sulit kirim data kalau jam kerja,negatif,negatif,0.8416,positif,minta,-0.003001
8a4ba6cce382eddb2471dd4567466966,playstore,sering minta update dan sulit kirim data kalau jam kerja,negatif,negatif,0.8416,positif,dan,-0.002074
8a4ba6cce382eddb2471dd4567466966,playstore,sering minta update dan sulit kirim data kalau jam kerja,negatif,negatif,0.8416,positif,update,0.00141
8a4ba6cce382eddb2471dd4567466966,playstore,sering minta update dan sulit kirim data kalau jam kerja,negatif,negatif,0.8416,positif,jam,0.000932
8a4ba6cce382eddb2471dd4567466966,playstore,sering minta update dan sulit kirim data kalau jam kerja,negatif,negatif,0.8416,positif,kirim,0.000747
8a4ba6cce382eddb2471dd4567466966,playstore,sering minta update dan sulit kirim data kalau jam kerja,negatif,negatif,0.8416,positif,kerja,0.000401
8a4ba6cce382eddb2471dd4567466966,playstore,sering minta update dan sulit kirim data kalau jam kerja,negatif,negatif,0.8416,positif,kalau,-0.000338
8a4ba6cce382eddb2471dd4567466966,playstore,sering minta update dan sulit kirim data kalau jam kerja,negatif,negatif,0.8416,positif,data,0.000153
f6f0aa2933eac9b63f93e687da502e3a,threads,kalau sy pasti sy tolak ranah pribadi kok,negatif,negatif,0.8057,negatif,tolak,0.401829
f6f0aa2933eac9b63f93e687da502e3a,threads,kalau sy pasti sy tolak ranah pribadi kok,negatif,negatif,0.8057,negatif,kok,0.161463
f6f0aa2933eac9b63f93e687da502e3a,threads,kalau sy pasti sy tolak ranah pribadi kok,negatif,negatif,0.8057,negatif,kalau,-0.054928
f6f0aa2933eac9b63f93e687da502e3a,threads,kalau sy pasti sy tolak ranah pribadi kok,negatif,negatif,0.8057,negatif,ranah,0.051067
f6f0aa2933eac9b63f93e687da502e3a,threads,kalau sy pasti sy tolak ranah pribadi kok,negatif,negatif,0.8057,negatif,sy,-0.018904
f6f0aa2933eac9b63f93e687da502e3a,threads,kalau sy pasti sy tolak ranah pribadi kok,negatif,negatif,0.8057,negatif,pribadi,0.016208
f6f0aa2933eac9b63f93e687da502e3a,threads,kalau sy pasti sy tolak ranah pribadi kok,negatif,negatif,0.8057,negatif,pasti,0.015703
f6f0aa2933eac9b63f93e687da502e3a,threads,kalau sy pasti sy tolak ranah pribadi kok,negatif,negatif,0.8057,netral,tolak,-0.378862
f6f0aa2933eac9b63f93e687da502e3a,threads,kalau sy pasti sy tolak ranah pribadi kok,negatif,negatif,0.8057,netral,kok,-0.175622
f6f0aa2933eac9b63f93e687da502e3a,threads,kalau sy pasti sy tolak ranah pribadi kok,negatif,negatif,0.8057,netral,kalau,0.074889
f6f0aa2933eac9b63f93e687da502e3a,threads,kalau sy pasti sy tolak ranah pribadi kok,negatif,negatif,0.8057,netral,pasti,-0.037433
f6f0aa2933eac9b63f93e687da502e3a,threads,kalau sy pasti sy tolak ranah pribadi kok,negatif,negatif,0.8057,netral,pribadi,-0.028899
f6f0aa2933eac9b63f93e687da502e3a,threads,kalau sy pasti sy tolak ranah pribadi kok,negatif,negatif,0.8057,netral,ranah,-0.027557
f6f0aa2933eac9b63f93e687da502e3a,threads,kalau sy pasti sy tolak ranah pribadi kok,negatif,negatif,0.8057,netral,sy,0.003559
f6f0aa2933eac9b63f93e687da502e3a,threads,kalau sy pasti sy tolak ranah pribadi kok,negatif,negatif,0.8057,positif,ranah,-0.02351
f6f0aa2933eac9b63f93e687da502e3a,threads,kalau sy pasti sy tolak ranah pribadi kok,negatif,negatif,0.8057,positif,tolak,-0.022967
f6f0aa2933eac9b63f93e687da502e3a,threads,kalau sy pasti sy tolak ranah pribadi kok,negatif,negatif,0.8057,positif,pasti,0.02173
f6f0aa2933eac9b63f93e687da502e3a,threads,kalau sy pasti sy tolak ranah pribadi kok,negatif,negatif,0.8057,positif,kalau,-0.01996
f6f0aa2933eac9b63f93e687da502e3a,threads,kalau sy pasti sy tolak ranah pribadi kok,negatif,negatif,0.8057,positif,sy,0.015344
f6f0aa2933eac9b63f93e687da502e3a,threads,kalau sy pasti sy tolak ranah pribadi kok,negatif,negatif,0.8057,positif,kok,0.014159
f6f0aa2933eac9b63f93e687da502e3a,threads,kalau sy pasti sy tolak ranah pribadi kok,negatif,negatif,0.8057,positif,pribadi,0.01269
2c650464bb88e5285ab309255a814c29,youtube,bazzerp juga wajib disensus smiling face with smiling eyes,netral,negatif,0.5369,negatif,disensus,0.291696
2c650464bb88e5285ab309255a814c29,youtube,bazzerp juga wajib disensus smiling face with smiling eyes,netral,negatif,0.5369,negatif,wajib,0.144326
2c650464bb88e5285ab309255a814c29,youtube,bazzerp juga wajib disensus smiling face with smiling eyes,netral,negatif,0.5369,negatif,eyes,-0.113571
2c650464bb88e5285ab309255a814c29,youtube,bazzerp juga wajib disensus smiling face with smiling eyes,netral,negatif,0.5369,negatif,bazzerp,0.086787
2c650464bb88e5285ab309255a814c29,youtube,bazzerp juga wajib disensus smiling face with smiling eyes,netral,negatif,0.5369,negatif,face,0.082637
2c650464bb88e5285ab309255a814c29,youtube,bazzerp juga wajib disensus smiling face with smiling eyes,netral,negatif,0.5369,negatif,smiling,-0.02315
2c650464bb88e5285ab309255a814c29,youtube,bazzerp juga wajib disensus smiling face with smiling eyes,netral,negatif,0.5369,negatif,with,0.017945
2c650464bb88e5285ab309255a814c29,youtube,bazzerp juga wajib disensus smiling face with smiling eyes,netral,negatif,0.5369,negatif,juga,-0.004321
2c650464bb88e5285ab309255a814c29,youtube,bazzerp juga wajib disensus smiling face with smiling eyes,netral,negatif,0.5369,netral,disensus,-0.196207
2c650464bb88e5285ab309255a814c29,youtube,bazzerp juga wajib disensus smiling face with smiling eyes,netral,negatif,0.5369,netral,wajib,-0.153224
2c650464bb88e5285ab309255a814c29,youtube,bazzerp juga wajib disensus smiling face with smiling eyes,netral,negatif,0.5369,netral,bazzerp,-0.150169
2c650464bb88e5285ab309255a814c29,youtube,bazzerp juga wajib disensus smiling face with smiling eyes,netral,negatif,0.5369,netral,eyes,0.095336
2c650464bb88e5285ab309255a814c29,youtube,bazzerp juga wajib disensus smiling face with smiling eyes,netral,negatif,0.5369,netral,face,-0.075985
2c650464bb88e5285ab309255a814c29,youtube,bazzerp juga wajib disensus smiling face with smiling eyes,netral,negatif,0.5369,netral,juga,0.043579
2c650464bb88e5285ab309255a814c29,youtube,bazzerp juga wajib disensus smiling face with smiling eyes,netral,negatif,0.5369,netral,smiling,-0.042056
2c650464bb88e5285ab309255a814c29,youtube,bazzerp juga wajib disensus smiling face with smiling eyes,netral,negatif,0.5369,netral,with,0.00599
2c650464bb88e5285ab309255a814c29,youtube,bazzerp juga wajib disensus smiling face with smiling eyes,netral,negatif,0.5369,positif,disensus,-0.095489
2c650464bb88e5285ab309255a814c29,youtube,bazzerp juga wajib disensus smiling face with smiling eyes,netral,negatif,0.5369,positif,smiling,0.065205
2c650464bb88e5285ab309255a814c29,youtube,bazzerp juga wajib disensus smiling face with smiling eyes,netral,negatif,0.5369,positif,bazzerp,0.063382
2c650464bb88e5285ab309255a814c29,youtube,bazzerp juga wajib disensus smiling face with smiling eyes,netral,negatif,0.5369,positif,juga,-0.039259
2c650464bb88e5285ab309255a814c29,youtube,bazzerp juga wajib disensus smiling face with smiling eyes,netral,negatif,0.5369,positif,with,-0.023934
2c650464bb88e5285ab309255a814c29,youtube,bazzerp juga wajib disensus smiling face with smiling eyes,netral,negatif,0.5369,positif,eyes,0.018235
2c650464bb88e5285ab309255a814c29,youtube,bazzerp juga wajib disensus smiling face with smiling eyes,netral,negatif,0.5369,positif,wajib,0.008898
2c650464bb88e5285ab309255a814c29,youtube,bazzerp juga wajib disensus smiling face with smiling eyes,netral,negatif,0.5369,positif,face,-0.006652
7d6df9c729dfe29e72977c872d6e55c4,youtube,sensus ekonomi seharusnya mendata dengan jujur jangan membuat data yang hanya menyenangkan pemerintah pusat kalau memang masyarakat di suatu daerah masih banyak yang miskin kurang lapangan kerja banyak pengangguran daya beli lemah ya tampilkan data apa adanya jangan dirubah dirubah datanya dari dulu data sensus tapi tidak ada perubahan sama sekali untuk kesejahteraan rakyat sementara pejabat terus korupsi pungli dan mark up anggaran seharusnya data badan pusat statistik bisa jadi acuan untuk melakukan perubahan arah kebijakan pemerintah kebijakan pemerintah yang merugikan rakyat kecil segera dihentikan membuat banyak lapangan kerja untuk meningkatkan ekonomi rakyat usaha mikro kecil menengah yang mau bangkrut tolong disupport pemerintah dengan dipermudah regulasinya untuk pinjaman kur jangan dipersulit batasi kuota impor produk cina beri kemudahan untuk usaha mikro kecil menengah lakukan ekspor jgn dipersulit regulasinya itu yang benar,negatif,negatif,0.8494,negatif,rakyat,0.025945
7d6df9c729dfe29e72977c872d6e55c4,youtube,sensus ekonomi seharusnya mendata dengan jujur jangan membuat data yang hanya menyenangkan pemerintah pusat kalau memang masyarakat di suatu daerah masih banyak yang miskin kurang lapangan kerja banyak pengangguran daya beli lemah ya tampilkan data apa adanya jangan dirubah dirubah datanya dari dulu data sensus tapi tidak ada perubahan sama sekali untuk kesejahteraan rakyat sementara pejabat terus korupsi pungli dan mark up anggaran seharusnya data badan pusat statistik bisa jadi acuan untuk melakukan perubahan arah kebijakan pemerintah kebijakan pemerintah yang merugikan rakyat kecil segera dihentikan membuat banyak lapangan kerja untuk meningkatkan ekonomi rakyat usaha mikro kecil menengah yang mau bangkrut tolong disupport pemerintah dengan dipermudah regulasinya untuk pinjaman kur jangan dipersulit batasi kuota impor produk cina beri kemudahan untuk usaha mikro kecil menengah lakukan ekspor jgn dipersulit regulasinya itu yang benar,negatif,negatif,0.8494,negatif,bangkrut,0.013612
7d6df9c729dfe29e72977c872d6e55c4,youtube,sensus ekonomi seharusnya mendata dengan jujur jangan membuat data yang hanya menyenangkan pemerintah pusat kalau memang masyarakat di suatu daerah masih banyak yang miskin kurang lapangan kerja banyak pengangguran daya beli lemah ya tampilkan data apa adanya jangan dirubah dirubah datanya dari dulu data sensus tapi tidak ada perubahan sama sekali untuk kesejahteraan rakyat sementara pejabat terus korupsi pungli dan mark up anggaran seharusnya data badan pusat statistik bisa jadi acuan untuk melakukan perubahan arah kebijakan pemerintah kebijakan pemerintah yang merugikan rakyat kecil segera dihentikan membuat banyak lapangan kerja untuk meningkatkan ekonomi rakyat usaha mikro kecil menengah yang mau bangkrut tolong disupport pemerintah dengan dipermudah regulasinya untuk pinjaman kur jangan dipersulit batasi kuota impor produk cina beri kemudahan untuk usaha mikro kecil menengah lakukan ekspor jgn dipersulit regulasinya itu yang benar,negatif,negatif,0.8494,negatif,pejabat,0.013036
7d6df9c729dfe29e72977c872d6e55c4,youtube,sensus ekonomi seharusnya mendata dengan jujur jangan membuat data yang hanya menyenangkan pemerintah pusat kalau memang masyarakat di suatu daerah masih banyak yang miskin kurang lapangan kerja banyak pengangguran daya beli lemah ya tampilkan data apa adanya jangan dirubah dirubah datanya dari dulu data sensus tapi tidak ada perubahan sama sekali untuk kesejahteraan rakyat sementara pejabat terus korupsi pungli dan mark up anggaran seharusnya data badan pusat statistik bisa jadi acuan untuk melakukan perubahan arah kebijakan pemerintah kebijakan pemerintah yang merugikan rakyat kecil segera dihentikan membuat banyak lapangan kerja untuk meningkatkan ekonomi rakyat usaha mikro kecil menengah yang mau bangkrut tolong disupport pemerintah dengan dipermudah regulasinya untuk pinjaman kur jangan dipersulit batasi kuota impor produk cina beri kemudahan untuk usaha mikro kecil menengah lakukan ekspor jgn dipersulit regulasinya itu yang benar,negatif,negatif,0.8494,negatif,kalau,-0.010041
7d6df9c729dfe29e72977c872d6e55c4,youtube,sensus ekonomi seharusnya mendata dengan jujur jangan membuat data yang hanya menyenangkan pemerintah pusat kalau memang masyarakat di suatu daerah masih banyak yang miskin kurang lapangan kerja banyak pengangguran daya beli lemah ya tampilkan data apa adanya jangan dirubah dirubah datanya dari dulu data sensus tapi tidak ada perubahan sama sekali untuk kesejahteraan rakyat sementara pejabat terus korupsi pungli dan mark up anggaran seharusnya data badan pusat statistik bisa jadi acuan untuk melakukan perubahan arah kebijakan pemerintah kebijakan pemerintah yang merugikan rakyat kecil segera dihentikan membuat banyak lapangan kerja untuk meningkatkan ekonomi rakyat usaha mikro kecil menengah yang mau bangkrut tolong disupport pemerintah dengan dipermudah regulasinya untuk pinjaman kur jangan dipersulit batasi kuota impor produk cina beri kemudahan untuk usaha mikro kecil menengah lakukan ekspor jgn dipersulit regulasinya itu yang benar,negatif,negatif,0.8494,negatif,dihentikan,0.008961
7d6df9c729dfe29e72977c872d6e55c4,youtube,sensus ekonomi seharusnya mendata dengan jujur jangan membuat data yang hanya menyenangkan pemerintah pusat kalau memang masyarakat di suatu daerah masih banyak yang miskin kurang lapangan kerja banyak pengangguran daya beli lemah ya tampilkan data apa adanya jangan dirubah dirubah datanya dari dulu data sensus tapi tidak ada perubahan sama sekali untuk kesejahteraan rakyat sementara pejabat terus korupsi pungli dan mark up anggaran seharusnya data badan pusat statistik bisa jadi acuan untuk melakukan perubahan arah kebijakan pemerintah kebijakan pemerintah yang merugikan rakyat kecil segera dihentikan membuat banyak lapangan kerja untuk meningkatkan ekonomi rakyat usaha mikro kecil menengah yang mau bangkrut tolong disupport pemerintah dengan dipermudah regulasinya untuk pinjaman kur jangan dipersulit batasi kuota impor produk cina beri kemudahan untuk usaha mikro kecil menengah lakukan ekspor jgn dipersulit regulasinya itu yang benar,negatif,negatif,0.8494,negatif,pinjaman,0.008215
7d6df9c729dfe29e72977c872d6e55c4,youtube,sensus ekonomi seharusnya mendata dengan jujur jangan membuat data yang hanya menyenangkan pemerintah pusat kalau memang masyarakat di suatu daerah masih banyak yang miskin kurang lapangan kerja banyak pengangguran daya beli lemah ya tampilkan data apa adanya jangan dirubah dirubah datanya dari dulu data sensus tapi tidak ada perubahan sama sekali untuk kesejahteraan rakyat sementara pejabat terus korupsi pungli dan mark up anggaran seharusnya data badan pusat statistik bisa jadi acuan untuk melakukan perubahan arah kebijakan pemerintah kebijakan pemerintah yang merugikan rakyat kecil segera dihentikan membuat banyak lapangan kerja untuk meningkatkan ekonomi rakyat usaha mikro kecil menengah yang mau bangkrut tolong disupport pemerintah dengan dipermudah regulasinya untuk pinjaman kur jangan dipersulit batasi kuota impor produk cina beri kemudahan untuk usaha mikro kecil menengah lakukan ekspor jgn dipersulit regulasinya itu yang benar,negatif,negatif,0.8494,negatif,untuk,-0.007771
7d6df9c729dfe29e72977c872d6e55c4,youtube,sensus ekonomi seharusnya mendata dengan jujur jangan membuat data yang hanya menyenangkan pemerintah pusat kalau memang masyarakat di suatu daerah masih banyak yang miskin kurang lapangan kerja banyak pengangguran daya beli lemah ya tampilkan data apa adanya jangan dirubah dirubah datanya dari dulu data sensus tapi tidak ada perubahan sama sekali untuk kesejahteraan rakyat sementara pejabat terus korupsi pungli dan mark up anggaran seharusnya data badan pusat statistik bisa jadi acuan untuk melakukan perubahan arah kebijakan pemerintah kebijakan pemerintah yang merugikan rakyat kecil segera dihentikan membuat banyak lapangan kerja untuk meningkatkan ekonomi rakyat usaha mikro kecil menengah yang mau bangkrut tolong disupport pemerintah dengan dipermudah regulasinya untuk pinjaman kur jangan dipersulit batasi kuota impor produk cina beri kemudahan untuk usaha mikro kecil menengah lakukan ekspor jgn dipersulit regulasinya itu yang benar,negatif,negatif,0.8494,negatif,jangan,-0.007345
7d6df9c729dfe29e72977c872d6e55c4,youtube,sensus ekonomi seharusnya mendata dengan jujur jangan membuat data yang hanya menyenangkan pemerintah pusat kalau memang masyarakat di suatu daerah masih banyak yang miskin kurang lapangan kerja banyak pengangguran daya beli lemah ya tampilkan data apa adanya jangan dirubah dirubah datanya dari dulu data sensus tapi tidak ada perubahan sama sekali untuk kesejahteraan rakyat sementara pejabat terus korupsi pungli dan mark up anggaran seharusnya data badan pusat statistik bisa jadi acuan untuk melakukan perubahan arah kebijakan pemerintah kebijakan pemerintah yang merugikan rakyat kecil segera dihentikan membuat banyak lapangan kerja untuk meningkatkan ekonomi rakyat usaha mikro kecil menengah yang mau bangkrut tolong disupport pemerintah dengan dipermudah regulasinya untuk pinjaman kur jangan dipersulit batasi kuota impor produk cina beri kemudahan untuk usaha mikro kecil menengah lakukan ekspor jgn dipersulit regulasinya itu yang benar,negatif,negatif,0.8494,negatif,badan,0.005771
7d6df9c729dfe29e72977c872d6e55c4,youtube,sensus ekonomi seharusnya mendata dengan jujur jangan membuat data yang hanya menyenangkan pemerintah pusat kalau memang masyarakat di suatu daerah masih banyak yang miskin kurang lapangan kerja banyak pengangguran daya beli lemah ya tampilkan data apa adanya jangan dirubah dirubah datanya dari dulu data sensus tapi tidak ada perubahan sama sekali untuk kesejahteraan rakyat sementara pejabat terus korupsi pungli dan mark up anggaran seharusnya data badan pusat statistik bisa jadi acuan untuk melakukan perubahan arah kebijakan pemerintah kebijakan pemerintah yang merugikan rakyat kecil segera dihentikan membuat banyak lapangan kerja untuk meningkatkan ekonomi rakyat usaha mikro kecil menengah yang mau bangkrut tolong disupport pemerintah dengan dipermudah regulasinya untuk pinjaman kur jangan dipersulit batasi kuota impor produk cina beri kemudahan untuk usaha mikro kecil menengah lakukan ekspor jgn dipersulit regulasinya itu yang benar,negatif,negatif,0.8494,negatif,acuan,-0.005032
7d6df9c729dfe29e72977c872d6e55c4,youtube,sensus ekonomi seharusnya mendata dengan jujur jangan membuat data yang hanya menyenangkan pemerintah pusat kalau memang masyarakat di suatu daerah masih banyak yang miskin kurang lapangan kerja banyak pengangguran daya beli lemah ya tampilkan data apa adanya jangan dirubah dirubah datanya dari dulu data sensus tapi tidak ada perubahan sama sekali untuk kesejahteraan rakyat sementara pejabat terus korupsi pungli dan mark up anggaran seharusnya data badan pusat statistik bisa jadi acuan untuk melakukan perubahan arah kebijakan pemerintah kebijakan pemerintah yang merugikan rakyat kecil segera dihentikan membuat banyak lapangan kerja untuk meningkatkan ekonomi rakyat usaha mikro kecil menengah yang mau bangkrut tolong disupport pemerintah dengan dipermudah regulasinya untuk pinjaman kur jangan dipersulit batasi kuota impor produk cina beri kemudahan untuk usaha mikro kecil menengah lakukan ekspor jgn dipersulit regulasinya itu yang benar,negatif,negatif,0.8494,negatif,sensus,-0.004854
7d6df9c729dfe29e72977c872d6e55c4,youtube,sensus ekonomi seharusnya mendata dengan jujur jangan membuat data yang hanya menyenangkan pemerintah pusat kalau memang masyarakat di suatu daerah masih banyak yang miskin kurang lapangan kerja banyak pengangguran daya beli lemah ya tampilkan data apa adanya jangan dirubah dirubah datanya dari dulu data sensus tapi tidak ada perubahan sama sekali untuk kesejahteraan rakyat sementara pejabat terus korupsi pungli dan mark up anggaran seharusnya data badan pusat statistik bisa jadi acuan untuk melakukan perubahan arah kebijakan pemerintah kebijakan pemerintah yang merugikan rakyat kecil segera dihentikan membuat banyak lapangan kerja untuk meningkatkan ekonomi rakyat usaha mikro kecil menengah yang mau bangkrut tolong disupport pemerintah dengan dipermudah regulasinya untuk pinjaman kur jangan dipersulit batasi kuota impor produk cina beri kemudahan untuk usaha mikro kecil menengah lakukan ekspor jgn dipersulit regulasinya itu yang benar,negatif,negatif,0.8494,negatif,kur,-0.002555
7d6df9c729dfe29e72977c872d6e55c4,youtube,sensus ekonomi seharusnya mendata dengan jujur jangan membuat data yang hanya menyenangkan pemerintah pusat kalau memang masyarakat di suatu daerah masih banyak yang miskin kurang lapangan kerja banyak pengangguran daya beli lemah ya tampilkan data apa adanya jangan dirubah dirubah datanya dari dulu data sensus tapi tidak ada perubahan sama sekali untuk kesejahteraan rakyat sementara pejabat terus korupsi pungli dan mark up anggaran seharusnya data badan pusat statistik bisa jadi acuan untuk melakukan perubahan arah kebijakan pemerintah kebijakan pemerintah yang merugikan rakyat kecil segera dihentikan membuat banyak lapangan kerja untuk meningkatkan ekonomi rakyat usaha mikro kecil menengah yang mau bangkrut tolong disupport pemerintah dengan dipermudah regulasinya untuk pinjaman kur jangan dipersulit batasi kuota impor produk cina beri kemudahan untuk usaha mikro kecil menengah lakukan ekspor jgn dipersulit regulasinya itu yang benar,negatif,negatif,0.8494,netral,rakyat,-0.011792
7d6df9c729dfe29e72977c872d6e55c4,youtube,sensus ekonomi seharusnya mendata dengan jujur jangan membuat data yang hanya menyenangkan pemerintah pusat kalau memang masyarakat di suatu daerah masih banyak yang miskin kurang lapangan kerja banyak pengangguran daya beli lemah ya tampilkan data apa adanya jangan dirubah dirubah datanya dari dulu data sensus tapi tidak ada perubahan sama sekali untuk kesejahteraan rakyat sementara pejabat terus korupsi pungli dan mark up anggaran seharusnya data badan pusat statistik bisa jadi acuan untuk melakukan perubahan arah kebijakan pemerintah kebijakan pemerintah yang merugikan rakyat kecil segera dihentikan membuat banyak lapangan kerja untuk meningkatkan ekonomi rakyat usaha mikro kecil menengah yang mau bangkrut tolong disupport pemerintah dengan dipermudah regulasinya untuk pinjaman kur jangan dipersulit batasi kuota impor produk cina beri kemudahan untuk usaha mikro kecil menengah lakukan ekspor jgn dipersulit regulasinya itu yang benar,negatif,negatif,0.8494,netral,bangkrut,-0.009437
7d6df9c729dfe29e72977c872d6e55c4,youtube,sensus ekonomi seharusnya mendata dengan jujur jangan membuat data yang hanya menyenangkan pemerintah pusat kalau memang masyarakat di suatu daerah masih banyak yang miskin kurang lapangan kerja banyak pengangguran daya beli lemah ya tampilkan data apa adanya jangan dirubah dirubah datanya dari dulu data sensus tapi tidak ada perubahan sama sekali untuk kesejahteraan rakyat sementara pejabat terus korupsi pungli dan mark up anggaran seharusnya data badan pusat statistik bisa jadi acuan untuk melakukan perubahan arah kebijakan pemerintah kebijakan pemerintah yang merugikan rakyat kecil segera dihentikan membuat banyak lapangan kerja untuk meningkatkan ekonomi rakyat usaha mikro kecil menengah yang mau bangkrut tolong disupport pemerintah dengan dipermudah regulasinya untuk pinjaman kur jangan dipersulit batasi kuota impor produk cina beri kemudahan untuk usaha mikro kecil menengah lakukan ekspor jgn dipersulit regulasinya itu yang benar,negatif,negatif,0.8494,netral,menyenangkan,-0.006269
7d6df9c729dfe29e72977c872d6e55c4,youtube,sensus ekonomi seharusnya mendata dengan jujur jangan membuat data yang hanya menyenangkan pemerintah pusat kalau memang masyarakat di suatu daerah masih banyak yang miskin kurang lapangan kerja banyak pengangguran daya beli lemah ya tampilkan data apa adanya jangan dirubah dirubah datanya dari dulu data sensus tapi tidak ada perubahan sama sekali untuk kesejahteraan rakyat sementara pejabat terus korupsi pungli dan mark up anggaran seharusnya data badan pusat statistik bisa jadi acuan untuk melakukan perubahan arah kebijakan pemerintah kebijakan pemerintah yang merugikan rakyat kecil segera dihentikan membuat banyak lapangan kerja untuk meningkatkan ekonomi rakyat usaha mikro kecil menengah yang mau bangkrut tolong disupport pemerintah dengan dipermudah regulasinya untuk pinjaman kur jangan dipersulit batasi kuota impor produk cina beri kemudahan untuk usaha mikro kecil menengah lakukan ekspor jgn dipersulit regulasinya itu yang benar,negatif,negatif,0.8494,netral,pejabat,-0.006222
7d6df9c729dfe29e72977c872d6e55c4,youtube,sensus ekonomi seharusnya mendata dengan jujur jangan membuat data yang hanya menyenangkan pemerintah pusat kalau memang masyarakat di suatu daerah masih banyak yang miskin kurang lapangan kerja banyak pengangguran daya beli lemah ya tampilkan data apa adanya jangan dirubah dirubah datanya dari dulu data sensus tapi tidak ada perubahan sama sekali untuk kesejahteraan rakyat sementara pejabat terus korupsi pungli dan mark up anggaran seharusnya data badan pusat statistik bisa jadi acuan untuk melakukan perubahan arah kebijakan pemerintah kebijakan pemerintah yang merugikan rakyat kecil segera dihentikan membuat banyak lapangan kerja untuk meningkatkan ekonomi rakyat usaha mikro kecil menengah yang mau bangkrut tolong disupport pemerintah dengan dipermudah regulasinya untuk pinjaman kur jangan dipersulit batasi kuota impor produk cina beri kemudahan untuk usaha mikro kecil menengah lakukan ekspor jgn dipersulit regulasinya itu yang benar,negatif,negatif,0.8494,netral,kalau,0.005812
7d6df9c729dfe29e72977c872d6e55c4,youtube,sensus ekonomi seharusnya mendata dengan jujur jangan membuat data yang hanya menyenangkan pemerintah pusat kalau memang masyarakat di suatu daerah masih banyak yang miskin kurang lapangan kerja banyak pengangguran daya beli lemah ya tampilkan data apa adanya jangan dirubah dirubah datanya dari dulu data sensus tapi tidak ada perubahan sama sekali untuk kesejahteraan rakyat sementara pejabat terus korupsi pungli dan mark up anggaran seharusnya data badan pusat statistik bisa jadi acuan untuk melakukan perubahan arah kebijakan pemerintah kebijakan pemerintah yang merugikan rakyat kecil segera dihentikan membuat banyak lapangan kerja untuk meningkatkan ekonomi rakyat usaha mikro kecil menengah yang mau bangkrut tolong disupport pemerintah dengan dipermudah regulasinya untuk pinjaman kur jangan dipersulit batasi kuota impor produk cina beri kemudahan untuk usaha mikro kecil menengah lakukan ekspor jgn dipersulit regulasinya itu yang benar,negatif,negatif,0.8494,netral,pinjaman,-0.005702
7d6df9c729dfe29e72977c872d6e55c4,youtube,sensus ekonomi seharusnya mendata dengan jujur jangan membuat data yang hanya menyenangkan pemerintah pusat kalau memang masyarakat di suatu daerah masih banyak yang miskin kurang lapangan kerja banyak pengangguran daya beli lemah ya tampilkan data apa adanya jangan dirubah dirubah datanya dari dulu data sensus tapi tidak ada perubahan sama sekali untuk kesejahteraan rakyat sementara pejabat terus korupsi pungli dan mark up anggaran seharusnya data badan pusat statistik bisa jadi acuan untuk melakukan perubahan arah kebijakan pemerintah kebijakan pemerintah yang merugikan rakyat kecil segera dihentikan membuat banyak lapangan kerja untuk meningkatkan ekonomi rakyat usaha mikro kecil menengah yang mau bangkrut tolong disupport pemerintah dengan dipermudah regulasinya untuk pinjaman kur jangan dipersulit batasi kuota impor produk cina beri kemudahan untuk usaha mikro kecil menengah lakukan ekspor jgn dipersulit regulasinya itu yang benar,negatif,negatif,0.8494,netral,untuk,0.005582
7d6df9c729dfe29e72977c872d6e55c4,youtube,sensus ekonomi seharusnya mendata dengan jujur jangan membuat data yang hanya menyenangkan pemerintah pusat kalau memang masyarakat di suatu daerah masih banyak yang miskin kurang lapangan kerja banyak pengangguran daya beli lemah ya tampilkan data apa adanya jangan dirubah dirubah datanya dari dulu data sensus tapi tidak ada perubahan sama sekali untuk kesejahteraan rakyat sementara pejabat terus korupsi pungli dan mark up anggaran seharusnya data badan pusat statistik bisa jadi acuan untuk melakukan perubahan arah kebijakan pemerintah kebijakan pemerintah yang merugikan rakyat kecil segera dihentikan membuat banyak lapangan kerja untuk meningkatkan ekonomi rakyat usaha mikro kecil menengah yang mau bangkrut tolong disupport pemerintah dengan dipermudah regulasinya untuk pinjaman kur jangan dipersulit batasi kuota impor produk cina beri kemudahan untuk usaha mikro kecil menengah lakukan ekspor jgn dipersulit regulasinya itu yang benar,negatif,negatif,0.8494,netral,tolong,0.004931
7d6df9c729dfe29e72977c872d6e55c4,youtube,sensus ekonomi seharusnya mendata dengan jujur jangan membuat data yang hanya menyenangkan pemerintah pusat kalau memang masyarakat di suatu daerah masih banyak yang miskin kurang lapangan kerja banyak pengangguran daya beli lemah ya tampilkan data apa adanya jangan dirubah dirubah datanya dari dulu data sensus tapi tidak ada perubahan sama sekali untuk kesejahteraan rakyat sementara pejabat terus korupsi pungli dan mark up anggaran seharusnya data badan pusat statistik bisa jadi acuan untuk melakukan perubahan arah kebijakan pemerintah kebijakan pemerintah yang merugikan rakyat kecil segera dihentikan membuat banyak lapangan kerja untuk meningkatkan ekonomi rakyat usaha mikro kecil menengah yang mau bangkrut tolong disupport pemerintah dengan dipermudah regulasinya untuk pinjaman kur jangan dipersulit batasi kuota impor produk cina beri kemudahan untuk usaha mikro kecil menengah lakukan ekspor jgn dipersulit regulasinya itu yang benar,negatif,negatif,0.8494,netral,ada,-0.003936
7d6df9c729dfe29e72977c872d6e55c4,youtube,sensus ekonomi seharusnya mendata dengan jujur jangan membuat data yang hanya menyenangkan pemerintah pusat kalau memang masyarakat di suatu daerah masih banyak yang miskin kurang lapangan kerja banyak pengangguran daya beli lemah ya tampilkan data apa adanya jangan dirubah dirubah datanya dari dulu data sensus tapi tidak ada perubahan sama sekali untuk kesejahteraan rakyat sementara pejabat terus korupsi pungli dan mark up anggaran seharusnya data badan pusat statistik bisa jadi acuan untuk melakukan perubahan arah kebijakan pemerintah kebijakan pemerintah yang merugikan rakyat kecil segera dihentikan membuat banyak lapangan kerja untuk meningkatkan ekonomi rakyat usaha mikro kecil menengah yang mau bangkrut tolong disupport pemerintah dengan dipermudah regulasinya untuk pinjaman kur jangan dipersulit batasi kuota impor produk cina beri kemudahan untuk usaha mikro kecil menengah lakukan ekspor jgn dipersulit regulasinya itu yang benar,negatif,negatif,0.8494,netral,kemudahan,-0.003103
7d6df9c729dfe29e72977c872d6e55c4,youtube,sensus ekonomi seharusnya mendata dengan jujur jangan membuat data yang hanya menyenangkan pemerintah pusat kalau memang masyarakat di suatu daerah masih banyak yang miskin kurang lapangan kerja banyak pengangguran daya beli lemah ya tampilkan data apa adanya jangan dirubah dirubah datanya dari dulu data sensus tapi tidak ada perubahan sama sekali untuk kesejahteraan rakyat sementara pejabat terus korupsi pungli dan mark up anggaran seharusnya data badan pusat statistik bisa jadi acuan untuk melakukan perubahan arah kebijakan pemerintah kebijakan pemerintah yang merugikan rakyat kecil segera dihentikan membuat banyak lapangan kerja untuk meningkatkan ekonomi rakyat usaha mikro kecil menengah yang mau bangkrut tolong disupport pemerintah dengan dipermudah regulasinya untuk pinjaman kur jangan dipersulit batasi kuota impor produk cina beri kemudahan untuk usaha mikro kecil menengah lakukan ekspor jgn dipersulit regulasinya itu yang benar,negatif,negatif,0.8494,netral,terus,0.002764
7d6df9c729dfe29e72977c872d6e55c4,youtube,sensus ekonomi seharusnya mendata dengan jujur jangan membuat data yang hanya menyenangkan pemerintah pusat kalau memang masyarakat di suatu daerah masih banyak yang miskin kurang lapangan kerja banyak pengangguran daya beli lemah ya tampilkan data apa adanya jangan dirubah dirubah datanya dari dulu data sensus tapi tidak ada perubahan sama sekali untuk kesejahteraan rakyat sementara pejabat terus korupsi pungli dan mark up anggaran seharusnya data badan pusat statistik bisa jadi acuan untuk melakukan perubahan arah kebijakan pemerintah kebijakan pemerintah yang merugikan rakyat kecil segera dihentikan membuat banyak lapangan kerja untuk meningkatkan ekonomi rakyat usaha mikro kecil menengah yang mau bangkrut tolong disupport pemerintah dengan dipermudah regulasinya untuk pinjaman kur jangan dipersulit batasi kuota impor produk cina beri kemudahan untuk usaha mikro kecil menengah lakukan ekspor jgn dipersulit regulasinya itu yang benar,negatif,negatif,0.8494,netral,miskin,-0.000715
7d6df9c729dfe29e72977c872d6e55c4,youtube,sensus ekonomi seharusnya mendata dengan jujur jangan membuat data yang hanya menyenangkan pemerintah pusat kalau memang masyarakat di suatu daerah masih banyak yang miskin kurang lapangan kerja banyak pengangguran daya beli lemah ya tampilkan data apa adanya jangan dirubah dirubah datanya dari dulu data sensus tapi tidak ada perubahan sama sekali untuk kesejahteraan rakyat sementara pejabat terus korupsi pungli dan mark up anggaran seharusnya data badan pusat statistik bisa jadi acuan untuk melakukan perubahan arah kebijakan pemerintah kebijakan pemerintah yang merugikan rakyat kecil segera dihentikan membuat banyak lapangan kerja untuk meningkatkan ekonomi rakyat usaha mikro kecil menengah yang mau bangkrut tolong disupport pemerintah dengan dipermudah regulasinya untuk pinjaman kur jangan dipersulit batasi kuota impor produk cina beri kemudahan untuk usaha mikro kecil menengah lakukan ekspor jgn dipersulit regulasinya itu yang benar,negatif,negatif,0.8494,positif,rakyat,-0.009956
7d6df9c729dfe29e72977c872d6e55c4,youtube,sensus ekonomi seharusnya mendata dengan jujur jangan membuat data yang hanya menyenangkan pemerintah pusat kalau memang masyarakat di suatu daerah masih banyak yang miskin kurang lapangan kerja banyak pengangguran daya beli lemah ya tampilkan data apa adanya jangan dirubah dirubah datanya dari dulu data sensus tapi tidak ada perubahan sama sekali untuk kesejahteraan rakyat sementara pejabat terus korupsi pungli dan mark up anggaran seharusnya data badan pusat statistik bisa jadi acuan untuk melakukan perubahan arah kebijakan pemerintah kebijakan pemerintah yang merugikan rakyat kecil segera dihentikan membuat banyak lapangan kerja untuk meningkatkan ekonomi rakyat usaha mikro kecil menengah yang mau bangkrut tolong disupport pemerintah dengan dipermudah regulasinya untuk pinjaman kur jangan dipersulit batasi kuota impor produk cina beri kemudahan untuk usaha mikro kecil menengah lakukan ekspor jgn dipersulit regulasinya itu yang benar,negatif,negatif,0.8494,positif,jadi,0.008945
7d6df9c729dfe29e72977c872d6e55c4,youtube,sensus ekonomi seharusnya mendata dengan jujur jangan membuat data yang hanya menyenangkan pemerintah pusat kalau memang masyarakat di suatu daerah masih banyak yang miskin kurang lapangan kerja banyak pengangguran daya beli lemah ya tampilkan data apa adanya jangan dirubah dirubah datanya dari dulu data sensus tapi tidak ada perubahan sama sekali untuk kesejahteraan rakyat sementara pejabat terus korupsi pungli dan mark up anggaran seharusnya data badan pusat statistik bisa jadi acuan untuk melakukan perubahan arah kebijakan pemerintah kebijakan pemerintah yang merugikan rakyat kecil segera dihentikan membuat banyak lapangan kerja untuk meningkatkan ekonomi rakyat usaha mikro kecil menengah yang mau bangkrut tolong disupport pemerintah dengan dipermudah regulasinya untuk pinjaman kur jangan dipersulit batasi kuota impor produk cina beri kemudahan untuk usaha mikro kecil menengah lakukan ekspor jgn dipersulit regulasinya itu yang benar,negatif,negatif,0.8494,positif,pungli,-0.007976
7d6df9c729dfe29e72977c872d6e55c4,youtube,sensus ekonomi seharusnya mendata dengan jujur jangan membuat data yang hanya menyenangkan pemerintah pusat kalau memang masyarakat di suatu daerah masih banyak yang miskin kurang lapangan kerja banyak pengangguran daya beli lemah ya tampilkan data apa adanya jangan dirubah dirubah datanya dari dulu data sensus tapi tidak ada perubahan sama sekali untuk kesejahteraan rakyat sementara pejabat terus korupsi pungli dan mark up anggaran seharusnya data badan pusat statistik bisa jadi acuan untuk melakukan perubahan arah kebijakan pemerintah kebijakan pemerintah yang merugikan rakyat kecil segera dihentikan membuat banyak lapangan kerja untuk meningkatkan ekonomi rakyat usaha mikro kecil menengah yang mau bangkrut tolong disupport pemerintah dengan dipermudah regulasinya untuk pinjaman kur jangan dipersulit batasi kuota impor produk cina beri kemudahan untuk usaha mikro kecil menengah lakukan ekspor jgn dipersulit regulasinya itu yang benar,negatif,negatif,0.8494,positif,sensus,0.006727
7d6df9c729dfe29e72977c872d6e55c4,youtube,sensus ekonomi seharusnya mendata dengan jujur jangan membuat data yang hanya menyenangkan pemerintah pusat kalau memang masyarakat di suatu daerah masih banyak yang miskin kurang lapangan kerja banyak pengangguran daya beli lemah ya tampilkan data apa adanya jangan dirubah dirubah datanya dari dulu data sensus tapi tidak ada perubahan sama sekali untuk kesejahteraan rakyat sementara pejabat terus korupsi pungli dan mark up anggaran seharusnya data badan pusat statistik bisa jadi acuan untuk melakukan perubahan arah kebijakan pemerintah kebijakan pemerintah yang merugikan rakyat kecil segera dihentikan membuat banyak lapangan kerja untuk meningkatkan ekonomi rakyat usaha mikro kecil menengah yang mau bangkrut tolong disupport pemerintah dengan dipermudah regulasinya untuk pinjaman kur jangan dipersulit batasi kuota impor produk cina beri kemudahan untuk usaha mikro kecil menengah lakukan ekspor jgn dipersulit regulasinya itu yang benar,negatif,negatif,0.8494,positif,dihentikan,-0.006515
7d6df9c729dfe29e72977c872d6e55c4,youtube,sensus ekonomi seharusnya mendata dengan jujur jangan membuat data yang hanya menyenangkan pemerintah pusat kalau memang masyarakat di suatu daerah masih banyak yang miskin kurang lapangan kerja banyak pengangguran daya beli lemah ya tampilkan data apa adanya jangan dirubah dirubah datanya dari dulu data sensus tapi tidak ada perubahan sama sekali untuk kesejahteraan rakyat sementara pejabat terus korupsi pungli dan mark up anggaran seharusnya data badan pusat statistik bisa jadi acuan untuk melakukan perubahan arah kebijakan pemerintah kebijakan pemerintah yang merugikan rakyat kecil segera dihentikan membuat banyak lapangan kerja untuk meningkatkan ekonomi rakyat usaha mikro kecil menengah yang mau bangkrut tolong disupport pemerintah dengan dipermudah regulasinya untuk pinjaman kur jangan dipersulit batasi kuota impor produk cina beri kemudahan untuk usaha mikro kecil menengah lakukan ekspor jgn dipersulit regulasinya itu yang benar,negatif,negatif,0.8494,positif,badan,-0.00504
7d6df9c729dfe29e72977c872d6e55c4,youtube,sensus ekonomi seharusnya mendata dengan jujur jangan membuat data yang hanya menyenangkan pemerintah pusat kalau memang masyarakat di suatu daerah masih banyak yang miskin kurang lapangan kerja banyak pengangguran daya beli lemah ya tampilkan data apa adanya jangan dirubah dirubah datanya dari dulu data sensus tapi tidak ada perubahan sama sekali untuk kesejahteraan rakyat sementara pejabat terus korupsi pungli dan mark up anggaran seharusnya data badan pusat statistik bisa jadi acuan untuk melakukan perubahan arah kebijakan pemerintah kebijakan pemerintah yang merugikan rakyat kecil segera dihentikan membuat banyak lapangan kerja untuk meningkatkan ekonomi rakyat usaha mikro kecil menengah yang mau bangkrut tolong disupport pemerintah dengan dipermudah regulasinya untuk pinjaman kur jangan dipersulit batasi kuota impor produk cina beri kemudahan untuk usaha mikro kecil menengah lakukan ekspor jgn dipersulit regulasinya itu yang benar,negatif,negatif,0.8494,positif,ya,0.004491
7d6df9c729dfe29e72977c872d6e55c4,youtube,sensus ekonomi seharusnya mendata dengan jujur jangan membuat data yang hanya menyenangkan pemerintah pusat kalau memang masyarakat di suatu daerah masih banyak yang miskin kurang lapangan kerja banyak pengangguran daya beli lemah ya tampilkan data apa adanya jangan dirubah dirubah datanya dari dulu data sensus tapi tidak ada perubahan sama sekali untuk kesejahteraan rakyat sementara pejabat terus korupsi pungli dan mark up anggaran seharusnya data badan pusat statistik bisa jadi acuan untuk melakukan perubahan arah kebijakan pemerintah kebijakan pemerintah yang merugikan rakyat kecil segera dihentikan membuat banyak lapangan kerja untuk meningkatkan ekonomi rakyat usaha mikro kecil menengah yang mau bangkrut tolong disupport pemerintah dengan dipermudah regulasinya untuk pinjaman kur jangan dipersulit batasi kuota impor produk cina beri kemudahan untuk usaha mikro kecil menengah lakukan ekspor jgn dipersulit regulasinya itu yang benar,negatif,negatif,0.8494,positif,acuan,0.00444
7d6df9c729dfe29e72977c872d6e55c4,youtube,sensus ekonomi seharusnya mendata dengan jujur jangan membuat data yang hanya menyenangkan pemerintah pusat kalau memang masyarakat di suatu daerah masih banyak yang miskin kurang lapangan kerja banyak pengangguran daya beli lemah ya tampilkan data apa adanya jangan dirubah dirubah datanya dari dulu data sensus tapi tidak ada perubahan sama sekali untuk kesejahteraan rakyat sementara pejabat terus korupsi pungli dan mark up anggaran seharusnya data badan pusat statistik bisa jadi acuan untuk melakukan perubahan arah kebijakan pemerintah kebijakan pemerintah yang merugikan rakyat kecil segera dihentikan membuat banyak lapangan kerja untuk meningkatkan ekonomi rakyat usaha mikro kecil menengah yang mau bangkrut tolong disupport pemerintah dengan dipermudah regulasinya untuk pinjaman kur jangan dipersulit batasi kuota impor produk cina beri kemudahan untuk usaha mikro kecil menengah lakukan ekspor jgn dipersulit regulasinya itu yang benar,negatif,negatif,0.8494,positif,segera,-0.004386
7d6df9c729dfe29e72977c872d6e55c4,youtube,sensus ekonomi seharusnya mendata dengan jujur jangan membuat data yang hanya menyenangkan pemerintah pusat kalau memang masyarakat di suatu daerah masih banyak yang miskin kurang lapangan kerja banyak pengangguran daya beli lemah ya tampilkan data apa adanya jangan dirubah dirubah datanya dari dulu data sensus tapi tidak ada perubahan sama sekali untuk kesejahteraan rakyat sementara pejabat terus korupsi pungli dan mark up anggaran seharusnya data badan pusat statistik bisa jadi acuan untuk melakukan perubahan arah kebijakan pemerintah kebijakan pemerintah yang merugikan rakyat kecil segera dihentikan membuat banyak lapangan kerja untuk meningkatkan ekonomi rakyat usaha mikro kecil menengah yang mau bangkrut tolong disupport pemerintah dengan dipermudah regulasinya untuk pinjaman kur jangan dipersulit batasi kuota impor produk cina beri kemudahan untuk usaha mikro kecil menengah lakukan ekspor jgn dipersulit regulasinya itu yang benar,negatif,negatif,0.8494,positif,banyak,0.002011
7d6df9c729dfe29e72977c872d6e55c4,youtube,sensus ekonomi seharusnya mendata dengan jujur jangan membuat data yang hanya menyenangkan pemerintah pusat kalau memang masyarakat di suatu daerah masih banyak yang miskin kurang lapangan kerja banyak pengangguran daya beli lemah ya tampilkan data apa adanya jangan dirubah dirubah datanya dari dulu data sensus tapi tidak ada perubahan sama sekali untuk kesejahteraan rakyat sementara pejabat terus korupsi pungli dan mark up anggaran seharusnya data badan pusat statistik bisa jadi acuan untuk melakukan perubahan arah kebijakan pemerintah kebijakan pemerintah yang merugikan rakyat kecil segera dihentikan membuat banyak lapangan kerja untuk meningkatkan ekonomi rakyat usaha mikro kecil menengah yang mau bangkrut tolong disupport pemerintah dengan dipermudah regulasinya untuk pinjaman kur jangan dipersulit batasi kuota impor produk cina beri kemudahan untuk usaha mikro kecil menengah lakukan ekspor jgn dipersulit regulasinya itu yang benar,negatif,negatif,0.8494,positif,kur,0.001933
7d6df9c729dfe29e72977c872d6e55c4,youtube,sensus ekonomi seharusnya mendata dengan jujur jangan membuat data yang hanya menyenangkan pemerintah pusat kalau memang masyarakat di suatu daerah masih banyak yang miskin kurang lapangan kerja banyak pengangguran daya beli lemah ya tampilkan data apa adanya jangan dirubah dirubah datanya dari dulu data sensus tapi tidak ada perubahan sama sekali untuk kesejahteraan rakyat sementara pejabat terus korupsi pungli dan mark up anggaran seharusnya data badan pusat statistik bisa jadi acuan untuk melakukan perubahan arah kebijakan pemerintah kebijakan pemerintah yang merugikan rakyat kecil segera dihentikan membuat banyak lapangan kerja untuk meningkatkan ekonomi rakyat usaha mikro kecil menengah yang mau bangkrut tolong disupport pemerintah dengan dipermudah regulasinya untuk pinjaman kur jangan dipersulit batasi kuota impor produk cina beri kemudahan untuk usaha mikro kecil menengah lakukan ekspor jgn dipersulit regulasinya itu yang benar,negatif,negatif,0.8494,positif,hanya,-0.001861
d8b0dcdba75fc62e11ebb18bcc2e055a,playstore,setelah update versi terbaru 2 17 0 tidak bisa dibuka aplikasi ngebug terus setiap dibuka langsung no respon keluar otomatis menghambat pekerjaan,negatif,negatif,0.8807,negatif,menghambat,0.146498
d8b0dcdba75fc62e11ebb18bcc2e055a,playstore,setelah update versi terbaru 2 17 0 tidak bisa dibuka aplikasi ngebug terus setiap dibuka langsung no respon keluar otomatis menghambat pekerjaan,negatif,negatif,0.8807,negatif,keluar,0.078906
d8b0dcdba75fc62e11ebb18bcc2e055a,playstore,setelah update versi terbaru 2 17 0 tidak bisa dibuka aplikasi ngebug terus setiap dibuka langsung no respon keluar otomatis menghambat pekerjaan,negatif,negatif,0.8807,negatif,tidak,0.062393
d8b0dcdba75fc62e11ebb18bcc2e055a,playstore,setelah update versi terbaru 2 17 0 tidak bisa dibuka aplikasi ngebug terus setiap dibuka langsung no respon keluar otomatis menghambat pekerjaan,negatif,negatif,0.8807,negatif,0,0.055722
d8b0dcdba75fc62e11ebb18bcc2e055a,playstore,setelah update versi terbaru 2 17 0 tidak bisa dibuka aplikasi ngebug terus setiap dibuka langsung no respon keluar otomatis menghambat pekerjaan,negatif,negatif,0.8807,negatif,no,-0.052329
d8b0dcdba75fc62e11ebb18bcc2e055a,playstore,setelah update versi terbaru 2 17 0 tidak bisa dibuka aplikasi ngebug terus setiap dibuka langsung no respon keluar otomatis menghambat pekerjaan,negatif,negatif,0.8807,negatif,update,0.049456
d8b0dcdba75fc62e11ebb18bcc2e055a,playstore,setelah update versi terbaru 2 17 0 tidak bisa dibuka aplikasi ngebug terus setiap dibuka langsung no respon keluar otomatis menghambat pekerjaan,negatif,negatif,0.8807,negatif,ngebug,0.046224
d8b0dcdba75fc62e11ebb18bcc2e055a,playstore,setelah update versi terbaru 2 17 0 tidak bisa dibuka aplikasi ngebug terus setiap dibuka langsung no respon keluar otomatis menghambat pekerjaan,negatif,negatif,0.8807,negatif,bisa,0.040215
d8b0dcdba75fc62e11ebb18bcc2e055a,playstore,setelah update versi terbaru 2 17 0 tidak bisa dibuka aplikasi ngebug terus setiap dibuka langsung no respon keluar otomatis menghambat pekerjaan,negatif,negatif,0.8807,negatif,terus,0.039865
d8b0dcdba75fc62e11ebb18bcc2e055a,playstore,setelah update versi terbaru 2 17 0 tidak bisa dibuka aplikasi ngebug terus setiap dibuka langsung no respon keluar otomatis menghambat pekerjaan,negatif,negatif,0.8807,negatif,respon,0.038846
d8b0dcdba75fc62e11ebb18bcc2e055a,playstore,setelah update versi terbaru 2 17 0 tidak bisa dibuka aplikasi ngebug terus setiap dibuka langsung no respon keluar otomatis menghambat pekerjaan,negatif,negatif,0.8807,negatif,dibuka,0.036486
d8b0dcdba75fc62e11ebb18bcc2e055a,playstore,setelah update versi terbaru 2 17 0 tidak bisa dibuka aplikasi ngebug terus setiap dibuka langsung no respon keluar otomatis menghambat pekerjaan,negatif,negatif,0.8807,negatif,otomatis,0.036307
d8b0dcdba75fc62e11ebb18bcc2e055a,playstore,setelah update versi terbaru 2 17 0 tidak bisa dibuka aplikasi ngebug terus setiap dibuka langsung no respon keluar otomatis menghambat pekerjaan,negatif,negatif,0.8807,netral,menghambat,-0.114192
d8b0dcdba75fc62e11ebb18bcc2e055a,playstore,setelah update versi terbaru 2 17 0 tidak bisa dibuka aplikasi ngebug terus setiap dibuka langsung no respon keluar otomatis menghambat pekerjaan,negatif,negatif,0.8807,netral,bisa,-0.065124
d8b0dcdba75fc62e11ebb18bcc2e055a,playstore,setelah update versi terbaru 2 17 0 tidak bisa dibuka aplikasi ngebug terus setiap dibuka langsung no respon keluar otomatis menghambat pekerjaan,negatif,negatif,0.8807,netral,update,-0.061144
d8b0dcdba75fc62e11ebb18bcc2e055a,playstore,setelah update versi terbaru 2 17 0 tidak bisa dibuka aplikasi ngebug terus setiap dibuka langsung no respon keluar otomatis menghambat pekerjaan,negatif,negatif,0.8807,netral,no,0.060295
d8b0dcdba75fc62e11ebb18bcc2e055a,playstore,setelah update versi terbaru 2 17 0 tidak bisa dibuka aplikasi ngebug terus setiap dibuka langsung no respon keluar otomatis menghambat pekerjaan,negatif,negatif,0.8807,netral,ngebug,-0.056291
d8b0dcdba75fc62e11ebb18bcc2e055a,playstore,setelah update versi terbaru 2 17 0 tidak bisa dibuka aplikasi ngebug terus setiap dibuka langsung no respon keluar otomatis menghambat pekerjaan,negatif,negatif,0.8807,netral,respon,-0.05395
d8b0dcdba75fc62e11ebb18bcc2e055a,playstore,setelah update versi terbaru 2 17 0 tidak bisa dibuka aplikasi ngebug terus setiap dibuka langsung no respon keluar otomatis menghambat pekerjaan,negatif,negatif,0.8807,netral,0,-0.052673
d8b0dcdba75fc62e11ebb18bcc2e055a,playstore,setelah update versi terbaru 2 17 0 tidak bisa dibuka aplikasi ngebug terus setiap dibuka langsung no respon keluar otomatis menghambat pekerjaan,negatif,negatif,0.8807,netral,terus,-0.04656
d8b0dcdba75fc62e11ebb18bcc2e055a,playstore,setelah update versi terbaru 2 17 0 tidak bisa dibuka aplikasi ngebug terus setiap dibuka langsung no respon keluar otomatis menghambat pekerjaan,negatif,negatif,0.8807,netral,keluar,-0.044944
d8b0dcdba75fc62e11ebb18bcc2e055a,playstore,setelah update versi terbaru 2 17 0 tidak bisa dibuka aplikasi ngebug terus setiap dibuka langsung no respon keluar otomatis menghambat pekerjaan,negatif,negatif,0.8807,netral,otomatis,-0.043583
d8b0dcdba75fc62e11ebb18bcc2e055a,playstore,setelah update versi terbaru 2 17 0 tidak bisa dibuka aplikasi ngebug terus setiap dibuka langsung no respon keluar otomatis menghambat pekerjaan,negatif,negatif,0.8807,netral,dibuka,-0.029154
d8b0dcdba75fc62e11ebb18bcc2e055a,playstore,setelah update versi terbaru 2 17 0 tidak bisa dibuka aplikasi ngebug terus setiap dibuka langsung no respon keluar otomatis menghambat pekerjaan,negatif,negatif,0.8807,netral,langsung,0.026258
d8b0dcdba75fc62e11ebb18bcc2e055a,playstore,setelah update versi terbaru 2 17 0 tidak bisa dibuka aplikasi ngebug terus setiap dibuka langsung no respon keluar otomatis menghambat pekerjaan,negatif,negatif,0.8807,positif,tidak,-0.041287
d8b0dcdba75fc62e11ebb18bcc2e055a,playstore,setelah update versi terbaru 2 17 0 tidak bisa dibuka aplikasi ngebug terus setiap dibuka langsung no respon keluar otomatis menghambat pekerjaan,negatif,negatif,0.8807,positif,keluar,-0.035336
d8b0dcdba75fc62e11ebb18bcc2e055a,playstore,setelah update versi terbaru 2 17 0 tidak bisa dibuka aplikasi ngebug terus setiap dibuka langsung no respon keluar otomatis menghambat pekerjaan,negatif,negatif,0.8807,positif,menghambat,-0.032308
d8b0dcdba75fc62e11ebb18bcc2e055a,playstore,setelah update versi terbaru 2 17 0 tidak bisa dibuka aplikasi ngebug terus setiap dibuka langsung no respon keluar otomatis menghambat pekerjaan,negatif,negatif,0.8807,positif,bisa,0.024332
d8b0dcdba75fc62e11ebb18bcc2e055a,playstore,setelah update versi terbaru 2 17 0 tidak bisa dibuka aplikasi ngebug terus setiap dibuka langsung no respon keluar otomatis menghambat pekerjaan,negatif,negatif,0.8807,positif,langsung,-0.018701
d8b0dcdba75fc62e11ebb18bcc2e055a,playstore,setelah update versi terbaru 2 17 0 tidak bisa dibuka aplikasi ngebug terus setiap dibuka langsung no respon keluar otomatis menghambat pekerjaan,negatif,negatif,0.8807,positif,setelah,-0.016558
d8b0dcdba75fc62e11ebb18bcc2e055a,playstore,setelah update versi terbaru 2 17 0 tidak bisa dibuka aplikasi ngebug terus setiap dibuka langsung no respon keluar otomatis menghambat pekerjaan,negatif,negatif,0.8807,positif,no,-0.016177
d8b0dcdba75fc62e11ebb18bcc2e055a,playstore,setelah update versi terbaru 2 17 0 tidak bisa dibuka aplikasi ngebug terus setiap dibuka langsung no respon keluar otomatis menghambat pekerjaan,negatif,negatif,0.8807,positif,pekerjaan,0.014799
d8b0dcdba75fc62e11ebb18bcc2e055a,playstore,setelah update versi terbaru 2 17 0 tidak bisa dibuka aplikasi ngebug terus setiap dibuka langsung no respon keluar otomatis menghambat pekerjaan,negatif,negatif,0.8807,positif,respon,0.014181
d8b0dcdba75fc62e11ebb18bcc2e055a,playstore,setelah update versi terbaru 2 17 0 tidak bisa dibuka aplikasi ngebug terus setiap dibuka langsung no respon keluar otomatis menghambat pekerjaan,negatif,negatif,0.8807,positif,setiap,-0.012488
d8b0dcdba75fc62e11ebb18bcc2e055a,playstore,setelah update versi terbaru 2 17 0 tidak bisa dibuka aplikasi ngebug terus setiap dibuka langsung no respon keluar otomatis menghambat pekerjaan,negatif,negatif,0.8807,positif,ngebug,0.01045
d8b0dcdba75fc62e11ebb18bcc2e055a,playstore,setelah update versi terbaru 2 17 0 tidak bisa dibuka aplikasi ngebug terus setiap dibuka langsung no respon keluar otomatis menghambat pekerjaan,negatif,negatif,0.8807,positif,terus,0.009876
45de601d787438776e02b353f38983a2,youtube,lhah malah sengaja membuat program kali biar ada anggaran,negatif,negatif,0.7542,negatif,malah,0.510159
45de601d787438776e02b353f38983a2,youtube,lhah malah sengaja membuat program kali biar ada anggaran,negatif,negatif,0.7542,negatif,biar,-0.143957
45de601d787438776e02b353f38983a2,youtube,lhah malah sengaja membuat program kali biar ada anggaran,negatif,negatif,0.7542,negatif,program,-0.10996
45de601d787438776e02b353f38983a2,youtube,lhah malah sengaja membuat program kali biar ada anggaran,negatif,negatif,0.7542,negatif,sengaja,0.105381
45de601d787438776e02b353f38983a2,youtube,lhah malah sengaja membuat program kali biar ada anggaran,negatif,negatif,0.7542,negatif,anggaran,0.047921
45de601d787438776e02b353f38983a2,youtube,lhah malah sengaja membuat program kali biar ada anggaran,negatif,negatif,0.7542,negatif,lhah,0.035435
45de601d787438776e02b353f38983a2,youtube,lhah malah sengaja membuat program kali biar ada anggaran,negatif,negatif,0.7542,negatif,membuat,0.014371
45de601d787438776e02b353f38983a2,youtube,lhah malah sengaja membuat program kali biar ada anggaran,negatif,negatif,0.7542,negatif,kali,-0.012942
45de601d787438776e02b353f38983a2,youtube,lhah malah sengaja membuat program kali biar ada anggaran,negatif,negatif,0.7542,negatif,ada,-0.005582
45de601d787438776e02b353f38983a2,youtube,lhah malah sengaja membuat program kali biar ada anggaran,negatif,negatif,0.7542,netral,malah,-0.525249
45de601d787438776e02b353f38983a2,youtube,lhah malah sengaja membuat program kali biar ada anggaran,negatif,negatif,0.7542,netral,biar,0.145826
45de601d787438776e02b353f38983a2,youtube,lhah malah sengaja membuat program kali biar ada anggaran,negatif,negatif,0.7542,netral,program,0.111625
45de601d787438776e02b353f38983a2,youtube,lhah malah sengaja membuat program kali biar ada anggaran,negatif,negatif,0.7542,netral,sengaja,-0.106347
45de601d787438776e02b353f38983a2,youtube,lhah malah sengaja membuat program kali biar ada anggaran,negatif,negatif,0.7542,netral,anggaran,-0.054574
45de601d787438776e02b353f38983a2,youtube,lhah malah sengaja membuat program kali biar ada anggaran,negatif,negatif,0.7542,netral,lhah,-0.03693
45de601d787438776e02b353f38983a2,youtube,lhah malah sengaja membuat program kali biar ada anggaran,negatif,negatif,0.7542,netral,membuat,-0.014782
45de601d787438776e02b353f38983a2,youtube,lhah malah sengaja membuat program kali biar ada anggaran,negatif,negatif,0.7542,netral,kali,0.014245
45de601d787438776e02b353f38983a2,youtube,lhah malah sengaja membuat program kali biar ada anggaran,negatif,negatif,0.7542,netral,ada,0.003299
45de601d787438776e02b353f38983a2,youtube,lhah malah sengaja membuat program kali biar ada anggaran,negatif,negatif,0.7542,positif,malah,0.015089
45de601d787438776e02b353f38983a2,youtube,lhah malah sengaja membuat program kali biar ada anggaran,negatif,negatif,0.7542,positif,anggaran,0.006653
45de601d787438776e02b353f38983a2,youtube,lhah malah sengaja membuat program kali biar ada anggaran,negatif,negatif,0.7542,positif,ada,0.002283
45de601d787438776e02b353f38983a2,youtube,lhah malah sengaja membuat program kali biar ada anggaran,negatif,negatif,0.7542,positif,biar,-0.001869
45de601d787438776e02b353f38983a2,youtube,lhah malah sengaja membuat program kali biar ada anggaran,negatif,negatif,0.7542,positif,program,-0.001665
45de601d787438776e02b353f38983a2,youtube,lhah malah sengaja membuat program kali biar ada anggaran,negatif,negatif,0.7542,positif,lhah,0.001495
45de601d787438776e02b353f38983a2,youtube,lhah malah sengaja membuat program kali biar ada anggaran,negatif,negatif,0.7542,positif,kali,-0.001303
45de601d787438776e02b353f38983a2,youtube,lhah malah sengaja membuat program kali biar ada anggaran,negatif,negatif,0.7542,positif,sengaja,0.000966
45de601d787438776e02b353f38983a2,youtube,lhah malah sengaja membuat program kali biar ada anggaran,negatif,negatif,0.7542,positif,membuat,0.000411
aeb15a711f5f208b9f1a4f4b9aa62678,youtube,sensus ditanya penghasilan mobil seakan harta semua ditanya tapi tidak prmh tanya hutang apa sensus di pakai data badan pusat statistik kpn ada sensus hutang rakyat,negatif,negatif,0.8293,negatif,hutang,0.196238
aeb15a711f5f208b9f1a4f4b9aa62678,youtube,sensus ditanya penghasilan mobil seakan harta semua ditanya tapi tidak prmh tanya hutang apa sensus di pakai data badan pusat statistik kpn ada sensus hutang rakyat,negatif,negatif,0.8293,negatif,rakyat,0.171194
aeb15a711f5f208b9f1a4f4b9aa62678,youtube,sensus ditanya penghasilan mobil seakan harta semua ditanya tapi tidak prmh tanya hutang apa sensus di pakai data badan pusat statistik kpn ada sensus hutang rakyat,negatif,negatif,0.8293,negatif,harta,0.149895
aeb15a711f5f208b9f1a4f4b9aa62678,youtube,sensus ditanya penghasilan mobil seakan harta semua ditanya tapi tidak prmh tanya hutang apa sensus di pakai data badan pusat statistik kpn ada sensus hutang rakyat,negatif,negatif,0.8293,negatif,seakan,0.106491
aeb15a711f5f208b9f1a4f4b9aa62678,youtube,sensus ditanya penghasilan mobil seakan harta semua ditanya tapi tidak prmh tanya hutang apa sensus di pakai data badan pusat statistik kpn ada sensus hutang rakyat,negatif,negatif,0.8293,negatif,tidak,0.099226
aeb15a711f5f208b9f1a4f4b9aa62678,youtube,sensus ditanya penghasilan mobil seakan harta semua ditanya tapi tidak prmh tanya hutang apa sensus di pakai data badan pusat statistik kpn ada sensus hutang rakyat,negatif,negatif,0.8293,negatif,ditanya,-0.085743
aeb15a711f5f208b9f1a4f4b9aa62678,youtube,sensus ditanya penghasilan mobil seakan harta semua ditanya tapi tidak prmh tanya hutang apa sensus di pakai data badan pusat statistik kpn ada sensus hutang rakyat,negatif,negatif,0.8293,negatif,apa,-0.073434
aeb15a711f5f208b9f1a4f4b9aa62678,youtube,sensus ditanya penghasilan mobil seakan harta semua ditanya tapi tidak prmh tanya hutang apa sensus di pakai data badan pusat statistik kpn ada sensus hutang rakyat,negatif,negatif,0.8293,negatif,sensus,0.06545
aeb15a711f5f208b9f1a4f4b9aa62678,youtube,sensus ditanya penghasilan mobil seakan harta semua ditanya tapi tidak prmh tanya hutang apa sensus di pakai data badan pusat statistik kpn ada sensus hutang rakyat,negatif,negatif,0.8293,negatif,pusat,-0.05466
aeb15a711f5f208b9f1a4f4b9aa62678,youtube,sensus ditanya penghasilan mobil seakan harta semua ditanya tapi tidak prmh tanya hutang apa sensus di pakai data badan pusat statistik kpn ada sensus hutang rakyat,negatif,negatif,0.8293,negatif,tapi,-0.051296
aeb15a711f5f208b9f1a4f4b9aa62678,youtube,sensus ditanya penghasilan mobil seakan harta semua ditanya tapi tidak prmh tanya hutang apa sensus di pakai data badan pusat statistik kpn ada sensus hutang rakyat,negatif,negatif,0.8293,negatif,tanya,-0.049883
aeb15a711f5f208b9f1a4f4b9aa62678,youtube,sensus ditanya penghasilan mobil seakan harta semua ditanya tapi tidak prmh tanya hutang apa sensus di pakai data badan pusat statistik kpn ada sensus hutang rakyat,negatif,negatif,0.8293,negatif,kpn,-0.038096
aeb15a711f5f208b9f1a4f4b9aa62678,youtube,sensus ditanya penghasilan mobil seakan harta semua ditanya tapi tidak prmh tanya hutang apa sensus di pakai data badan pusat statistik kpn ada sensus hutang rakyat,negatif,negatif,0.8293,netral,hutang,-0.194722
aeb15a711f5f208b9f1a4f4b9aa62678,youtube,sensus ditanya penghasilan mobil seakan harta semua ditanya tapi tidak prmh tanya hutang apa sensus di pakai data badan pusat statistik kpn ada sensus hutang rakyat,negatif,negatif,0.8293,netral,rakyat,-0.176547
aeb15a711f5f208b9f1a4f4b9aa62678,youtube,sensus ditanya penghasilan mobil seakan harta semua ditanya tapi tidak prmh tanya hutang apa sensus di pakai data badan pusat statistik kpn ada sensus hutang rakyat,negatif,negatif,0.8293,netral,harta,-0.155038
aeb15a711f5f208b9f1a4f4b9aa62678,youtube,sensus ditanya penghasilan mobil seakan harta semua ditanya tapi tidak prmh tanya hutang apa sensus di pakai data badan pusat statistik kpn ada sensus hutang rakyat,negatif,negatif,0.8293,netral,seakan,-0.112413
aeb15a711f5f208b9f1a4f4b9aa62678,youtube,sensus ditanya penghasilan mobil seakan harta semua ditanya tapi tidak prmh tanya hutang apa sensus di pakai data badan pusat statistik kpn ada sensus hutang rakyat,negatif,negatif,0.8293,netral,tidak,-0.108047
aeb15a711f5f208b9f1a4f4b9aa62678,youtube,sensus ditanya penghasilan mobil seakan harta semua ditanya tapi tidak prmh tanya hutang apa sensus di pakai data badan pusat statistik kpn ada sensus hutang rakyat,negatif,negatif,0.8293,netral,ditanya,0.090925
aeb15a711f5f208b9f1a4f4b9aa62678,youtube,sensus ditanya penghasilan mobil seakan harta semua ditanya tapi tidak prmh tanya hutang apa sensus di pakai data badan pusat statistik kpn ada sensus hutang rakyat,negatif,negatif,0.8293,netral,apa,0.077248
aeb15a711f5f208b9f1a4f4b9aa62678,youtube,sensus ditanya penghasilan mobil seakan harta semua ditanya tapi tidak prmh tanya hutang apa sensus di pakai data badan pusat statistik kpn ada sensus hutang rakyat,negatif,negatif,0.8293,netral,sensus,-0.069918
aeb15a711f5f208b9f1a4f4b9aa62678,youtube,sensus ditanya penghasilan mobil seakan harta semua ditanya tapi tidak prmh tanya hutang apa sensus di pakai data badan pusat statistik kpn ada sensus hutang rakyat,negatif,negatif,0.8293,netral,pusat,0.055508
aeb15a711f5f208b9f1a4f4b9aa62678,youtube,sensus ditanya penghasilan mobil seakan harta semua ditanya tapi tidak prmh tanya hutang apa sensus di pakai data badan pusat statistik kpn ada sensus hutang rakyat,negatif,negatif,0.8293,netral,tanya,0.053506
aeb15a711f5f208b9f1a4f4b9aa62678,youtube,sensus ditanya penghasilan mobil seakan harta semua ditanya tapi tidak prmh tanya hutang apa sensus di pakai data badan pusat statistik kpn ada sensus hutang rakyat,negatif,negatif,0.8293,netral,tapi,0.051667
aeb15a711f5f208b9f1a4f4b9aa62678,youtube,sensus ditanya penghasilan mobil seakan harta semua ditanya tapi tidak prmh tanya hutang apa sensus di pakai data badan pusat statistik kpn ada sensus hutang rakyat,negatif,negatif,0.8293,netral,kpn,0.045079
aeb15a711f5f208b9f1a4f4b9aa62678,youtube,sensus ditanya penghasilan mobil seakan harta semua ditanya tapi tidak prmh tanya hutang apa sensus di pakai data badan pusat statistik kpn ada sensus hutang rakyat,negatif,negatif,0.8293,positif,tidak,0.009107
aeb15a711f5f208b9f1a4f4b9aa62678,youtube,sensus ditanya penghasilan mobil seakan harta semua ditanya tapi tidak prmh tanya hutang apa sensus di pakai data badan pusat statistik kpn ada sensus hutang rakyat,negatif,negatif,0.8293,positif,kpn,-0.007638
aeb15a711f5f208b9f1a4f4b9aa62678,youtube,sensus ditanya penghasilan mobil seakan harta semua ditanya tapi tidak prmh tanya hutang apa sensus di pakai data badan pusat statistik kpn ada sensus hutang rakyat,negatif,negatif,0.8293,positif,ditanya,-0.006325
aeb15a711f5f208b9f1a4f4b9aa62678,youtube,sensus ditanya penghasilan mobil seakan harta semua ditanya tapi tidak prmh tanya hutang apa sensus di pakai data badan pusat statistik kpn ada sensus hutang rakyat,negatif,negatif,0.8293,positif,seakan,0.005736
aeb15a711f5f208b9f1a4f4b9aa62678,youtube,sensus ditanya penghasilan mobil seakan harta semua ditanya tapi tidak prmh tanya hutang apa sensus di pakai data badan pusat statistik kpn ada sensus hutang rakyat,negatif,negatif,0.8293,positif,tanya,-0.005023
aeb15a711f5f208b9f1a4f4b9aa62678,youtube,sensus ditanya penghasilan mobil seakan harta semua ditanya tapi tidak prmh tanya hutang apa sensus di pakai data badan pusat statistik kpn ada sensus hutang rakyat,negatif,negatif,0.8293,positif,harta,0.004619
aeb15a711f5f208b9f1a4f4b9aa62678,youtube,sensus ditanya penghasilan mobil seakan harta semua ditanya tapi tidak prmh tanya hutang apa sensus di pakai data badan pusat statistik kpn ada sensus hutang rakyat,negatif,negatif,0.8293,positif,rakyat,0.004591
aeb15a711f5f208b9f1a4f4b9aa62678,youtube,sensus ditanya penghasilan mobil seakan harta semua ditanya tapi tidak prmh tanya hutang apa sensus di pakai data badan pusat statistik kpn ada sensus hutang rakyat,negatif,negatif,0.8293,positif,apa,-0.004411
aeb15a711f5f208b9f1a4f4b9aa62678,youtube,sensus ditanya penghasilan mobil seakan harta semua ditanya tapi tidak prmh tanya hutang apa sensus di pakai data badan pusat statistik kpn ada sensus hutang rakyat,negatif,negatif,0.8293,positif,sensus,0.003888
aeb15a711f5f208b9f1a4f4b9aa62678,youtube,sensus ditanya penghasilan mobil seakan harta semua ditanya tapi tidak prmh tanya hutang apa sensus di pakai data badan pusat statistik kpn ada sensus hutang rakyat,negatif,negatif,0.8293,positif,ada,0.002094
aeb15a711f5f208b9f1a4f4b9aa62678,youtube,sensus ditanya penghasilan mobil seakan harta semua ditanya tapi tidak prmh tanya hutang apa sensus di pakai data badan pusat statistik kpn ada sensus hutang rakyat,negatif,negatif,0.8293,positif,penghasilan,0.002091
aeb15a711f5f208b9f1a4f4b9aa62678,youtube,sensus ditanya penghasilan mobil seakan harta semua ditanya tapi tidak prmh tanya hutang apa sensus di pakai data badan pusat statistik kpn ada sensus hutang rakyat,negatif,negatif,0.8293,positif,semua,0.001507
c1bc08ca582c87dbb97f3760229390fb,youtube,ijin pa dan atau ibu badan pusat statistik tolong saat anda survey bawa kupon penukaran sembako all 9 item jangan cuma formulir ide ini semoga bermanfaat,netral,netral,0.92,negatif,semoga,-0.183319
c1bc08ca582c87dbb97f3760229390fb,youtube,ijin pa dan atau ibu badan pusat statistik tolong saat anda survey bawa kupon penukaran sembako all 9 item jangan cuma formulir ide ini semoga bermanfaat,netral,netral,0.92,negatif,jangan,0.167036
c1bc08ca582c87dbb97f3760229390fb,youtube,ijin pa dan atau ibu badan pusat statistik tolong saat anda survey bawa kupon penukaran sembako all 9 item jangan cuma formulir ide ini semoga bermanfaat,netral,netral,0.92,negatif,ide,0.076066
c1bc08ca582c87dbb97f3760229390fb,youtube,ijin pa dan atau ibu badan pusat statistik tolong saat anda survey bawa kupon penukaran sembako all 9 item jangan cuma formulir ide ini semoga bermanfaat,netral,netral,0.92,negatif,formulir,-0.073014
c1bc08ca582c87dbb97f3760229390fb,youtube,ijin pa dan atau ibu badan pusat statistik tolong saat anda survey bawa kupon penukaran sembako all 9 item jangan cuma formulir ide ini semoga bermanfaat,netral,netral,0.92,negatif,pa,-0.06833
c1bc08ca582c87dbb97f3760229390fb,youtube,ijin pa dan atau ibu badan pusat statistik tolong saat anda survey bawa kupon penukaran sembako all 9 item jangan cuma formulir ide ini semoga bermanfaat,netral,netral,0.92,negatif,bermanfaat,0.065371
c1bc08ca582c87dbb97f3760229390fb,youtube,ijin pa dan atau ibu badan pusat statistik tolong saat anda survey bawa kupon penukaran sembako all 9 item jangan cuma formulir ide ini semoga bermanfaat,netral,netral,0.92,negatif,saat,-0.060622
c1bc08ca582c87dbb97f3760229390fb,youtube,ijin pa dan atau ibu badan pusat statistik tolong saat anda survey bawa kupon penukaran sembako all 9 item jangan cuma formulir ide ini semoga bermanfaat,netral,netral,0.92,negatif,ibu,-0.055706
c1bc08ca582c87dbb97f3760229390fb,youtube,ijin pa dan atau ibu badan pusat statistik tolong saat anda survey bawa kupon penukaran sembako all 9 item jangan cuma formulir ide ini semoga bermanfaat,netral,netral,0.92,negatif,anda,0.045024
c1bc08ca582c87dbb97f3760229390fb,youtube,ijin pa dan atau ibu badan pusat statistik tolong saat anda survey bawa kupon penukaran sembako all 9 item jangan cuma formulir ide ini semoga bermanfaat,netral,netral,0.92,negatif,penukaran,0.043136
c1bc08ca582c87dbb97f3760229390fb,youtube,ijin pa dan atau ibu badan pusat statistik tolong saat anda survey bawa kupon penukaran sembako all 9 item jangan cuma formulir ide ini semoga bermanfaat,netral,netral,0.92,negatif,cuma,0.039909
c1bc08ca582c87dbb97f3760229390fb,youtube,ijin pa dan atau ibu badan pusat statistik tolong saat anda survey bawa kupon penukaran sembako all 9 item jangan cuma formulir ide ini semoga bermanfaat,netral,netral,0.92,negatif,bawa,-0.038416
c1bc08ca582c87dbb97f3760229390fb,youtube,ijin pa dan atau ibu badan pusat statistik tolong saat anda survey bawa kupon penukaran sembako all 9 item jangan cuma formulir ide ini semoga bermanfaat,netral,netral,0.92,netral,semoga,0.376073
c1bc08ca582c87dbb97f3760229390fb,youtube,ijin pa dan atau ibu badan pusat statistik tolong saat anda survey bawa kupon penukaran sembako all 9 item jangan cuma formulir ide ini semoga bermanfaat,netral,netral,0.92,netral,bermanfaat,-0.225907
c1bc08ca582c87dbb97f3760229390fb,youtube,ijin pa dan atau ibu badan pusat statistik tolong saat anda survey bawa kupon penukaran sembako all 9 item jangan cuma formulir ide ini semoga bermanfaat,netral,netral,0.92,netral,ide,-0.144913
c1bc08ca582c87dbb97f3760229390fb,youtube,ijin pa dan atau ibu badan pusat statistik tolong saat anda survey bawa kupon penukaran sembako all 9 item jangan cuma formulir ide ini semoga bermanfaat,netral,netral,0.92,netral,ibu,0.101931
c1bc08ca582c87dbb97f3760229390fb,youtube,ijin pa dan atau ibu badan pusat statistik tolong saat anda survey bawa kupon penukaran sembako all 9 item jangan cuma formulir ide ini semoga bermanfaat,netral,netral,0.92,netral,kupon,0.096899
c1bc08ca582c87dbb97f3760229390fb,youtube,ijin pa dan atau ibu badan pusat statistik tolong saat anda survey bawa kupon penukaran sembako all 9 item jangan cuma formulir ide ini semoga bermanfaat,netral,netral,0.92,netral,saat,0.085026
c1bc08ca582c87dbb97f3760229390fb,youtube,ijin pa dan atau ibu badan pusat statistik tolong saat anda survey bawa kupon penukaran sembako all 9 item jangan cuma formulir ide ini semoga bermanfaat,netral,netral,0.92,netral,atau,0.080013
c1bc08ca582c87dbb97f3760229390fb,youtube,ijin pa dan atau ibu badan pusat statistik tolong saat anda survey bawa kupon penukaran sembako all 9 item jangan cuma formulir ide ini semoga bermanfaat,netral,netral,0.92,netral,survey,0.078618
c1bc08ca582c87dbb97f3760229390fb,youtube,ijin pa dan atau ibu badan pusat statistik tolong saat anda survey bawa kupon penukaran sembako all 9 item jangan cuma formulir ide ini semoga bermanfaat,netral,netral,0.92,netral,ini,-0.070014
c1bc08ca582c87dbb97f3760229390fb,youtube,ijin pa dan atau ibu badan pusat statistik tolong saat anda survey bawa kupon penukaran sembako all 9 item jangan cuma formulir ide ini semoga bermanfaat,netral,netral,0.92,netral,sembako,-0.061966
c1bc08ca582c87dbb97f3760229390fb,youtube,ijin pa dan atau ibu badan pusat statistik tolong saat anda survey bawa kupon penukaran sembako all 9 item jangan cuma formulir ide ini semoga bermanfaat,netral,netral,0.92,netral,anda,-0.055033
c1bc08ca582c87dbb97f3760229390fb,youtube,ijin pa dan atau ibu badan pusat statistik tolong saat anda survey bawa kupon penukaran sembako all 9 item jangan cuma formulir ide ini semoga bermanfaat,netral,netral,0.92,netral,cuma,-0.052448
c1bc08ca582c87dbb97f3760229390fb,youtube,ijin pa dan atau ibu badan pusat statistik tolong saat anda survey bawa kupon penukaran sembako all 9 item jangan cuma formulir ide ini semoga bermanfaat,netral,netral,0.92,positif,jangan,-0.19244
c1bc08ca582c87dbb97f3760229390fb,youtube,ijin pa dan atau ibu badan pusat statistik tolong saat anda survey bawa kupon penukaran sembako all 9 item jangan cuma formulir ide ini semoga bermanfaat,netral,netral,0.92,positif,bermanfaat,0.164999
c1bc08ca582c87dbb97f3760229390fb,youtube,ijin pa dan atau ibu badan pusat statistik tolong saat anda survey bawa kupon penukaran sembako all 9 item jangan cuma formulir ide ini semoga bermanfaat,netral,netral,0.92,positif,semoga,-0.159152
c1bc08ca582c87dbb97f3760229390fb,youtube,ijin pa dan atau ibu badan pusat statistik tolong saat anda survey bawa kupon penukaran sembako all 9 item jangan cuma formulir ide ini semoga bermanfaat,netral,netral,0.92,positif,ini,0.101369
c1bc08ca582c87dbb97f3760229390fb,youtube,ijin pa dan atau ibu badan pusat statistik tolong saat anda survey bawa kupon penukaran sembako all 9 item jangan cuma formulir ide ini semoga bermanfaat,netral,netral,0.92,positif,survey,-0.080293
c1bc08ca582c87dbb97f3760229390fb,youtube,ijin pa dan atau ibu badan pusat statistik tolong saat anda survey bawa kupon penukaran sembako all 9 item jangan cuma formulir ide ini semoga bermanfaat,netral,netral,0.92,positif,all,0.077489
c1bc08ca582c87dbb97f3760229390fb,youtube,ijin pa dan atau ibu badan pusat statistik tolong saat anda survey bawa kupon penukaran sembako all 9 item jangan cuma formulir ide ini semoga bermanfaat,netral,netral,0.92,positif,ide,0.066029
c1bc08ca582c87dbb97f3760229390fb,youtube,ijin pa dan atau ibu badan pusat statistik tolong saat anda survey bawa kupon penukaran sembako all 9 item jangan cuma formulir ide ini semoga bermanfaat,netral,netral,0.92,positif,penukaran,-0.065971
c1bc08ca582c87dbb97f3760229390fb,youtube,ijin pa dan atau ibu badan pusat statistik tolong saat anda survey bawa kupon penukaran sembako all 9 item jangan cuma formulir ide ini semoga bermanfaat,netral,netral,0.92,positif,ibu,-0.043784
c1bc08ca582c87dbb97f3760229390fb,youtube,ijin pa dan atau ibu badan pusat statistik tolong saat anda survey bawa kupon penukaran sembako all 9 item jangan cuma formulir ide ini semoga bermanfaat,netral,netral,0.92,positif,kupon,-0.042698
c1bc08ca582c87dbb97f3760229390fb,youtube,ijin pa dan atau ibu badan pusat statistik tolong saat anda survey bawa kupon penukaran sembako all 9 item jangan cuma formulir ide ini semoga bermanfaat,netral,netral,0.92,positif,item,0.036674
c1bc08ca582c87dbb97f3760229390fb,youtube,ijin pa dan atau ibu badan pusat statistik tolong saat anda survey bawa kupon penukaran sembako all 9 item jangan cuma formulir ide ini semoga bermanfaat,netral,netral,0.92,positif,tolong,-0.036373
b9ffef7961cd0ec42401a4787db92177,youtube,iya jadi kita juga bisa mengkalkulasikan soalnya kan jgn sampe nanti waktu sudah ikut di tengah tengah kerjanya jadi misuh misuh pengen keluar karena merasa tidak sesuai ekspektasi apalagi klw ini keluar setelah pelatihan harus bayar denda tambah lagi bebannya kan bukannya ringan,negatif,negatif,0.8253,negatif,tidak,0.048402
b9ffef7961cd0ec42401a4787db92177,youtube,iya jadi kita juga bisa mengkalkulasikan soalnya kan jgn sampe nanti waktu sudah ikut di tengah tengah kerjanya jadi misuh misuh pengen keluar karena merasa tidak sesuai ekspektasi apalagi klw ini keluar setelah pelatihan harus bayar denda tambah lagi bebannya kan bukannya ringan,negatif,negatif,0.8253,negatif,bayar,0.038011
b9ffef7961cd0ec42401a4787db92177,youtube,iya jadi kita juga bisa mengkalkulasikan soalnya kan jgn sampe nanti waktu sudah ikut di tengah tengah kerjanya jadi misuh misuh pengen keluar karena merasa tidak sesuai ekspektasi apalagi klw ini keluar setelah pelatihan harus bayar denda tambah lagi bebannya kan bukannya ringan,negatif,negatif,0.8253,negatif,bukannya,0.037405
b9ffef7961cd0ec42401a4787db92177,youtube,iya jadi kita juga bisa mengkalkulasikan soalnya kan jgn sampe nanti waktu sudah ikut di tengah tengah kerjanya jadi misuh misuh pengen keluar karena merasa tidak sesuai ekspektasi apalagi klw ini keluar setelah pelatihan harus bayar denda tambah lagi bebannya kan bukannya ringan,negatif,negatif,0.8253,negatif,sesuai,0.031617
b9ffef7961cd0ec42401a4787db92177,youtube,iya jadi kita juga bisa mengkalkulasikan soalnya kan jgn sampe nanti waktu sudah ikut di tengah tengah kerjanya jadi misuh misuh pengen keluar karena merasa tidak sesuai ekspektasi apalagi klw ini keluar setelah pelatihan harus bayar denda tambah lagi bebannya kan bukannya ringan,negatif,negatif,0.8253,negatif,denda,0.030488
b9ffef7961cd0ec42401a4787db92177,youtube,iya jadi kita juga bisa mengkalkulasikan soalnya kan jgn sampe nanti waktu sudah ikut di tengah tengah kerjanya jadi misuh misuh pengen keluar karena merasa tidak sesuai ekspektasi apalagi klw ini keluar setelah pelatihan harus bayar denda tambah lagi bebannya kan bukannya ringan,negatif,negatif,0.8253,negatif,bebannya,0.020941
b9ffef7961cd0ec42401a4787db92177,youtube,iya jadi kita juga bisa mengkalkulasikan soalnya kan jgn sampe nanti waktu sudah ikut di tengah tengah kerjanya jadi misuh misuh pengen keluar karena merasa tidak sesuai ekspektasi apalagi klw ini keluar setelah pelatihan harus bayar denda tambah lagi bebannya kan bukannya ringan,negatif,negatif,0.8253,negatif,soalnya,-0.016756
b9ffef7961cd0ec42401a4787db92177,youtube,iya jadi kita juga bisa mengkalkulasikan soalnya kan jgn sampe nanti waktu sudah ikut di tengah tengah kerjanya jadi misuh misuh pengen keluar karena merasa tidak sesuai ekspektasi apalagi klw ini keluar setelah pelatihan harus bayar denda tambah lagi bebannya kan bukannya ringan,negatif,negatif,0.8253,negatif,lagi,0.016216
b9ffef7961cd0ec42401a4787db92177,youtube,iya jadi kita juga bisa mengkalkulasikan soalnya kan jgn sampe nanti waktu sudah ikut di tengah tengah kerjanya jadi misuh misuh pengen keluar karena merasa tidak sesuai ekspektasi apalagi klw ini keluar setelah pelatihan harus bayar denda tambah lagi bebannya kan bukannya ringan,negatif,negatif,0.8253,negatif,sampe,-0.016175
b9ffef7961cd0ec42401a4787db92177,youtube,iya jadi kita juga bisa mengkalkulasikan soalnya kan jgn sampe nanti waktu sudah ikut di tengah tengah kerjanya jadi misuh misuh pengen keluar karena merasa tidak sesuai ekspektasi apalagi klw ini keluar setelah pelatihan harus bayar denda tambah lagi bebannya kan bukannya ringan,negatif,negatif,0.8253,negatif,tambah,0.014188
b9ffef7961cd0ec42401a4787db92177,youtube,iya jadi kita juga bisa mengkalkulasikan soalnya kan jgn sampe nanti waktu sudah ikut di tengah tengah kerjanya jadi misuh misuh pengen keluar karena merasa tidak sesuai ekspektasi apalagi klw ini keluar setelah pelatihan harus bayar denda tambah lagi bebannya kan bukannya ringan,negatif,negatif,0.8253,negatif,di,-0.013905
b9ffef7961cd0ec42401a4787db92177,youtube,iya jadi kita juga bisa mengkalkulasikan soalnya kan jgn sampe nanti waktu sudah ikut di tengah tengah kerjanya jadi misuh misuh pengen keluar karena merasa tidak sesuai ekspektasi apalagi klw ini keluar setelah pelatihan harus bayar denda tambah lagi bebannya kan bukannya ringan,negatif,negatif,0.8253,negatif,ringan,-0.006677
b9ffef7961cd0ec42401a4787db92177,youtube,iya jadi kita juga bisa mengkalkulasikan soalnya kan jgn sampe nanti waktu sudah ikut di tengah tengah kerjanya jadi misuh misuh pengen keluar karena merasa tidak sesuai ekspektasi apalagi klw ini keluar setelah pelatihan harus bayar denda tambah lagi bebannya kan bukannya ringan,negatif,negatif,0.8253,netral,tidak,-0.040593
b9ffef7961cd0ec42401a4787db92177,youtube,iya jadi kita juga bisa mengkalkulasikan soalnya kan jgn sampe nanti waktu sudah ikut di tengah tengah kerjanya jadi misuh misuh pengen keluar karena merasa tidak sesuai ekspektasi apalagi klw ini keluar setelah pelatihan harus bayar denda tambah lagi bebannya kan bukannya ringan,negatif,negatif,0.8253,netral,bayar,-0.034549
b9ffef7961cd0ec42401a4787db92177,youtube,iya jadi kita juga bisa mengkalkulasikan soalnya kan jgn sampe nanti waktu sudah ikut di tengah tengah kerjanya jadi misuh misuh pengen keluar karena merasa tidak sesuai ekspektasi apalagi klw ini keluar setelah pelatihan harus bayar denda tambah lagi bebannya kan bukannya ringan,negatif,negatif,0.8253,netral,sesuai,-0.03214
b9ffef7961cd0ec42401a4787db92177,youtube,iya jadi kita juga bisa mengkalkulasikan soalnya kan jgn sampe nanti waktu sudah ikut di tengah tengah kerjanya jadi misuh misuh pengen keluar karena merasa tidak sesuai ekspektasi apalagi klw ini keluar setelah pelatihan harus bayar denda tambah lagi bebannya kan bukannya ringan,negatif,negatif,0.8253,netral,bukannya,-0.027841
b9ffef7961cd0ec42401a4787db92177,youtube,iya jadi kita juga bisa mengkalkulasikan soalnya kan jgn sampe nanti waktu sudah ikut di tengah tengah kerjanya jadi misuh misuh pengen keluar karena merasa tidak sesuai ekspektasi apalagi klw ini keluar setelah pelatihan harus bayar denda tambah lagi bebannya kan bukannya ringan,negatif,negatif,0.8253,netral,denda,-0.025759
b9ffef7961cd0ec42401a4787db92177,youtube,iya jadi kita juga bisa mengkalkulasikan soalnya kan jgn sampe nanti waktu sudah ikut di tengah tengah kerjanya jadi misuh misuh pengen keluar karena merasa tidak sesuai ekspektasi apalagi klw ini keluar setelah pelatihan harus bayar denda tambah lagi bebannya kan bukannya ringan,negatif,negatif,0.8253,netral,bebannya,-0.024608
b9ffef7961cd0ec42401a4787db92177,youtube,iya jadi kita juga bisa mengkalkulasikan soalnya kan jgn sampe nanti waktu sudah ikut di tengah tengah kerjanya jadi misuh misuh pengen keluar karena merasa tidak sesuai ekspektasi apalagi klw ini keluar setelah pelatihan harus bayar denda tambah lagi bebannya kan bukannya ringan,negatif,negatif,0.8253,netral,soalnya,0.018019
b9ffef7961cd0ec42401a4787db92177,youtube,iya jadi kita juga bisa mengkalkulasikan soalnya kan jgn sampe nanti waktu sudah ikut di tengah tengah kerjanya jadi misuh misuh pengen keluar karena merasa tidak sesuai ekspektasi apalagi klw ini keluar setelah pelatihan harus bayar denda tambah lagi bebannya kan bukannya ringan,negatif,negatif,0.8253,netral,sampe,0.017242
b9ffef7961cd0ec42401a4787db92177,youtube,iya jadi kita juga bisa mengkalkulasikan soalnya kan jgn sampe nanti waktu sudah ikut di tengah tengah kerjanya jadi misuh misuh pengen keluar karena merasa tidak sesuai ekspektasi apalagi klw ini keluar setelah pelatihan harus bayar denda tambah lagi bebannya kan bukannya ringan,negatif,negatif,0.8253,netral,lagi,-0.017086
b9ffef7961cd0ec42401a4787db92177,youtube,iya jadi kita juga bisa mengkalkulasikan soalnya kan jgn sampe nanti waktu sudah ikut di tengah tengah kerjanya jadi misuh misuh pengen keluar karena merasa tidak sesuai ekspektasi apalagi klw ini keluar setelah pelatihan harus bayar denda tambah lagi bebannya kan bukannya ringan,negatif,negatif,0.8253,netral,di,0.015407
b9ffef7961cd0ec42401a4787db92177,youtube,iya jadi kita juga bisa mengkalkulasikan soalnya kan jgn sampe nanti waktu sudah ikut di tengah tengah kerjanya jadi misuh misuh pengen keluar karena merasa tidak sesuai ekspektasi apalagi klw ini keluar setelah pelatihan harus bayar denda tambah lagi bebannya kan bukannya ringan,negatif,negatif,0.8253,netral,ekspektasi,-0.015106
b9ffef7961cd0ec42401a4787db92177,youtube,iya jadi kita juga bisa mengkalkulasikan soalnya kan jgn sampe nanti waktu sudah ikut di tengah tengah kerjanya jadi misuh misuh pengen keluar karena merasa tidak sesuai ekspektasi apalagi klw ini keluar setelah pelatihan harus bayar denda tambah lagi bebannya kan bukannya ringan,negatif,negatif,0.8253,netral,tambah,-0.014302
b9ffef7961cd0ec42401a4787db92177,youtube,iya jadi kita juga bisa mengkalkulasikan soalnya kan jgn sampe nanti waktu sudah ikut di tengah tengah kerjanya jadi misuh misuh pengen keluar karena merasa tidak sesuai ekspektasi apalagi klw ini keluar setelah pelatihan harus bayar denda tambah lagi bebannya kan bukannya ringan,negatif,negatif,0.8253,positif,bukannya,-0.009048
b9ffef7961cd0ec42401a4787db92177,youtube,iya jadi kita juga bisa mengkalkulasikan soalnya kan jgn sampe nanti waktu sudah ikut di tengah tengah kerjanya jadi misuh misuh pengen keluar karena merasa tidak sesuai ekspektasi apalagi klw ini keluar setelah pelatihan harus bayar denda tambah lagi bebannya kan bukannya ringan,negatif,negatif,0.8253,positif,tidak,-0.007783
b9ffef7961cd0ec42401a4787db92177,youtube,iya jadi kita juga bisa mengkalkulasikan soalnya kan jgn sampe nanti waktu sudah ikut di tengah tengah kerjanya jadi misuh misuh pengen keluar karena merasa tidak sesuai ekspektasi apalagi klw ini keluar setelah pelatihan harus bayar denda tambah lagi bebannya kan bukannya ringan,negatif,negatif,0.8253,positif,ringan,0.006985
b9ffef7961cd0ec42401a4787db92177,youtube,iya jadi kita juga bisa mengkalkulasikan soalnya kan jgn sampe nanti waktu sudah ikut di tengah tengah kerjanya jadi misuh misuh pengen keluar karena merasa tidak sesuai ekspektasi apalagi klw ini keluar setelah pelatihan harus bayar denda tambah lagi bebannya kan bukannya ringan,negatif,negatif,0.8253,positif,jadi,0.006855
b9ffef7961cd0ec42401a4787db92177,youtube,iya jadi kita juga bisa mengkalkulasikan soalnya kan jgn sampe nanti waktu sudah ikut di tengah tengah kerjanya jadi misuh misuh pengen keluar karena merasa tidak sesuai ekspektasi apalagi klw ini keluar setelah pelatihan harus bayar denda tambah lagi bebannya kan bukannya ringan,negatif,negatif,0.8253,positif,denda,-0.00671
b9ffef7961cd0ec42401a4787db92177,youtube,iya jadi kita juga bisa mengkalkulasikan soalnya kan jgn sampe nanti waktu sudah ikut di tengah tengah kerjanya jadi misuh misuh pengen keluar karena merasa tidak sesuai ekspektasi apalagi klw ini keluar setelah pelatihan harus bayar denda tambah lagi bebannya kan bukannya ringan,negatif,negatif,0.8253,positif,bisa,0.004528
b9ffef7961cd0ec42401a4787db92177,youtube,iya jadi kita juga bisa mengkalkulasikan soalnya kan jgn sampe nanti waktu sudah ikut di tengah tengah kerjanya jadi misuh misuh pengen keluar karena merasa tidak sesuai ekspektasi apalagi klw ini keluar setelah pelatihan harus bayar denda tambah lagi bebannya kan bukannya ringan,negatif,negatif,0.8253,positif,ekspektasi,0.003993
b9ffef7961cd0ec42401a4787db92177,youtube,iya jadi kita juga bisa mengkalkulasikan soalnya kan jgn sampe nanti waktu sudah ikut di tengah tengah kerjanya jadi misuh misuh pengen keluar karena merasa tidak sesuai ekspektasi apalagi klw ini keluar setelah pelatihan harus bayar denda tambah lagi bebannya kan bukannya ringan,negatif,negatif,0.8253,positif,bebannya,0.002645
b9ffef7961cd0ec42401a4787db92177,youtube,iya jadi kita juga bisa mengkalkulasikan soalnya kan jgn sampe nanti waktu sudah ikut di tengah tengah kerjanya jadi misuh misuh pengen keluar karena merasa tidak sesuai ekspektasi apalagi klw ini keluar setelah pelatihan harus bayar denda tambah lagi bebannya kan bukannya ringan,negatif,negatif,0.8253,positif,pelatihan,-0.002336
b9ffef7961cd0ec42401a4787db92177,youtube,iya jadi kita juga bisa mengkalkulasikan soalnya kan jgn sampe nanti waktu sudah ikut di tengah tengah kerjanya jadi misuh misuh pengen keluar karena merasa tidak sesuai ekspektasi apalagi klw ini keluar setelah pelatihan harus bayar denda tambah lagi bebannya kan bukannya ringan,negatif,negatif,0.8253,positif,keluar,-0.002247
b9ffef7961cd0ec42401a4787db92177,youtube,iya jadi kita juga bisa mengkalkulasikan soalnya kan jgn sampe nanti waktu sudah ikut di tengah tengah kerjanya jadi misuh misuh pengen keluar karena merasa tidak sesuai ekspektasi apalagi klw ini keluar setelah pelatihan harus bayar denda tambah lagi bebannya kan bukannya ringan,negatif,negatif,0.8253,positif,apalagi,0.001179
b9ffef7961cd0ec42401a4787db92177,youtube,iya jadi kita juga bisa mengkalkulasikan soalnya kan jgn sampe nanti waktu sudah ikut di tengah tengah kerjanya jadi misuh misuh pengen keluar karena merasa tidak sesuai ekspektasi apalagi klw ini keluar setelah pelatihan harus bayar denda tambah lagi bebannya kan bukannya ringan,negatif,negatif,0.8253,positif,setelah,-0.000937
6475d32a450f777f8f9d3185845c05e7,youtube,banyak cakap,negatif,negatif,0.6374,negatif,cakap,0.128609
6475d32a450f777f8f9d3185845c05e7,youtube,banyak cakap,negatif,negatif,0.6374,negatif,banyak,0.00225
6475d32a450f777f8f9d3185845c05e7,youtube,banyak cakap,negatif,negatif,0.6374,netral,cakap,-0.142421
6475d32a450f777f8f9d3185845c05e7,youtube,banyak cakap,negatif,negatif,0.6374,netral,banyak,0.006945
6475d32a450f777f8f9d3185845c05e7,youtube,banyak cakap,negatif,negatif,0.6374,positif,cakap,0.013812
6475d32a450f777f8f9d3185845c05e7,youtube,banyak cakap,negatif,negatif,0.6374,positif,banyak,-0.009196
16a3e49f4b575dbe03634d6cf67095c9,youtube,jujur kalau saya ngagur kalau saya ngagur emang mau di memberi kerjaan,netral,negatif,0.7644,negatif,ngagur,0.225872
16a3e49f4b575dbe03634d6cf67095c9,youtube,jujur kalau saya ngagur kalau saya ngagur emang mau di memberi kerjaan,netral,negatif,0.7644,negatif,kerjaan,0.154973
16a3e49f4b575dbe03634d6cf67095c9,youtube,jujur kalau saya ngagur kalau saya ngagur emang mau di memberi kerjaan,netral,negatif,0.7644,negatif,jujur,0.078586
16a3e49f4b575dbe03634d6cf67095c9,youtube,jujur kalau saya ngagur kalau saya ngagur emang mau di memberi kerjaan,netral,negatif,0.7644,negatif,mau,0.05936
16a3e49f4b575dbe03634d6cf67095c9,youtube,jujur kalau saya ngagur kalau saya ngagur emang mau di memberi kerjaan,netral,negatif,0.7644,negatif,emang,0.055434
16a3e49f4b575dbe03634d6cf67095c9,youtube,jujur kalau saya ngagur kalau saya ngagur emang mau di memberi kerjaan,netral,negatif,0.7644,negatif,saya,-0.032799
16a3e49f4b575dbe03634d6cf67095c9,youtube,jujur kalau saya ngagur kalau saya ngagur emang mau di memberi kerjaan,netral,negatif,0.7644,negatif,memberi,0.023096
16a3e49f4b575dbe03634d6cf67095c9,youtube,jujur kalau saya ngagur kalau saya ngagur emang mau di memberi kerjaan,netral,negatif,0.7644,negatif,kalau,-0.019308
16a3e49f4b575dbe03634d6cf67095c9,youtube,jujur kalau saya ngagur kalau saya ngagur emang mau di memberi kerjaan,netral,negatif,0.7644,negatif,di,0.008597
16a3e49f4b575dbe03634d6cf67095c9,youtube,jujur kalau saya ngagur kalau saya ngagur emang mau di memberi kerjaan,netral,negatif,0.7644,netral,kerjaan,-0.149617
16a3e49f4b575dbe03634d6cf67095c9,youtube,jujur kalau saya ngagur kalau saya ngagur emang mau di memberi kerjaan,netral,negatif,0.7644,netral,jujur,-0.133724
16a3e49f4b575dbe03634d6cf67095c9,youtube,jujur kalau saya ngagur kalau saya ngagur emang mau di memberi kerjaan,netral,negatif,0.7644,netral,ngagur,-0.112365
16a3e49f4b575dbe03634d6cf67095c9,youtube,jujur kalau saya ngagur kalau saya ngagur emang mau di memberi kerjaan,netral,negatif,0.7644,netral,emang,-0.073855
16a3e49f4b575dbe03634d6cf67095c9,youtube,jujur kalau saya ngagur kalau saya ngagur emang mau di memberi kerjaan,netral,negatif,0.7644,netral,mau,-0.057769
16a3e49f4b575dbe03634d6cf67095c9,youtube,jujur kalau saya ngagur kalau saya ngagur emang mau di memberi kerjaan,netral,negatif,0.7644,netral,kalau,0.05481
16a3e49f4b575dbe03634d6cf67095c9,youtube,jujur kalau saya ngagur kalau saya ngagur emang mau di memberi kerjaan,netral,negatif,0.7644,netral,memberi,-0.035901
16a3e49f4b575dbe03634d6cf67095c9,youtube,jujur kalau saya ngagur kalau saya ngagur emang mau di memberi kerjaan,netral,negatif,0.7644,netral,di,0.020944
16a3e49f4b575dbe03634d6cf67095c9,youtube,jujur kalau saya ngagur kalau saya ngagur emang mau di memberi kerjaan,netral,negatif,0.7644,netral,saya,0.005096
16a3e49f4b575dbe03634d6cf67095c9,youtube,jujur kalau saya ngagur kalau saya ngagur emang mau di memberi kerjaan,netral,negatif,0.7644,positif,ngagur,-0.113507
16a3e49f4b575dbe03634d6cf67095c9,youtube,jujur kalau saya ngagur kalau saya ngagur emang mau di memberi kerjaan,netral,negatif,0.7644,positif,jujur,0.055138
16a3e49f4b575dbe03634d6cf67095c9,youtube,jujur kalau saya ngagur kalau saya ngagur emang mau di memberi kerjaan,netral,negatif,0.7644,positif,kalau,-0.035502
16a3e49f4b575dbe03634d6cf67095c9,youtube,jujur kalau saya ngagur kalau saya ngagur emang mau di memberi kerjaan,netral,negatif,0.7644,positif,di,-0.029541
16a3e49f4b575dbe03634d6cf67095c9,youtube,jujur kalau saya ngagur kalau saya ngagur emang mau di memberi kerjaan,netral,negatif,0.7644,positif,saya,0.027703
16a3e49f4b575dbe03634d6cf67095c9,youtube,jujur kalau saya ngagur kalau saya ngagur emang mau di memberi kerjaan,netral,negatif,0.7644,positif,emang,0.018421
16a3e49f4b575dbe03634d6cf67095c9,youtube,jujur kalau saya ngagur kalau saya ngagur emang mau di memberi kerjaan,netral,negatif,0.7644,positif,memberi,0.012805
16a3e49f4b575dbe03634d6cf67095c9,youtube,jujur kalau saya ngagur kalau saya ngagur emang mau di memberi kerjaan,netral,negatif,0.7644,positif,kerjaan,-0.005356
16a3e49f4b575dbe03634d6cf67095c9,youtube,jujur kalau saya ngagur kalau saya ngagur emang mau di memberi kerjaan,netral,negatif,0.7644,positif,mau,-0.001591
480ded2c53fc1481c047e19bcd0636ea,youtube,alhamdulillah akhirnya dapat juga penawaran kerja dari badan pusat statistik,positif,positif,0.9233,negatif,alhamdulillah,-0.035565
480ded2c53fc1481c047e19bcd0636ea,youtube,alhamdulillah akhirnya dapat juga penawaran kerja dari badan pusat statistik,positif,positif,0.9233,negatif,pusat,-0.027864
480ded2c53fc1481c047e19bcd0636ea,youtube,alhamdulillah akhirnya dapat juga penawaran kerja dari badan pusat statistik,positif,positif,0.9233,negatif,statistik,-0.025488
480ded2c53fc1481c047e19bcd0636ea,youtube,alhamdulillah akhirnya dapat juga penawaran kerja dari badan pusat statistik,positif,positif,0.9233,negatif,akhirnya,0.022767
480ded2c53fc1481c047e19bcd0636ea,youtube,alhamdulillah akhirnya dapat juga penawaran kerja dari badan pusat statistik,positif,positif,0.9233,negatif,dapat,-0.018061
480ded2c53fc1481c047e19bcd0636ea,youtube,alhamdulillah akhirnya dapat juga penawaran kerja dari badan pusat statistik,positif,positif,0.9233,negatif,juga,-0.012756
480ded2c53fc1481c047e19bcd0636ea,youtube,alhamdulillah akhirnya dapat juga penawaran kerja dari badan pusat statistik,positif,positif,0.9233,negatif,kerja,0.009726
480ded2c53fc1481c047e19bcd0636ea,youtube,alhamdulillah akhirnya dapat juga penawaran kerja dari badan pusat statistik,positif,positif,0.9233,negatif,badan,-0.009291
480ded2c53fc1481c047e19bcd0636ea,youtube,alhamdulillah akhirnya dapat juga penawaran kerja dari badan pusat statistik,positif,positif,0.9233,negatif,penawaran,-0.008605
480ded2c53fc1481c047e19bcd0636ea,youtube,alhamdulillah akhirnya dapat juga penawaran kerja dari badan pusat statistik,positif,positif,0.9233,negatif,dari,0.008381
480ded2c53fc1481c047e19bcd0636ea,youtube,alhamdulillah akhirnya dapat juga penawaran kerja dari badan pusat statistik,positif,positif,0.9233,netral,alhamdulillah,-0.810241
480ded2c53fc1481c047e19bcd0636ea,youtube,alhamdulillah akhirnya dapat juga penawaran kerja dari badan pusat statistik,positif,positif,0.9233,netral,dapat,-0.031247
480ded2c53fc1481c047e19bcd0636ea,youtube,alhamdulillah akhirnya dapat juga penawaran kerja dari badan pusat statistik,positif,positif,0.9233,netral,penawaran,0.026557
480ded2c53fc1481c047e19bcd0636ea,youtube,alhamdulillah akhirnya dapat juga penawaran kerja dari badan pusat statistik,positif,positif,0.9233,netral,juga,0.025755
480ded2c53fc1481c047e19bcd0636ea,youtube,alhamdulillah akhirnya dapat juga penawaran kerja dari badan pusat statistik,positif,positif,0.9233,netral,badan,0.025531
480ded2c53fc1481c047e19bcd0636ea,youtube,alhamdulillah akhirnya dapat juga penawaran kerja dari badan pusat statistik,positif,positif,0.9233,netral,pusat,0.022882
480ded2c53fc1481c047e19bcd0636ea,youtube,alhamdulillah akhirnya dapat juga penawaran kerja dari badan pusat statistik,positif,positif,0.9233,netral,kerja,-0.021062
480ded2c53fc1481c047e19bcd0636ea,youtube,alhamdulillah akhirnya dapat juga penawaran kerja dari badan pusat statistik,positif,positif,0.9233,netral,akhirnya,-0.010932
480ded2c53fc1481c047e19bcd0636ea,youtube,alhamdulillah akhirnya dapat juga penawaran kerja dari badan pusat statistik,positif,positif,0.9233,netral,dari,0.007255
480ded2c53fc1481c047e19bcd0636ea,youtube,alhamdulillah akhirnya dapat juga penawaran kerja dari badan pusat statistik,positif,positif,0.9233,netral,statistik,0.003225
480ded2c53fc1481c047e19bcd0636ea,youtube,alhamdulillah akhirnya dapat juga penawaran kerja dari badan pusat statistik,positif,positif,0.9233,positif,alhamdulillah,0.845806
480ded2c53fc1481c047e19bcd0636ea,youtube,alhamdulillah akhirnya dapat juga penawaran kerja dari badan pusat statistik,positif,positif,0.9233,positif,dapat,0.049308
480ded2c53fc1481c047e19bcd0636ea,youtube,alhamdulillah akhirnya dapat juga penawaran kerja dari badan pusat statistik,positif,positif,0.9233,positif,statistik,0.022263
480ded2c53fc1481c047e19bcd0636ea,youtube,alhamdulillah akhirnya dapat juga penawaran kerja dari badan pusat statistik,positif,positif,0.9233,positif,penawaran,-0.017952
480ded2c53fc1481c047e19bcd0636ea,youtube,alhamdulillah akhirnya dapat juga penawaran kerja dari badan pusat statistik,positif,positif,0.9233,positif,badan,-0.01624
480ded2c53fc1481c047e19bcd0636ea,youtube,alhamdulillah akhirnya dapat juga penawaran kerja dari badan pusat statistik,positif,positif,0.9233,positif,dari,-0.015636
480ded2c53fc1481c047e19bcd0636ea,youtube,alhamdulillah akhirnya dapat juga penawaran kerja dari badan pusat statistik,positif,positif,0.9233,positif,juga,-0.012999
480ded2c53fc1481c047e19bcd0636ea,youtube,alhamdulillah akhirnya dapat juga penawaran kerja dari badan pusat statistik,positif,positif,0.9233,positif,akhirnya,-0.011835
480ded2c53fc1481c047e19bcd0636ea,youtube,alhamdulillah akhirnya dapat juga penawaran kerja dari badan pusat statistik,positif,positif,0.9233,positif,kerja,0.011336
480ded2c53fc1481c047e19bcd0636ea,youtube,alhamdulillah akhirnya dapat juga penawaran kerja dari badan pusat statistik,positif,positif,0.9233,positif,pusat,0.004982
4374d330e64f02e97a55632b0aaf6053,youtube,rakyat sudah makan hutang rakyat butuhnya sensus hutang bukan sensus ekonomi dan rakyat butuhnya lapangan pekerjaan rakyat butuhnya biaya kesehatan dasar kelas tiga gratis seumur hidup tanpa terkecuali dan rakyat butuhnya pendidikan gratis sampai perguruan tinggi,negatif,negatif,0.8325,negatif,rakyat,0.121881
4374d330e64f02e97a55632b0aaf6053,youtube,rakyat sudah makan hutang rakyat butuhnya sensus hutang bukan sensus ekonomi dan rakyat butuhnya lapangan pekerjaan rakyat butuhnya biaya kesehatan dasar kelas tiga gratis seumur hidup tanpa terkecuali dan rakyat butuhnya pendidikan gratis sampai perguruan tinggi,negatif,negatif,0.8325,negatif,hutang,0.089229
4374d330e64f02e97a55632b0aaf6053,youtube,rakyat sudah makan hutang rakyat butuhnya sensus hutang bukan sensus ekonomi dan rakyat butuhnya lapangan pekerjaan rakyat butuhnya biaya kesehatan dasar kelas tiga gratis seumur hidup tanpa terkecuali dan rakyat butuhnya pendidikan gratis sampai perguruan tinggi,negatif,negatif,0.8325,negatif,sudah,0.048723
4374d330e64f02e97a55632b0aaf6053,youtube,rakyat sudah makan hutang rakyat butuhnya sensus hutang bukan sensus ekonomi dan rakyat butuhnya lapangan pekerjaan rakyat butuhnya biaya kesehatan dasar kelas tiga gratis seumur hidup tanpa terkecuali dan rakyat butuhnya pendidikan gratis sampai perguruan tinggi,negatif,negatif,0.8325,negatif,perguruan,-0.043048
4374d330e64f02e97a55632b0aaf6053,youtube,rakyat sudah makan hutang rakyat butuhnya sensus hutang bukan sensus ekonomi dan rakyat butuhnya lapangan pekerjaan rakyat butuhnya biaya kesehatan dasar kelas tiga gratis seumur hidup tanpa terkecuali dan rakyat butuhnya pendidikan gratis sampai perguruan tinggi,negatif,negatif,0.8325,negatif,dasar,-0.033317
4374d330e64f02e97a55632b0aaf6053,youtube,rakyat sudah makan hutang rakyat butuhnya sensus hutang bukan sensus ekonomi dan rakyat butuhnya lapangan pekerjaan rakyat butuhnya biaya kesehatan dasar kelas tiga gratis seumur hidup tanpa terkecuali dan rakyat butuhnya pendidikan gratis sampai perguruan tinggi,negatif,negatif,0.8325,negatif,makan,0.03244
4374d330e64f02e97a55632b0aaf6053,youtube,rakyat sudah makan hutang rakyat butuhnya sensus hutang bukan sensus ekonomi dan rakyat butuhnya lapangan pekerjaan rakyat butuhnya biaya kesehatan dasar kelas tiga gratis seumur hidup tanpa terkecuali dan rakyat butuhnya pendidikan gratis sampai perguruan tinggi,negatif,negatif,0.8325,negatif,biaya,0.030058
4374d330e64f02e97a55632b0aaf6053,youtube,rakyat sudah makan hutang rakyat butuhnya sensus hutang bukan sensus ekonomi dan rakyat butuhnya lapangan pekerjaan rakyat butuhnya biaya kesehatan dasar kelas tiga gratis seumur hidup tanpa terkecuali dan rakyat butuhnya pendidikan gratis sampai perguruan tinggi,negatif,negatif,0.8325,negatif,pendidikan,-0.026811
4374d330e64f02e97a55632b0aaf6053,youtube,rakyat sudah makan hutang rakyat butuhnya sensus hutang bukan sensus ekonomi dan rakyat butuhnya lapangan pekerjaan rakyat butuhnya biaya kesehatan dasar kelas tiga gratis seumur hidup tanpa terkecuali dan rakyat butuhnya pendidikan gratis sampai perguruan tinggi,negatif,negatif,0.8325,negatif,terkecuali,-0.025131
4374d330e64f02e97a55632b0aaf6053,youtube,rakyat sudah makan hutang rakyat butuhnya sensus hutang bukan sensus ekonomi dan rakyat butuhnya lapangan pekerjaan rakyat butuhnya biaya kesehatan dasar kelas tiga gratis seumur hidup tanpa terkecuali dan rakyat butuhnya pendidikan gratis sampai perguruan tinggi,negatif,negatif,0.8325,negatif,dan,-0.024218
4374d330e64f02e97a55632b0aaf6053,youtube,rakyat sudah makan hutang rakyat butuhnya sensus hutang bukan sensus ekonomi dan rakyat butuhnya lapangan pekerjaan rakyat butuhnya biaya kesehatan dasar kelas tiga gratis seumur hidup tanpa terkecuali dan rakyat butuhnya pendidikan gratis sampai perguruan tinggi,negatif,negatif,0.8325,negatif,bukan,0.020828
4374d330e64f02e97a55632b0aaf6053,youtube,rakyat sudah makan hutang rakyat butuhnya sensus hutang bukan sensus ekonomi dan rakyat butuhnya lapangan pekerjaan rakyat butuhnya biaya kesehatan dasar kelas tiga gratis seumur hidup tanpa terkecuali dan rakyat butuhnya pendidikan gratis sampai perguruan tinggi,negatif,negatif,0.8325,negatif,seumur,-0.014454
4374d330e64f02e97a55632b0aaf6053,youtube,rakyat sudah makan hutang rakyat butuhnya sensus hutang bukan sensus ekonomi dan rakyat butuhnya lapangan pekerjaan rakyat butuhnya biaya kesehatan dasar kelas tiga gratis seumur hidup tanpa terkecuali dan rakyat butuhnya pendidikan gratis sampai perguruan tinggi,negatif,negatif,0.8325,netral,rakyat,-0.056156
4374d330e64f02e97a55632b0aaf6053,youtube,rakyat sudah makan hutang rakyat butuhnya sensus hutang bukan sensus ekonomi dan rakyat butuhnya lapangan pekerjaan rakyat butuhnya biaya kesehatan dasar kelas tiga gratis seumur hidup tanpa terkecuali dan rakyat butuhnya pendidikan gratis sampai perguruan tinggi,negatif,negatif,0.8325,netral,gratis,-0.034777
4374d330e64f02e97a55632b0aaf6053,youtube,rakyat sudah makan hutang rakyat butuhnya sensus hutang bukan sensus ekonomi dan rakyat butuhnya lapangan pekerjaan rakyat butuhnya biaya kesehatan dasar kelas tiga gratis seumur hidup tanpa terkecuali dan rakyat butuhnya pendidikan gratis sampai perguruan tinggi,negatif,negatif,0.8325,netral,perguruan,0.026338
4374d330e64f02e97a55632b0aaf6053,youtube,rakyat sudah makan hutang rakyat butuhnya sensus hutang bukan sensus ekonomi dan rakyat butuhnya lapangan pekerjaan rakyat butuhnya biaya kesehatan dasar kelas tiga gratis seumur hidup tanpa terkecuali dan rakyat butuhnya pendidikan gratis sampai perguruan tinggi,negatif,negatif,0.8325,netral,hutang,-0.02516
4374d330e64f02e97a55632b0aaf6053,youtube,rakyat sudah makan hutang rakyat butuhnya sensus hutang bukan sensus ekonomi dan rakyat butuhnya lapangan pekerjaan rakyat butuhnya biaya kesehatan dasar kelas tiga gratis seumur hidup tanpa terkecuali dan rakyat butuhnya pendidikan gratis sampai perguruan tinggi,negatif,negatif,0.8325,netral,bukan,-0.024452
4374d330e64f02e97a55632b0aaf6053,youtube,rakyat sudah makan hutang rakyat butuhnya sensus hutang bukan sensus ekonomi dan rakyat butuhnya lapangan pekerjaan rakyat butuhnya biaya kesehatan dasar kelas tiga gratis seumur hidup tanpa terkecuali dan rakyat butuhnya pendidikan gratis sampai perguruan tinggi,negatif,negatif,0.8325,netral,dan,0.013185
4374d330e64f02e97a55632b0aaf6053,youtube,rakyat sudah makan hutang rakyat butuhnya sensus hutang bukan sensus ekonomi dan rakyat butuhnya lapangan pekerjaan rakyat butuhnya biaya kesehatan dasar kelas tiga gratis seumur hidup tanpa terkecuali dan rakyat butuhnya pendidikan gratis sampai perguruan tinggi,negatif,negatif,0.8325,netral,lapangan,-0.013065
4374d330e64f02e97a55632b0aaf6053,youtube,rakyat sudah makan hutang rakyat butuhnya sensus hutang bukan sensus ekonomi dan rakyat butuhnya lapangan pekerjaan rakyat butuhnya biaya kesehatan dasar kelas tiga gratis seumur hidup tanpa terkecuali dan rakyat butuhnya pendidikan gratis sampai perguruan tinggi,negatif,negatif,0.8325,netral,kelas,-0.009927
4374d330e64f02e97a55632b0aaf6053,youtube,rakyat sudah makan hutang rakyat butuhnya sensus hutang bukan sensus ekonomi dan rakyat butuhnya lapangan pekerjaan rakyat butuhnya biaya kesehatan dasar kelas tiga gratis seumur hidup tanpa terkecuali dan rakyat butuhnya pendidikan gratis sampai perguruan tinggi,negatif,negatif,0.8325,netral,ekonomi,0.008508
4374d330e64f02e97a55632b0aaf6053,youtube,rakyat sudah makan hutang rakyat butuhnya sensus hutang bukan sensus ekonomi dan rakyat butuhnya lapangan pekerjaan rakyat butuhnya biaya kesehatan dasar kelas tiga gratis seumur hidup tanpa terkecuali dan rakyat butuhnya pendidikan gratis sampai perguruan tinggi,negatif,negatif,0.8325,netral,sensus,-0.008316
4374d330e64f02e97a55632b0aaf6053,youtube,rakyat sudah makan hutang rakyat butuhnya sensus hutang bukan sensus ekonomi dan rakyat butuhnya lapangan pekerjaan rakyat butuhnya biaya kesehatan dasar kelas tiga gratis seumur hidup tanpa terkecuali dan rakyat butuhnya pendidikan gratis sampai perguruan tinggi,negatif,negatif,0.8325,netral,makan,-0.008312
4374d330e64f02e97a55632b0aaf6053,youtube,rakyat sudah makan hutang rakyat butuhnya sensus hutang bukan sensus ekonomi dan rakyat butuhnya lapangan pekerjaan rakyat butuhnya biaya kesehatan dasar kelas tiga gratis seumur hidup tanpa terkecuali dan rakyat butuhnya pendidikan gratis sampai perguruan tinggi,negatif,negatif,0.8325,netral,dasar,0.006669
4374d330e64f02e97a55632b0aaf6053,youtube,rakyat sudah makan hutang rakyat butuhnya sensus hutang bukan sensus ekonomi dan rakyat butuhnya lapangan pekerjaan rakyat butuhnya biaya kesehatan dasar kelas tiga gratis seumur hidup tanpa terkecuali dan rakyat butuhnya pendidikan gratis sampai perguruan tinggi,negatif,negatif,0.8325,positif,hutang,-0.064922
4374d330e64f02e97a55632b0aaf6053,youtube,rakyat sudah makan hutang rakyat butuhnya sensus hutang bukan sensus ekonomi dan rakyat butuhnya lapangan pekerjaan rakyat butuhnya biaya kesehatan dasar kelas tiga gratis seumur hidup tanpa terkecuali dan rakyat butuhnya pendidikan gratis sampai perguruan tinggi,negatif,negatif,0.8325,positif,rakyat,-0.061167
4374d330e64f02e97a55632b0aaf6053,youtube,rakyat sudah makan hutang rakyat butuhnya sensus hutang bukan sensus ekonomi dan rakyat butuhnya lapangan pekerjaan rakyat butuhnya biaya kesehatan dasar kelas tiga gratis seumur hidup tanpa terkecuali dan rakyat butuhnya pendidikan gratis sampai perguruan tinggi,negatif,negatif,0.8325,positif,gratis,0.058505
4374d330e64f02e97a55632b0aaf6053,youtube,rakyat sudah makan hutang rakyat butuhnya sensus hutang bukan sensus ekonomi dan rakyat butuhnya lapangan pekerjaan rakyat butuhnya biaya kesehatan dasar kelas tiga gratis seumur hidup tanpa terkecuali dan rakyat butuhnya pendidikan gratis sampai perguruan tinggi,negatif,negatif,0.8325,positif,sudah,-0.040217
4374d330e64f02e97a55632b0aaf6053,youtube,rakyat sudah makan hutang rakyat butuhnya sensus hutang bukan sensus ekonomi dan rakyat butuhnya lapangan pekerjaan rakyat butuhnya biaya kesehatan dasar kelas tiga gratis seumur hidup tanpa terkecuali dan rakyat butuhnya pendidikan gratis sampai perguruan tinggi,negatif,negatif,0.8325,positif,pendidikan,0.02978
4374d330e64f02e97a55632b0aaf6053,youtube,rakyat sudah makan hutang rakyat butuhnya sensus hutang bukan sensus ekonomi dan rakyat butuhnya lapangan pekerjaan rakyat butuhnya biaya kesehatan dasar kelas tiga gratis seumur hidup tanpa terkecuali dan rakyat butuhnya pendidikan gratis sampai perguruan tinggi,negatif,negatif,0.8325,positif,kelas,0.026382
4374d330e64f02e97a55632b0aaf6053,youtube,rakyat sudah makan hutang rakyat butuhnya sensus hutang bukan sensus ekonomi dan rakyat butuhnya lapangan pekerjaan rakyat butuhnya biaya kesehatan dasar kelas tiga gratis seumur hidup tanpa terkecuali dan rakyat butuhnya pendidikan gratis sampai perguruan tinggi,negatif,negatif,0.8325,positif,dasar,0.022671
4374d330e64f02e97a55632b0aaf6053,youtube,rakyat sudah makan hutang rakyat butuhnya sensus hutang bukan sensus ekonomi dan rakyat butuhnya lapangan pekerjaan rakyat butuhnya biaya kesehatan dasar kelas tiga gratis seumur hidup tanpa terkecuali dan rakyat butuhnya pendidikan gratis sampai perguruan tinggi,negatif,negatif,0.8325,positif,ekonomi,-0.021641
4374d330e64f02e97a55632b0aaf6053,youtube,rakyat sudah makan hutang rakyat butuhnya sensus hutang bukan sensus ekonomi dan rakyat butuhnya lapangan pekerjaan rakyat butuhnya biaya kesehatan dasar kelas tiga gratis seumur hidup tanpa terkecuali dan rakyat butuhnya pendidikan gratis sampai perguruan tinggi,negatif,negatif,0.8325,positif,lapangan,0.021153
4374d330e64f02e97a55632b0aaf6053,youtube,rakyat sudah makan hutang rakyat butuhnya sensus hutang bukan sensus ekonomi dan rakyat butuhnya lapangan pekerjaan rakyat butuhnya biaya kesehatan dasar kelas tiga gratis seumur hidup tanpa terkecuali dan rakyat butuhnya pendidikan gratis sampai perguruan tinggi,negatif,negatif,0.8325,positif,biaya,-0.020667
4374d330e64f02e97a55632b0aaf6053,youtube,rakyat sudah makan hutang rakyat butuhnya sensus hutang bukan sensus ekonomi dan rakyat butuhnya lapangan pekerjaan rakyat butuhnya biaya kesehatan dasar kelas tiga gratis seumur hidup tanpa terkecuali dan rakyat butuhnya pendidikan gratis sampai perguruan tinggi,negatif,negatif,0.8325,positif,terkecuali,0.018765
4374d330e64f02e97a55632b0aaf6053,youtube,rakyat sudah makan hutang rakyat butuhnya sensus hutang bukan sensus ekonomi dan rakyat butuhnya lapangan pekerjaan rakyat butuhnya biaya kesehatan dasar kelas tiga gratis seumur hidup tanpa terkecuali dan rakyat butuhnya pendidikan gratis sampai perguruan tinggi,negatif,negatif,0.8325,positif,makan,-0.017849
62e2e7690c71390b22bb5bbaefed0d07,youtube,semua proyek korup uang transpor honor petugas sensus face with tears of joy face with tears of joy face with tears of joy lagu lama malingnya terang terangan sekarang gila,negatif,negatif,0.8778,negatif,korup,0.061385
62e2e7690c71390b22bb5bbaefed0d07,youtube,semua proyek korup uang transpor honor petugas sensus face with tears of joy face with tears of joy face with tears of joy lagu lama malingnya terang terangan sekarang gila,negatif,negatif,0.8778,negatif,malingnya,0.046297
62e2e7690c71390b22bb5bbaefed0d07,youtube,semua proyek korup uang transpor honor petugas sensus face with tears of joy face with tears of joy face with tears of joy lagu lama malingnya terang terangan sekarang gila,negatif,negatif,0.8778,negatif,terangan,0.036926
62e2e7690c71390b22bb5bbaefed0d07,youtube,semua proyek korup uang transpor honor petugas sensus face with tears of joy face with tears of joy face with tears of joy lagu lama malingnya terang terangan sekarang gila,negatif,negatif,0.8778,negatif,uang,0.035311
62e2e7690c71390b22bb5bbaefed0d07,youtube,semua proyek korup uang transpor honor petugas sensus face with tears of joy face with tears of joy face with tears of joy lagu lama malingnya terang terangan sekarang gila,negatif,negatif,0.8778,negatif,terang,0.027637
62e2e7690c71390b22bb5bbaefed0d07,youtube,semua proyek korup uang transpor honor petugas sensus face with tears of joy face with tears of joy face with tears of joy lagu lama malingnya terang terangan sekarang gila,negatif,negatif,0.8778,negatif,gila,0.024153
62e2e7690c71390b22bb5bbaefed0d07,youtube,semua proyek korup uang transpor honor petugas sensus face with tears of joy face with tears of joy face with tears of joy lagu lama malingnya terang terangan sekarang gila,negatif,negatif,0.8778,negatif,lama,0.018893
62e2e7690c71390b22bb5bbaefed0d07,youtube,semua proyek korup uang transpor honor petugas sensus face with tears of joy face with tears of joy face with tears of joy lagu lama malingnya terang terangan sekarang gila,negatif,negatif,0.8778,negatif,joy,-0.018755
62e2e7690c71390b22bb5bbaefed0d07,youtube,semua proyek korup uang transpor honor petugas sensus face with tears of joy face with tears of joy face with tears of joy lagu lama malingnya terang terangan sekarang gila,negatif,negatif,0.8778,negatif,petugas,0.01477
62e2e7690c71390b22bb5bbaefed0d07,youtube,semua proyek korup uang transpor honor petugas sensus face with tears of joy face with tears of joy face with tears of joy lagu lama malingnya terang terangan sekarang gila,negatif,negatif,0.8778,negatif,lagu,-0.014374
62e2e7690c71390b22bb5bbaefed0d07,youtube,semua proyek korup uang transpor honor petugas sensus face with tears of joy face with tears of joy face with tears of joy lagu lama malingnya terang terangan sekarang gila,negatif,negatif,0.8778,negatif,sensus,-0.011514
62e2e7690c71390b22bb5bbaefed0d07,youtube,semua proyek korup uang transpor honor petugas sensus face with tears of joy face with tears of joy face with tears of joy lagu lama malingnya terang terangan sekarang gila,negatif,negatif,0.8778,negatif,of,-0.010747
62e2e7690c71390b22bb5bbaefed0d07,youtube,semua proyek korup uang transpor honor petugas sensus face with tears of joy face with tears of joy face with tears of joy lagu lama malingnya terang terangan sekarang gila,negatif,negatif,0.8778,netral,korup,-0.052891
62e2e7690c71390b22bb5bbaefed0d07,youtube,semua proyek korup uang transpor honor petugas sensus face with tears of joy face with tears of joy face with tears of joy lagu lama malingnya terang terangan sekarang gila,negatif,negatif,0.8778,netral,malingnya,-0.040074
62e2e7690c71390b22bb5bbaefed0d07,youtube,semua proyek korup uang transpor honor petugas sensus face with tears of joy face with tears of joy face with tears of joy lagu lama malingnya terang terangan sekarang gila,negatif,negatif,0.8778,netral,terangan,-0.036967
62e2e7690c71390b22bb5bbaefed0d07,youtube,semua proyek korup uang transpor honor petugas sensus face with tears of joy face with tears of joy face with tears of joy lagu lama malingnya terang terangan sekarang gila,negatif,negatif,0.8778,netral,uang,-0.030887
62e2e7690c71390b22bb5bbaefed0d07,youtube,semua proyek korup uang transpor honor petugas sensus face with tears of joy face with tears of joy face with tears of joy lagu lama malingnya terang terangan sekarang gila,negatif,negatif,0.8778,netral,gila,-0.026937
62e2e7690c71390b22bb5bbaefed0d07,youtube,semua proyek korup uang transpor honor petugas sensus face with tears of joy face with tears of joy face with tears of joy lagu lama malingnya terang terangan sekarang gila,negatif,negatif,0.8778,netral,terang,-0.026718
62e2e7690c71390b22bb5bbaefed0d07,youtube,semua proyek korup uang transpor honor petugas sensus face with tears of joy face with tears of joy face with tears of joy lagu lama malingnya terang terangan sekarang gila,negatif,negatif,0.8778,netral,joy,0.017058
62e2e7690c71390b22bb5bbaefed0d07,youtube,semua proyek korup uang transpor honor petugas sensus face with tears of joy face with tears of joy face with tears of joy lagu lama malingnya terang terangan sekarang gila,negatif,negatif,0.8778,netral,face,-0.012186
62e2e7690c71390b22bb5bbaefed0d07,youtube,semua proyek korup uang transpor honor petugas sensus face with tears of joy face with tears of joy face with tears of joy lagu lama malingnya terang terangan sekarang gila,negatif,negatif,0.8778,netral,lagu,0.012174
62e2e7690c71390b22bb5bbaefed0d07,youtube,semua proyek korup uang transpor honor petugas sensus face with tears of joy face with tears of joy face with tears of joy lagu lama malingnya terang terangan sekarang gila,negatif,negatif,0.8778,netral,tears,-0.011427
62e2e7690c71390b22bb5bbaefed0d07,youtube,semua proyek korup uang transpor honor petugas sensus face with tears of joy face with tears of joy face with tears of joy lagu lama malingnya terang terangan sekarang gila,negatif,negatif,0.8778,netral,of,0.008786
62e2e7690c71390b22bb5bbaefed0d07,youtube,semua proyek korup uang transpor honor petugas sensus face with tears of joy face with tears of joy face with tears of joy lagu lama malingnya terang terangan sekarang gila,negatif,negatif,0.8778,netral,sensus,0.008506
62e2e7690c71390b22bb5bbaefed0d07,youtube,semua proyek korup uang transpor honor petugas sensus face with tears of joy face with tears of joy face with tears of joy lagu lama malingnya terang terangan sekarang gila,negatif,negatif,0.8778,positif,korup,-0.010877
62e2e7690c71390b22bb5bbaefed0d07,youtube,semua proyek korup uang transpor honor petugas sensus face with tears of joy face with tears of joy face with tears of joy lagu lama malingnya terang terangan sekarang gila,negatif,negatif,0.8778,positif,uang,-0.005886
62e2e7690c71390b22bb5bbaefed0d07,youtube,semua proyek korup uang transpor honor petugas sensus face with tears of joy face with tears of joy face with tears of joy lagu lama malingnya terang terangan sekarang gila,negatif,negatif,0.8778,positif,lama,-0.005445
62e2e7690c71390b22bb5bbaefed0d07,youtube,semua proyek korup uang transpor honor petugas sensus face with tears of joy face with tears of joy face with tears of joy lagu lama malingnya terang terangan sekarang gila,negatif,negatif,0.8778,positif,malingnya,-0.004817
62e2e7690c71390b22bb5bbaefed0d07,youtube,semua proyek korup uang transpor honor petugas sensus face with tears of joy face with tears of joy face with tears of joy lagu lama malingnya terang terangan sekarang gila,negatif,negatif,0.8778,positif,tears,0.004609
62e2e7690c71390b22bb5bbaefed0d07,youtube,semua proyek korup uang transpor honor petugas sensus face with tears of joy face with tears of joy face with tears of joy lagu lama malingnya terang terangan sekarang gila,negatif,negatif,0.8778,positif,of,0.004305
62e2e7690c71390b22bb5bbaefed0d07,youtube,semua proyek korup uang transpor honor petugas sensus face with tears of joy face with tears of joy face with tears of joy lagu lama malingnya terang terangan sekarang gila,negatif,negatif,0.8778,positif,semua,-0.003046
62e2e7690c71390b22bb5bbaefed0d07,youtube,semua proyek korup uang transpor honor petugas sensus face with tears of joy face with tears of joy face with tears of joy lagu lama malingnya terang terangan sekarang gila,negatif,negatif,0.8778,positif,sekarang,-0.002981
62e2e7690c71390b22bb5bbaefed0d07,youtube,semua proyek korup uang transpor honor petugas sensus face with tears of joy face with tears of joy face with tears of joy lagu lama malingnya terang terangan sekarang gila,negatif,negatif,0.8778,positif,proyek,-0.002736
62e2e7690c71390b22bb5bbaefed0d07,youtube,semua proyek korup uang transpor honor petugas sensus face with tears of joy face with tears of joy face with tears of joy lagu lama malingnya terang terangan sekarang gila,negatif,negatif,0.8778,positif,petugas,-0.002661
62e2e7690c71390b22bb5bbaefed0d07,youtube,semua proyek korup uang transpor honor petugas sensus face with tears of joy face with tears of joy face with tears of joy lagu lama malingnya terang terangan sekarang gila,negatif,negatif,0.8778,positif,lagu,0.002376
62e2e7690c71390b22bb5bbaefed0d07,youtube,semua proyek korup uang transpor honor petugas sensus face with tears of joy face with tears of joy face with tears of joy lagu lama malingnya terang terangan sekarang gila,negatif,negatif,0.8778,positif,joy,0.002277
33fe7d09bafa1e71ee86cc8daf557a29,youtube,sensus saja pejabat negara dpr dan dprd itu baru cocok bagaimana dia punya harta dan uang face with open mouth pemerintah indonesia semakin bobrok dan brengsek terhadap masyarakat indonesia mau dipalak face with open mouth,negatif,negatif,0.8605,negatif,bobrok,0.045139
33fe7d09bafa1e71ee86cc8daf557a29,youtube,sensus saja pejabat negara dpr dan dprd itu baru cocok bagaimana dia punya harta dan uang face with open mouth pemerintah indonesia semakin bobrok dan brengsek terhadap masyarakat indonesia mau dipalak face with open mouth,negatif,negatif,0.8605,negatif,brengsek,0.028921
33fe7d09bafa1e71ee86cc8daf557a29,youtube,sensus saja pejabat negara dpr dan dprd itu baru cocok bagaimana dia punya harta dan uang face with open mouth pemerintah indonesia semakin bobrok dan brengsek terhadap masyarakat indonesia mau dipalak face with open mouth,negatif,negatif,0.8605,negatif,face,0.022441
33fe7d09bafa1e71ee86cc8daf557a29,youtube,sensus saja pejabat negara dpr dan dprd itu baru cocok bagaimana dia punya harta dan uang face with open mouth pemerintah indonesia semakin bobrok dan brengsek terhadap masyarakat indonesia mau dipalak face with open mouth,negatif,negatif,0.8605,negatif,indonesia,-0.021277
33fe7d09bafa1e71ee86cc8daf557a29,youtube,sensus saja pejabat negara dpr dan dprd itu baru cocok bagaimana dia punya harta dan uang face with open mouth pemerintah indonesia semakin bobrok dan brengsek terhadap masyarakat indonesia mau dipalak face with open mouth,negatif,negatif,0.8605,negatif,punya,0.019863
33fe7d09bafa1e71ee86cc8daf557a29,youtube,sensus saja pejabat negara dpr dan dprd itu baru cocok bagaimana dia punya harta dan uang face with open mouth pemerintah indonesia semakin bobrok dan brengsek terhadap masyarakat indonesia mau dipalak face with open mouth,negatif,negatif,0.8605,negatif,uang,0.018825
33fe7d09bafa1e71ee86cc8daf557a29,youtube,sensus saja pejabat negara dpr dan dprd itu baru cocok bagaimana dia punya harta dan uang face with open mouth pemerintah indonesia semakin bobrok dan brengsek terhadap masyarakat indonesia mau dipalak face with open mouth,negatif,negatif,0.8605,negatif,dan,-0.018788
33fe7d09bafa1e71ee86cc8daf557a29,youtube,sensus saja pejabat negara dpr dan dprd itu baru cocok bagaimana dia punya harta dan uang face with open mouth pemerintah indonesia semakin bobrok dan brengsek terhadap masyarakat indonesia mau dipalak face with open mouth,negatif,negatif,0.8605,negatif,pemerintah,0.016452
33fe7d09bafa1e71ee86cc8daf557a29,youtube,sensus saja pejabat negara dpr dan dprd itu baru cocok bagaimana dia punya harta dan uang face with open mouth pemerintah indonesia semakin bobrok dan brengsek terhadap masyarakat indonesia mau dipalak face with open mouth,negatif,negatif,0.8605,negatif,dipalak,0.016249
33fe7d09bafa1e71ee86cc8daf557a29,youtube,sensus saja pejabat negara dpr dan dprd itu baru cocok bagaimana dia punya harta dan uang face with open mouth pemerintah indonesia semakin bobrok dan brengsek terhadap masyarakat indonesia mau dipalak face with open mouth,negatif,negatif,0.8605,negatif,saja,0.015908
33fe7d09bafa1e71ee86cc8daf557a29,youtube,sensus saja pejabat negara dpr dan dprd itu baru cocok bagaimana dia punya harta dan uang face with open mouth pemerintah indonesia semakin bobrok dan brengsek terhadap masyarakat indonesia mau dipalak face with open mouth,negatif,negatif,0.8605,negatif,mouth,-0.015608
33fe7d09bafa1e71ee86cc8daf557a29,youtube,sensus saja pejabat negara dpr dan dprd itu baru cocok bagaimana dia punya harta dan uang face with open mouth pemerintah indonesia semakin bobrok dan brengsek terhadap masyarakat indonesia mau dipalak face with open mouth,negatif,negatif,0.8605,negatif,open,-0.012861
33fe7d09bafa1e71ee86cc8daf557a29,youtube,sensus saja pejabat negara dpr dan dprd itu baru cocok bagaimana dia punya harta dan uang face with open mouth pemerintah indonesia semakin bobrok dan brengsek terhadap masyarakat indonesia mau dipalak face with open mouth,negatif,negatif,0.8605,netral,bobrok,-0.02309
33fe7d09bafa1e71ee86cc8daf557a29,youtube,sensus saja pejabat negara dpr dan dprd itu baru cocok bagaimana dia punya harta dan uang face with open mouth pemerintah indonesia semakin bobrok dan brengsek terhadap masyarakat indonesia mau dipalak face with open mouth,negatif,negatif,0.8605,netral,brengsek,-0.017065
33fe7d09bafa1e71ee86cc8daf557a29,youtube,sensus saja pejabat negara dpr dan dprd itu baru cocok bagaimana dia punya harta dan uang face with open mouth pemerintah indonesia semakin bobrok dan brengsek terhadap masyarakat indonesia mau dipalak face with open mouth,negatif,negatif,0.8605,netral,pemerintah,-0.013584
33fe7d09bafa1e71ee86cc8daf557a29,youtube,sensus saja pejabat negara dpr dan dprd itu baru cocok bagaimana dia punya harta dan uang face with open mouth pemerintah indonesia semakin bobrok dan brengsek terhadap masyarakat indonesia mau dipalak face with open mouth,negatif,negatif,0.8605,netral,dipalak,-0.012662
33fe7d09bafa1e71ee86cc8daf557a29,youtube,sensus saja pejabat negara dpr dan dprd itu baru cocok bagaimana dia punya harta dan uang face with open mouth pemerintah indonesia semakin bobrok dan brengsek terhadap masyarakat indonesia mau dipalak face with open mouth,negatif,negatif,0.8605,netral,bagaimana,0.011993
33fe7d09bafa1e71ee86cc8daf557a29,youtube,sensus saja pejabat negara dpr dan dprd itu baru cocok bagaimana dia punya harta dan uang face with open mouth pemerintah indonesia semakin bobrok dan brengsek terhadap masyarakat indonesia mau dipalak face with open mouth,negatif,negatif,0.8605,netral,face,-0.011312
33fe7d09bafa1e71ee86cc8daf557a29,youtube,sensus saja pejabat negara dpr dan dprd itu baru cocok bagaimana dia punya harta dan uang face with open mouth pemerintah indonesia semakin bobrok dan brengsek terhadap masyarakat indonesia mau dipalak face with open mouth,negatif,negatif,0.8605,netral,itu,-0.01065
33fe7d09bafa1e71ee86cc8daf557a29,youtube,sensus saja pejabat negara dpr dan dprd itu baru cocok bagaimana dia punya harta dan uang face with open mouth pemerintah indonesia semakin bobrok dan brengsek terhadap masyarakat indonesia mau dipalak face with open mouth,negatif,negatif,0.8605,netral,dia,-0.008575
33fe7d09bafa1e71ee86cc8daf557a29,youtube,sensus saja pejabat negara dpr dan dprd itu baru cocok bagaimana dia punya harta dan uang face with open mouth pemerintah indonesia semakin bobrok dan brengsek terhadap masyarakat indonesia mau dipalak face with open mouth,negatif,negatif,0.8605,netral,dprd,-0.008204
33fe7d09bafa1e71ee86cc8daf557a29,youtube,sensus saja pejabat negara dpr dan dprd itu baru cocok bagaimana dia punya harta dan uang face with open mouth pemerintah indonesia semakin bobrok dan brengsek terhadap masyarakat indonesia mau dipalak face with open mouth,negatif,negatif,0.8605,netral,open,0.00809
33fe7d09bafa1e71ee86cc8daf557a29,youtube,sensus saja pejabat negara dpr dan dprd itu baru cocok bagaimana dia punya harta dan uang face with open mouth pemerintah indonesia semakin bobrok dan brengsek terhadap masyarakat indonesia mau dipalak face with open mouth,negatif,negatif,0.8605,netral,dan,0.007792
33fe7d09bafa1e71ee86cc8daf557a29,youtube,sensus saja pejabat negara dpr dan dprd itu baru cocok bagaimana dia punya harta dan uang face with open mouth pemerintah indonesia semakin bobrok dan brengsek terhadap masyarakat indonesia mau dipalak face with open mouth,negatif,negatif,0.8605,netral,mouth,0.004328
33fe7d09bafa1e71ee86cc8daf557a29,youtube,sensus saja pejabat negara dpr dan dprd itu baru cocok bagaimana dia punya harta dan uang face with open mouth pemerintah indonesia semakin bobrok dan brengsek terhadap masyarakat indonesia mau dipalak face with open mouth,negatif,negatif,0.8605,positif,bobrok,-0.02968
33fe7d09bafa1e71ee86cc8daf557a29,youtube,sensus saja pejabat negara dpr dan dprd itu baru cocok bagaimana dia punya harta dan uang face with open mouth pemerintah indonesia semakin bobrok dan brengsek terhadap masyarakat indonesia mau dipalak face with open mouth,negatif,negatif,0.8605,positif,bagaimana,-0.019744
33fe7d09bafa1e71ee86cc8daf557a29,youtube,sensus saja pejabat negara dpr dan dprd itu baru cocok bagaimana dia punya harta dan uang face with open mouth pemerintah indonesia semakin bobrok dan brengsek terhadap masyarakat indonesia mau dipalak face with open mouth,negatif,negatif,0.8605,positif,cocok,0.019191
33fe7d09bafa1e71ee86cc8daf557a29,youtube,sensus saja pejabat negara dpr dan dprd itu baru cocok bagaimana dia punya harta dan uang face with open mouth pemerintah indonesia semakin bobrok dan brengsek terhadap masyarakat indonesia mau dipalak face with open mouth,negatif,negatif,0.8605,positif,indonesia,0.018413
33fe7d09bafa1e71ee86cc8daf557a29,youtube,sensus saja pejabat negara dpr dan dprd itu baru cocok bagaimana dia punya harta dan uang face with open mouth pemerintah indonesia semakin bobrok dan brengsek terhadap masyarakat indonesia mau dipalak face with open mouth,negatif,negatif,0.8605,positif,terhadap,-0.018076
33fe7d09bafa1e71ee86cc8daf557a29,youtube,sensus saja pejabat negara dpr dan dprd itu baru cocok bagaimana dia punya harta dan uang face with open mouth pemerintah indonesia semakin bobrok dan brengsek terhadap masyarakat indonesia mau dipalak face with open mouth,negatif,negatif,0.8605,positif,uang,-0.01751
33fe7d09bafa1e71ee86cc8daf557a29,youtube,sensus saja pejabat negara dpr dan dprd itu baru cocok bagaimana dia punya harta dan uang face with open mouth pemerintah indonesia semakin bobrok dan brengsek terhadap masyarakat indonesia mau dipalak face with open mouth,negatif,negatif,0.8605,positif,saja,-0.016206
33fe7d09bafa1e71ee86cc8daf557a29,youtube,sensus saja pejabat negara dpr dan dprd itu baru cocok bagaimana dia punya harta dan uang face with open mouth pemerintah indonesia semakin bobrok dan brengsek terhadap masyarakat indonesia mau dipalak face with open mouth,negatif,negatif,0.8605,positif,semakin,0.013638
33fe7d09bafa1e71ee86cc8daf557a29,youtube,sensus saja pejabat negara dpr dan dprd itu baru cocok bagaimana dia punya harta dan uang face with open mouth pemerintah indonesia semakin bobrok dan brengsek terhadap masyarakat indonesia mau dipalak face with open mouth,negatif,negatif,0.8605,positif,face,-0.012218
33fe7d09bafa1e71ee86cc8daf557a29,youtube,sensus saja pejabat negara dpr dan dprd itu baru cocok bagaimana dia punya harta dan uang face with open mouth pemerintah indonesia semakin bobrok dan brengsek terhadap masyarakat indonesia mau dipalak face with open mouth,negatif,negatif,0.8605,positif,dpr,0.011878
33fe7d09bafa1e71ee86cc8daf557a29,youtube,sensus saja pejabat negara dpr dan dprd itu baru cocok bagaimana dia punya harta dan uang face with open mouth pemerintah indonesia semakin bobrok dan brengsek terhadap masyarakat indonesia mau dipalak face with open mouth,negatif,negatif,0.8605,positif,itu,0.009141
33fe7d09bafa1e71ee86cc8daf557a29,youtube,sensus saja pejabat negara dpr dan dprd itu baru cocok bagaimana dia punya harta dan uang face with open mouth pemerintah indonesia semakin bobrok dan brengsek terhadap masyarakat indonesia mau dipalak face with open mouth,negatif,negatif,0.8605,positif,dan,0.008332
c7f92a3fe4f21db5b6b394f024b32ce2,youtube,mari sukseskan sensus ekonomi 2026 partisipasi kita jawaban kita adalah bentuk sederhana kita dalam mensukseskan sensus ekonomi 2026 jangan tolak petugas yang memakai rompi id card dan membawa surat tugas smiling face with hearts pml kec reban kab batang,positif,positif,0.9639,negatif,sukseskan,-0.144415
c7f92a3fe4f21db5b6b394f024b32ce2,youtube,mari sukseskan sensus ekonomi 2026 partisipasi kita jawaban kita adalah bentuk sederhana kita dalam mensukseskan sensus ekonomi 2026 jangan tolak petugas yang memakai rompi id card dan membawa surat tugas smiling face with hearts pml kec reban kab batang,positif,positif,0.9639,negatif,mensukseskan,-0.062437
c7f92a3fe4f21db5b6b394f024b32ce2,youtube,mari sukseskan sensus ekonomi 2026 partisipasi kita jawaban kita adalah bentuk sederhana kita dalam mensukseskan sensus ekonomi 2026 jangan tolak petugas yang memakai rompi id card dan membawa surat tugas smiling face with hearts pml kec reban kab batang,positif,positif,0.9639,negatif,smiling,-0.051975
c7f92a3fe4f21db5b6b394f024b32ce2,youtube,mari sukseskan sensus ekonomi 2026 partisipasi kita jawaban kita adalah bentuk sederhana kita dalam mensukseskan sensus ekonomi 2026 jangan tolak petugas yang memakai rompi id card dan membawa surat tugas smiling face with hearts pml kec reban kab batang,positif,positif,0.9639,negatif,tugas,0.047994
c7f92a3fe4f21db5b6b394f024b32ce2,youtube,mari sukseskan sensus ekonomi 2026 partisipasi kita jawaban kita adalah bentuk sederhana kita dalam mensukseskan sensus ekonomi 2026 jangan tolak petugas yang memakai rompi id card dan membawa surat tugas smiling face with hearts pml kec reban kab batang,positif,positif,0.9639,negatif,mari,-0.04623
c7f92a3fe4f21db5b6b394f024b32ce2,youtube,mari sukseskan sensus ekonomi 2026 partisipasi kita jawaban kita adalah bentuk sederhana kita dalam mensukseskan sensus ekonomi 2026 jangan tolak petugas yang memakai rompi id card dan membawa surat tugas smiling face with hearts pml kec reban kab batang,positif,positif,0.9639,negatif,petugas,0.040064
c7f92a3fe4f21db5b6b394f024b32ce2,youtube,mari sukseskan sensus ekonomi 2026 partisipasi kita jawaban kita adalah bentuk sederhana kita dalam mensukseskan sensus ekonomi 2026 jangan tolak petugas yang memakai rompi id card dan membawa surat tugas smiling face with hearts pml kec reban kab batang,positif,positif,0.9639,negatif,partisipasi,-0.037302
c7f92a3fe4f21db5b6b394f024b32ce2,youtube,mari sukseskan sensus ekonomi 2026 partisipasi kita jawaban kita adalah bentuk sederhana kita dalam mensukseskan sensus ekonomi 2026 jangan tolak petugas yang memakai rompi id card dan membawa surat tugas smiling face with hearts pml kec reban kab batang,positif,positif,0.9639,negatif,sederhana,-0.033937
c7f92a3fe4f21db5b6b394f024b32ce2,youtube,mari sukseskan sensus ekonomi 2026 partisipasi kita jawaban kita adalah bentuk sederhana kita dalam mensukseskan sensus ekonomi 2026 jangan tolak petugas yang memakai rompi id card dan membawa surat tugas smiling face with hearts pml kec reban kab batang,positif,positif,0.9639,negatif,card,0.033681
c7f92a3fe4f21db5b6b394f024b32ce2,youtube,mari sukseskan sensus ekonomi 2026 partisipasi kita jawaban kita adalah bentuk sederhana kita dalam mensukseskan sensus ekonomi 2026 jangan tolak petugas yang memakai rompi id card dan membawa surat tugas smiling face with hearts pml kec reban kab batang,positif,positif,0.9639,negatif,memakai,0.029131
c7f92a3fe4f21db5b6b394f024b32ce2,youtube,mari sukseskan sensus ekonomi 2026 partisipasi kita jawaban kita adalah bentuk sederhana kita dalam mensukseskan sensus ekonomi 2026 jangan tolak petugas yang memakai rompi id card dan membawa surat tugas smiling face with hearts pml kec reban kab batang,positif,positif,0.9639,negatif,bentuk,-0.022079
c7f92a3fe4f21db5b6b394f024b32ce2,youtube,mari sukseskan sensus ekonomi 2026 partisipasi kita jawaban kita adalah bentuk sederhana kita dalam mensukseskan sensus ekonomi 2026 jangan tolak petugas yang memakai rompi id card dan membawa surat tugas smiling face with hearts pml kec reban kab batang,positif,positif,0.9639,negatif,2026,-0.020056
c7f92a3fe4f21db5b6b394f024b32ce2,youtube,mari sukseskan sensus ekonomi 2026 partisipasi kita jawaban kita adalah bentuk sederhana kita dalam mensukseskan sensus ekonomi 2026 jangan tolak petugas yang memakai rompi id card dan membawa surat tugas smiling face with hearts pml kec reban kab batang,positif,positif,0.9639,netral,sukseskan,-0.097855
c7f92a3fe4f21db5b6b394f024b32ce2,youtube,mari sukseskan sensus ekonomi 2026 partisipasi kita jawaban kita adalah bentuk sederhana kita dalam mensukseskan sensus ekonomi 2026 jangan tolak petugas yang memakai rompi id card dan membawa surat tugas smiling face with hearts pml kec reban kab batang,positif,positif,0.9639,netral,partisipasi,-0.050158
c7f92a3fe4f21db5b6b394f024b32ce2,youtube,mari sukseskan sensus ekonomi 2026 partisipasi kita jawaban kita adalah bentuk sederhana kita dalam mensukseskan sensus ekonomi 2026 jangan tolak petugas yang memakai rompi id card dan membawa surat tugas smiling face with hearts pml kec reban kab batang,positif,positif,0.9639,netral,hearts,-0.047581
c7f92a3fe4f21db5b6b394f024b32ce2,youtube,mari sukseskan sensus ekonomi 2026 partisipasi kita jawaban kita adalah bentuk sederhana kita dalam mensukseskan sensus ekonomi 2026 jangan tolak petugas yang memakai rompi id card dan membawa surat tugas smiling face with hearts pml kec reban kab batang,positif,positif,0.9639,netral,sederhana,-0.038129
c7f92a3fe4f21db5b6b394f024b32ce2,youtube,mari sukseskan sensus ekonomi 2026 partisipasi kita jawaban kita adalah bentuk sederhana kita dalam mensukseskan sensus ekonomi 2026 jangan tolak petugas yang memakai rompi id card dan membawa surat tugas smiling face with hearts pml kec reban kab batang,positif,positif,0.9639,netral,mensukseskan,-0.037954
c7f92a3fe4f21db5b6b394f024b32ce2,youtube,mari sukseskan sensus ekonomi 2026 partisipasi kita jawaban kita adalah bentuk sederhana kita dalam mensukseskan sensus ekonomi 2026 jangan tolak petugas yang memakai rompi id card dan membawa surat tugas smiling face with hearts pml kec reban kab batang,positif,positif,0.9639,netral,adalah,-0.033831
c7f92a3fe4f21db5b6b394f024b32ce2,youtube,mari sukseskan sensus ekonomi 2026 partisipasi kita jawaban kita adalah bentuk sederhana kita dalam mensukseskan sensus ekonomi 2026 jangan tolak petugas yang memakai rompi id card dan membawa surat tugas smiling face with hearts pml kec reban kab batang,positif,positif,0.9639,netral,surat,0.033562
c7f92a3fe4f21db5b6b394f024b32ce2,youtube,mari sukseskan sensus ekonomi 2026 partisipasi kita jawaban kita adalah bentuk sederhana kita dalam mensukseskan sensus ekonomi 2026 jangan tolak petugas yang memakai rompi id card dan membawa surat tugas smiling face with hearts pml kec reban kab batang,positif,positif,0.9639,netral,tolak,-0.026872
c7f92a3fe4f21db5b6b394f024b32ce2,youtube,mari sukseskan sensus ekonomi 2026 partisipasi kita jawaban kita adalah bentuk sederhana kita dalam mensukseskan sensus ekonomi 2026 jangan tolak petugas yang memakai rompi id card dan membawa surat tugas smiling face with hearts pml kec reban kab batang,positif,positif,0.9639,netral,card,0.024255
c7f92a3fe4f21db5b6b394f024b32ce2,youtube,mari sukseskan sensus ekonomi 2026 partisipasi kita jawaban kita adalah bentuk sederhana kita dalam mensukseskan sensus ekonomi 2026 jangan tolak petugas yang memakai rompi id card dan membawa surat tugas smiling face with hearts pml kec reban kab batang,positif,positif,0.9639,netral,kec,0.021275
c7f92a3fe4f21db5b6b394f024b32ce2,youtube,mari sukseskan sensus ekonomi 2026 partisipasi kita jawaban kita adalah bentuk sederhana kita dalam mensukseskan sensus ekonomi 2026 jangan tolak petugas yang memakai rompi id card dan membawa surat tugas smiling face with hearts pml kec reban kab batang,positif,positif,0.9639,netral,dan,0.016907
c7f92a3fe4f21db5b6b394f024b32ce2,youtube,mari sukseskan sensus ekonomi 2026 partisipasi kita jawaban kita adalah bentuk sederhana kita dalam mensukseskan sensus ekonomi 2026 jangan tolak petugas yang memakai rompi id card dan membawa surat tugas smiling face with hearts pml kec reban kab batang,positif,positif,0.9639,netral,with,0.008388
c7f92a3fe4f21db5b6b394f024b32ce2,youtube,mari sukseskan sensus ekonomi 2026 partisipasi kita jawaban kita adalah bentuk sederhana kita dalam mensukseskan sensus ekonomi 2026 jangan tolak petugas yang memakai rompi id card dan membawa surat tugas smiling face with hearts pml kec reban kab batang,positif,positif,0.9639,positif,sukseskan,0.228303
c7f92a3fe4f21db5b6b394f024b32ce2,youtube,mari sukseskan sensus ekonomi 2026 partisipasi kita jawaban kita adalah bentuk sederhana kita dalam mensukseskan sensus ekonomi 2026 jangan tolak petugas yang memakai rompi id card dan membawa surat tugas smiling face with hearts pml kec reban kab batang,positif,positif,0.9639,positif,mensukseskan,0.105615
c7f92a3fe4f21db5b6b394f024b32ce2,youtube,mari sukseskan sensus ekonomi 2026 partisipasi kita jawaban kita adalah bentuk sederhana kita dalam mensukseskan sensus ekonomi 2026 jangan tolak petugas yang memakai rompi id card dan membawa surat tugas smiling face with hearts pml kec reban kab batang,positif,positif,0.9639,positif,partisipasi,0.078682
c7f92a3fe4f21db5b6b394f024b32ce2,youtube,mari sukseskan sensus ekonomi 2026 partisipasi kita jawaban kita adalah bentuk sederhana kita dalam mensukseskan sensus ekonomi 2026 jangan tolak petugas yang memakai rompi id card dan membawa surat tugas smiling face with hearts pml kec reban kab batang,positif,positif,0.9639,positif,hearts,0.075929
c7f92a3fe4f21db5b6b394f024b32ce2,youtube,mari sukseskan sensus ekonomi 2026 partisipasi kita jawaban kita adalah bentuk sederhana kita dalam mensukseskan sensus ekonomi 2026 jangan tolak petugas yang memakai rompi id card dan membawa surat tugas smiling face with hearts pml kec reban kab batang,positif,positif,0.9639,positif,sederhana,0.065614
c7f92a3fe4f21db5b6b394f024b32ce2,youtube,mari sukseskan sensus ekonomi 2026 partisipasi kita jawaban kita adalah bentuk sederhana kita dalam mensukseskan sensus ekonomi 2026 jangan tolak petugas yang memakai rompi id card dan membawa surat tugas smiling face with hearts pml kec reban kab batang,positif,positif,0.9639,positif,card,-0.064979
c7f92a3fe4f21db5b6b394f024b32ce2,youtube,mari sukseskan sensus ekonomi 2026 partisipasi kita jawaban kita adalah bentuk sederhana kita dalam mensukseskan sensus ekonomi 2026 jangan tolak petugas yang memakai rompi id card dan membawa surat tugas smiling face with hearts pml kec reban kab batang,positif,positif,0.9639,positif,tugas,-0.059459
c7f92a3fe4f21db5b6b394f024b32ce2,youtube,mari sukseskan sensus ekonomi 2026 partisipasi kita jawaban kita adalah bentuk sederhana kita dalam mensukseskan sensus ekonomi 2026 jangan tolak petugas yang memakai rompi id card dan membawa surat tugas smiling face with hearts pml kec reban kab batang,positif,positif,0.9639,positif,mari,0.055498
c7f92a3fe4f21db5b6b394f024b32ce2,youtube,mari sukseskan sensus ekonomi 2026 partisipasi kita jawaban kita adalah bentuk sederhana kita dalam mensukseskan sensus ekonomi 2026 jangan tolak petugas yang memakai rompi id card dan membawa surat tugas smiling face with hearts pml kec reban kab batang,positif,positif,0.9639,positif,dan,-0.050411
c7f92a3fe4f21db5b6b394f024b32ce2,youtube,mari sukseskan sensus ekonomi 2026 partisipasi kita jawaban kita adalah bentuk sederhana kita dalam mensukseskan sensus ekonomi 2026 jangan tolak petugas yang memakai rompi id card dan membawa surat tugas smiling face with hearts pml kec reban kab batang,positif,positif,0.9639,positif,adalah,0.032917
c7f92a3fe4f21db5b6b394f024b32ce2,youtube,mari sukseskan sensus ekonomi 2026 partisipasi kita jawaban kita adalah bentuk sederhana kita dalam mensukseskan sensus ekonomi 2026 jangan tolak petugas yang memakai rompi id card dan membawa surat tugas smiling face with hearts pml kec reban kab batang,positif,positif,0.9639,positif,2026,0.032281
c7f92a3fe4f21db5b6b394f024b32ce2,youtube,mari sukseskan sensus ekonomi 2026 partisipasi kita jawaban kita adalah bentuk sederhana kita dalam mensukseskan sensus ekonomi 2026 jangan tolak petugas yang memakai rompi id card dan membawa surat tugas smiling face with hearts pml kec reban kab batang,positif,positif,0.9639,positif,bentuk,0.02162
fac68950d17ca22ad868708f73aacd95,youtube,emangnya badan pusat statistik jujur soal pertumbuhan ekonomi asing saja tidak percaya angkanya,negatif,negatif,0.839,negatif,saja,0.127475
fac68950d17ca22ad868708f73aacd95,youtube,emangnya badan pusat statistik jujur soal pertumbuhan ekonomi asing saja tidak percaya angkanya,negatif,negatif,0.839,negatif,tidak,0.099527
fac68950d17ca22ad868708f73aacd95,youtube,emangnya badan pusat statistik jujur soal pertumbuhan ekonomi asing saja tidak percaya angkanya,negatif,negatif,0.839,negatif,asing,0.095755
fac68950d17ca22ad868708f73aacd95,youtube,emangnya badan pusat statistik jujur soal pertumbuhan ekonomi asing saja tidak percaya angkanya,negatif,negatif,0.839,negatif,percaya,0.093286
fac68950d17ca22ad868708f73aacd95,youtube,emangnya badan pusat statistik jujur soal pertumbuhan ekonomi asing saja tidak percaya angkanya,negatif,negatif,0.839,negatif,badan,0.078121
fac68950d17ca22ad868708f73aacd95,youtube,emangnya badan pusat statistik jujur soal pertumbuhan ekonomi asing saja tidak percaya angkanya,negatif,negatif,0.839,negatif,pusat,-0.040776
fac68950d17ca22ad868708f73aacd95,youtube,emangnya badan pusat statistik jujur soal pertumbuhan ekonomi asing saja tidak percaya angkanya,negatif,negatif,0.839,negatif,emangnya,0.035664
fac68950d17ca22ad868708f73aacd95,youtube,emangnya badan pusat statistik jujur soal pertumbuhan ekonomi asing saja tidak percaya angkanya,negatif,negatif,0.839,negatif,jujur,0.026327
fac68950d17ca22ad868708f73aacd95,youtube,emangnya badan pusat statistik jujur soal pertumbuhan ekonomi asing saja tidak percaya angkanya,negatif,negatif,0.839,negatif,statistik,-0.025966
fac68950d17ca22ad868708f73aacd95,youtube,emangnya badan pusat statistik jujur soal pertumbuhan ekonomi asing saja tidak percaya angkanya,negatif,negatif,0.839,negatif,soal,-0.025523
fac68950d17ca22ad868708f73aacd95,youtube,emangnya badan pusat statistik jujur soal pertumbuhan ekonomi asing saja tidak percaya angkanya,negatif,negatif,0.839,negatif,angkanya,0.022715
fac68950d17ca22ad868708f73aacd95,youtube,emangnya badan pusat statistik jujur soal pertumbuhan ekonomi asing saja tidak percaya angkanya,negatif,negatif,0.839,negatif,ekonomi,-0.015735
fac68950d17ca22ad868708f73aacd95,youtube,emangnya badan pusat statistik jujur soal pertumbuhan ekonomi asing saja tidak percaya angkanya,negatif,negatif,0.839,netral,percaya,-0.09433
fac68950d17ca22ad868708f73aacd95,youtube,emangnya badan pusat statistik jujur soal pertumbuhan ekonomi asing saja tidak percaya angkanya,negatif,negatif,0.839,netral,jujur,-0.079923
fac68950d17ca22ad868708f73aacd95,youtube,emangnya badan pusat statistik jujur soal pertumbuhan ekonomi asing saja tidak percaya angkanya,negatif,negatif,0.839,netral,saja,-0.057074
fac68950d17ca22ad868708f73aacd95,youtube,emangnya badan pusat statistik jujur soal pertumbuhan ekonomi asing saja tidak percaya angkanya,negatif,negatif,0.839,netral,asing,-0.053958
fac68950d17ca22ad868708f73aacd95,youtube,emangnya badan pusat statistik jujur soal pertumbuhan ekonomi asing saja tidak percaya angkanya,negatif,negatif,0.839,netral,tidak,-0.041891
fac68950d17ca22ad868708f73aacd95,youtube,emangnya badan pusat statistik jujur soal pertumbuhan ekonomi asing saja tidak percaya angkanya,negatif,negatif,0.839,netral,statistik,0.039982
fac68950d17ca22ad868708f73aacd95,youtube,emangnya badan pusat statistik jujur soal pertumbuhan ekonomi asing saja tidak percaya angkanya,negatif,negatif,0.839,netral,angkanya,-0.034146
fac68950d17ca22ad868708f73aacd95,youtube,emangnya badan pusat statistik jujur soal pertumbuhan ekonomi asing saja tidak percaya angkanya,negatif,negatif,0.839,netral,badan,-0.033494
fac68950d17ca22ad868708f73aacd95,youtube,emangnya badan pusat statistik jujur soal pertumbuhan ekonomi asing saja tidak percaya angkanya,negatif,negatif,0.839,netral,emangnya,-0.02711
fac68950d17ca22ad868708f73aacd95,youtube,emangnya badan pusat statistik jujur soal pertumbuhan ekonomi asing saja tidak percaya angkanya,negatif,negatif,0.839,netral,pusat,0.021386
fac68950d17ca22ad868708f73aacd95,youtube,emangnya badan pusat statistik jujur soal pertumbuhan ekonomi asing saja tidak percaya angkanya,negatif,negatif,0.839,netral,pertumbuhan,-0.014431
fac68950d17ca22ad868708f73aacd95,youtube,emangnya badan pusat statistik jujur soal pertumbuhan ekonomi asing saja tidak percaya angkanya,negatif,negatif,0.839,netral,ekonomi,-0.009574
fac68950d17ca22ad868708f73aacd95,youtube,emangnya badan pusat statistik jujur soal pertumbuhan ekonomi asing saja tidak percaya angkanya,negatif,negatif,0.839,positif,saja,-0.071066
fac68950d17ca22ad868708f73aacd95,youtube,emangnya badan pusat statistik jujur soal pertumbuhan ekonomi asing saja tidak percaya angkanya,negatif,negatif,0.839,positif,tidak,-0.057796
fac68950d17ca22ad868708f73aacd95,youtube,emangnya badan pusat statistik jujur soal pertumbuhan ekonomi asing saja tidak percaya angkanya,negatif,negatif,0.839,positif,jujur,0.053662
fac68950d17ca22ad868708f73aacd95,youtube,emangnya badan pusat statistik jujur soal pertumbuhan ekonomi asing saja tidak percaya angkanya,negatif,negatif,0.839,positif,badan,-0.045653
fac68950d17ca22ad868708f73aacd95,youtube,emangnya badan pusat statistik jujur soal pertumbuhan ekonomi asing saja tidak percaya angkanya,negatif,negatif,0.839,positif,asing,-0.041872
fac68950d17ca22ad868708f73aacd95,youtube,emangnya badan pusat statistik jujur soal pertumbuhan ekonomi asing saja tidak percaya angkanya,negatif,negatif,0.839,positif,soal,0.031971
fac68950d17ca22ad868708f73aacd95,youtube,emangnya badan pusat statistik jujur soal pertumbuhan ekonomi asing saja tidak percaya angkanya,negatif,negatif,0.839,positif,ekonomi,0.0252
fac68950d17ca22ad868708f73aacd95,youtube,emangnya badan pusat statistik jujur soal pertumbuhan ekonomi asing saja tidak percaya angkanya,negatif,negatif,0.839,positif,pusat,0.019062
fac68950d17ca22ad868708f73aacd95,youtube,emangnya badan pusat statistik jujur soal pertumbuhan ekonomi asing saja tidak percaya angkanya,negatif,negatif,0.839,positif,pertumbuhan,0.015765
fac68950d17ca22ad868708f73aacd95,youtube,emangnya badan pusat statistik jujur soal pertumbuhan ekonomi asing saja tidak percaya angkanya,negatif,negatif,0.839,positif,statistik,-0.013211
fac68950d17ca22ad868708f73aacd95,youtube,emangnya badan pusat statistik jujur soal pertumbuhan ekonomi asing saja tidak percaya angkanya,negatif,negatif,0.839,positif,angkanya,0.011604
fac68950d17ca22ad868708f73aacd95,youtube,emangnya badan pusat statistik jujur soal pertumbuhan ekonomi asing saja tidak percaya angkanya,negatif,negatif,0.839,positif,emangnya,-0.008629
2eee6edd87b9c58fbf236a5b1466c711,youtube,cocok,negatif,positif,0.7842,negatif,cocok,-0.001019
2eee6edd87b9c58fbf236a5b1466c711,youtube,cocok,negatif,positif,0.7842,netral,cocok,-0.044124
2eee6edd87b9c58fbf236a5b1466c711,youtube,cocok,negatif,positif,0.7842,positif,cocok,0.045143
d4b90a389eac0874119cf41de3d11950,threads,betul tidak nyaman pertanyaannya lagian untuk apa pakai difhoto segala ngeri hari begini klw ada yang aneh aneh,negatif,negatif,0.8559,negatif,ngeri,0.095539
d4b90a389eac0874119cf41de3d11950,threads,betul tidak nyaman pertanyaannya lagian untuk apa pakai difhoto segala ngeri hari begini klw ada yang aneh aneh,negatif,negatif,0.8559,negatif,aneh,0.090323
d4b90a389eac0874119cf41de3d11950,threads,betul tidak nyaman pertanyaannya lagian untuk apa pakai difhoto segala ngeri hari begini klw ada yang aneh aneh,negatif,negatif,0.8559,negatif,tidak,0.071048
d4b90a389eac0874119cf41de3d11950,threads,betul tidak nyaman pertanyaannya lagian untuk apa pakai difhoto segala ngeri hari begini klw ada yang aneh aneh,negatif,negatif,0.8559,negatif,segala,0.052562
d4b90a389eac0874119cf41de3d11950,threads,betul tidak nyaman pertanyaannya lagian untuk apa pakai difhoto segala ngeri hari begini klw ada yang aneh aneh,negatif,negatif,0.8559,negatif,untuk,0.051394
d4b90a389eac0874119cf41de3d11950,threads,betul tidak nyaman pertanyaannya lagian untuk apa pakai difhoto segala ngeri hari begini klw ada yang aneh aneh,negatif,negatif,0.8559,negatif,difhoto,0.045375
d4b90a389eac0874119cf41de3d11950,threads,betul tidak nyaman pertanyaannya lagian untuk apa pakai difhoto segala ngeri hari begini klw ada yang aneh aneh,negatif,negatif,0.8559,negatif,lagian,0.029915
d4b90a389eac0874119cf41de3d11950,threads,betul tidak nyaman pertanyaannya lagian untuk apa pakai difhoto segala ngeri hari begini klw ada yang aneh aneh,negatif,negatif,0.8559,negatif,hari,-0.025496
d4b90a389eac0874119cf41de3d11950,threads,betul tidak nyaman pertanyaannya lagian untuk apa pakai difhoto segala ngeri hari begini klw ada yang aneh aneh,negatif,negatif,0.8559,negatif,betul,0.02491
d4b90a389eac0874119cf41de3d11950,threads,betul tidak nyaman pertanyaannya lagian untuk apa pakai difhoto segala ngeri hari begini klw ada yang aneh aneh,negatif,negatif,0.8559,negatif,begini,0.022738
d4b90a389eac0874119cf41de3d11950,threads,betul tidak nyaman pertanyaannya lagian untuk apa pakai difhoto segala ngeri hari begini klw ada yang aneh aneh,negatif,negatif,0.8559,negatif,nyaman,0.017881
d4b90a389eac0874119cf41de3d11950,threads,betul tidak nyaman pertanyaannya lagian untuk apa pakai difhoto segala ngeri hari begini klw ada yang aneh aneh,negatif,negatif,0.8559,negatif,yang,-0.016587
d4b90a389eac0874119cf41de3d11950,threads,betul tidak nyaman pertanyaannya lagian untuk apa pakai difhoto segala ngeri hari begini klw ada yang aneh aneh,negatif,negatif,0.8559,netral,ngeri,-0.077495
d4b90a389eac0874119cf41de3d11950,threads,betul tidak nyaman pertanyaannya lagian untuk apa pakai difhoto segala ngeri hari begini klw ada yang aneh aneh,negatif,negatif,0.8559,netral,aneh,-0.060336
d4b90a389eac0874119cf41de3d11950,threads,betul tidak nyaman pertanyaannya lagian untuk apa pakai difhoto segala ngeri hari begini klw ada yang aneh aneh,negatif,negatif,0.8559,netral,nyaman,-0.052131
d4b90a389eac0874119cf41de3d11950,threads,betul tidak nyaman pertanyaannya lagian untuk apa pakai difhoto segala ngeri hari begini klw ada yang aneh aneh,negatif,negatif,0.8559,netral,segala,-0.042504
d4b90a389eac0874119cf41de3d11950,threads,betul tidak nyaman pertanyaannya lagian untuk apa pakai difhoto segala ngeri hari begini klw ada yang aneh aneh,negatif,negatif,0.8559,netral,untuk,-0.037386
d4b90a389eac0874119cf41de3d11950,threads,betul tidak nyaman pertanyaannya lagian untuk apa pakai difhoto segala ngeri hari begini klw ada yang aneh aneh,negatif,negatif,0.8559,netral,tidak,-0.034337
d4b90a389eac0874119cf41de3d11950,threads,betul tidak nyaman pertanyaannya lagian untuk apa pakai difhoto segala ngeri hari begini klw ada yang aneh aneh,negatif,negatif,0.8559,netral,betul,-0.024122
d4b90a389eac0874119cf41de3d11950,threads,betul tidak nyaman pertanyaannya lagian untuk apa pakai difhoto segala ngeri hari begini klw ada yang aneh aneh,negatif,negatif,0.8559,netral,yang,0.022771
d4b90a389eac0874119cf41de3d11950,threads,betul tidak nyaman pertanyaannya lagian untuk apa pakai difhoto segala ngeri hari begini klw ada yang aneh aneh,negatif,negatif,0.8559,netral,difhoto,-0.019788
d4b90a389eac0874119cf41de3d11950,threads,betul tidak nyaman pertanyaannya lagian untuk apa pakai difhoto segala ngeri hari begini klw ada yang aneh aneh,negatif,negatif,0.8559,netral,apa,0.015834
d4b90a389eac0874119cf41de3d11950,threads,betul tidak nyaman pertanyaannya lagian untuk apa pakai difhoto segala ngeri hari begini klw ada yang aneh aneh,negatif,negatif,0.8559,netral,begini,-0.015242
d4b90a389eac0874119cf41de3d11950,threads,betul tidak nyaman pertanyaannya lagian untuk apa pakai difhoto segala ngeri hari begini klw ada yang aneh aneh,negatif,negatif,0.8559,netral,lagian,-0.014183
d4b90a389eac0874119cf41de3d11950,threads,betul tidak nyaman pertanyaannya lagian untuk apa pakai difhoto segala ngeri hari begini klw ada yang aneh aneh,negatif,negatif,0.8559,positif,tidak,-0.036092
d4b90a389eac0874119cf41de3d11950,threads,betul tidak nyaman pertanyaannya lagian untuk apa pakai difhoto segala ngeri hari begini klw ada yang aneh aneh,negatif,negatif,0.8559,positif,nyaman,0.031808
d4b90a389eac0874119cf41de3d11950,threads,betul tidak nyaman pertanyaannya lagian untuk apa pakai difhoto segala ngeri hari begini klw ada yang aneh aneh,negatif,negatif,0.8559,positif,aneh,-0.028726
d4b90a389eac0874119cf41de3d11950,threads,betul tidak nyaman pertanyaannya lagian untuk apa pakai difhoto segala ngeri hari begini klw ada yang aneh aneh,negatif,negatif,0.8559,positif,difhoto,-0.026366
d4b90a389eac0874119cf41de3d11950,threads,betul tidak nyaman pertanyaannya lagian untuk apa pakai difhoto segala ngeri hari begini klw ada yang aneh aneh,negatif,negatif,0.8559,positif,apa,-0.024435
d4b90a389eac0874119cf41de3d11950,threads,betul tidak nyaman pertanyaannya lagian untuk apa pakai difhoto segala ngeri hari begini klw ada yang aneh aneh,negatif,negatif,0.8559,positif,hari,0.023249
d4b90a389eac0874119cf41de3d11950,threads,betul tidak nyaman pertanyaannya lagian untuk apa pakai difhoto segala ngeri hari begini klw ada yang aneh aneh,negatif,negatif,0.8559,positif,lagian,-0.018121
d4b90a389eac0874119cf41de3d11950,threads,betul tidak nyaman pertanyaannya lagian untuk apa pakai difhoto segala ngeri hari begini klw ada yang aneh aneh,negatif,negatif,0.8559,positif,ngeri,-0.016761
d4b90a389eac0874119cf41de3d11950,threads,betul tidak nyaman pertanyaannya lagian untuk apa pakai difhoto segala ngeri hari begini klw ada yang aneh aneh,negatif,negatif,0.8559,positif,untuk,-0.014939
d4b90a389eac0874119cf41de3d11950,threads,betul tidak nyaman pertanyaannya lagian untuk apa pakai difhoto segala ngeri hari begini klw ada yang aneh aneh,negatif,negatif,0.8559,positif,segala,-0.009723
d4b90a389eac0874119cf41de3d11950,threads,betul tidak nyaman pertanyaannya lagian untuk apa pakai difhoto segala ngeri hari begini klw ada yang aneh aneh,negatif,negatif,0.8559,positif,pertanyaannya,0.00971
d4b90a389eac0874119cf41de3d11950,threads,betul tidak nyaman pertanyaannya lagian untuk apa pakai difhoto segala ngeri hari begini klw ada yang aneh aneh,negatif,negatif,0.8559,positif,begini,-0.007538
f47e295c9880995bdd5babc3dbf4628b,playstore,semoga akan bisa terus di updeat atau di perbaiki karena setiap menit selalu gangguan,negatif,negatif,0.8367,negatif,gangguan,0.367215
f47e295c9880995bdd5babc3dbf4628b,playstore,semoga akan bisa terus di updeat atau di perbaiki karena setiap menit selalu gangguan,negatif,negatif,0.8367,negatif,selalu,0.247283
f47e295c9880995bdd5babc3dbf4628b,playstore,semoga akan bisa terus di updeat atau di perbaiki karena setiap menit selalu gangguan,negatif,negatif,0.8367,negatif,menit,0.220072
f47e295c9880995bdd5babc3dbf4628b,playstore,semoga akan bisa terus di updeat atau di perbaiki karena setiap menit selalu gangguan,negatif,negatif,0.8367,negatif,semoga,-0.143294
f47e295c9880995bdd5babc3dbf4628b,playstore,semoga akan bisa terus di updeat atau di perbaiki karena setiap menit selalu gangguan,negatif,negatif,0.8367,negatif,akan,0.078156
f47e295c9880995bdd5babc3dbf4628b,playstore,semoga akan bisa terus di updeat atau di perbaiki karena setiap menit selalu gangguan,negatif,negatif,0.8367,negatif,di,0.077773
f47e295c9880995bdd5babc3dbf4628b,playstore,semoga akan bisa terus di updeat atau di perbaiki karena setiap menit selalu gangguan,negatif,negatif,0.8367,negatif,setiap,-0.076212
f47e295c9880995bdd5babc3dbf4628b,playstore,semoga akan bisa terus di updeat atau di perbaiki karena setiap menit selalu gangguan,negatif,negatif,0.8367,negatif,bisa,-0.036608
f47e295c9880995bdd5babc3dbf4628b,playstore,semoga akan bisa terus di updeat atau di perbaiki karena setiap menit selalu gangguan,negatif,negatif,0.8367,negatif,atau,-0.032277
f47e295c9880995bdd5babc3dbf4628b,playstore,semoga akan bisa terus di updeat atau di perbaiki karena setiap menit selalu gangguan,negatif,negatif,0.8367,negatif,karena,0.021767
f47e295c9880995bdd5babc3dbf4628b,playstore,semoga akan bisa terus di updeat atau di perbaiki karena setiap menit selalu gangguan,negatif,negatif,0.8367,negatif,perbaiki,-0.021082
f47e295c9880995bdd5babc3dbf4628b,playstore,semoga akan bisa terus di updeat atau di perbaiki karena setiap menit selalu gangguan,negatif,negatif,0.8367,negatif,updeat,0.012864
f47e295c9880995bdd5babc3dbf4628b,playstore,semoga akan bisa terus di updeat atau di perbaiki karena setiap menit selalu gangguan,negatif,negatif,0.8367,netral,selalu,-0.239913
f47e295c9880995bdd5babc3dbf4628b,playstore,semoga akan bisa terus di updeat atau di perbaiki karena setiap menit selalu gangguan,negatif,negatif,0.8367,netral,gangguan,-0.212109
f47e295c9880995bdd5babc3dbf4628b,playstore,semoga akan bisa terus di updeat atau di perbaiki karena setiap menit selalu gangguan,negatif,negatif,0.8367,netral,menit,-0.179102
f47e295c9880995bdd5babc3dbf4628b,playstore,semoga akan bisa terus di updeat atau di perbaiki karena setiap menit selalu gangguan,negatif,negatif,0.8367,netral,updeat,-0.091305
f47e295c9880995bdd5babc3dbf4628b,playstore,semoga akan bisa terus di updeat atau di perbaiki karena setiap menit selalu gangguan,negatif,negatif,0.8367,netral,di,-0.087249
f47e295c9880995bdd5babc3dbf4628b,playstore,semoga akan bisa terus di updeat atau di perbaiki karena setiap menit selalu gangguan,negatif,negatif,0.8367,netral,akan,-0.061839
f47e295c9880995bdd5babc3dbf4628b,playstore,semoga akan bisa terus di updeat atau di perbaiki karena setiap menit selalu gangguan,negatif,negatif,0.8367,netral,perbaiki,0.0576
f47e295c9880995bdd5babc3dbf4628b,playstore,semoga akan bisa terus di updeat atau di perbaiki karena setiap menit selalu gangguan,negatif,negatif,0.8367,netral,semoga,0.0503
f47e295c9880995bdd5babc3dbf4628b,playstore,semoga akan bisa terus di updeat atau di perbaiki karena setiap menit selalu gangguan,negatif,negatif,0.8367,netral,atau,0.046901
f47e295c9880995bdd5babc3dbf4628b,playstore,semoga akan bisa terus di updeat atau di perbaiki karena setiap menit selalu gangguan,negatif,negatif,0.8367,netral,bisa,-0.046843
f47e295c9880995bdd5babc3dbf4628b,playstore,semoga akan bisa terus di updeat atau di perbaiki karena setiap menit selalu gangguan,negatif,negatif,0.8367,netral,karena,0.031919
f47e295c9880995bdd5babc3dbf4628b,playstore,semoga akan bisa terus di updeat atau di perbaiki karena setiap menit selalu gangguan,negatif,negatif,0.8367,netral,setiap,-0.019993
f47e295c9880995bdd5babc3dbf4628b,playstore,semoga akan bisa terus di updeat atau di perbaiki karena setiap menit selalu gangguan,negatif,negatif,0.8367,positif,gangguan,-0.152546
f47e295c9880995bdd5babc3dbf4628b,playstore,semoga akan bisa terus di updeat atau di perbaiki karena setiap menit selalu gangguan,negatif,negatif,0.8367,positif,setiap,0.097331
f47e295c9880995bdd5babc3dbf4628b,playstore,semoga akan bisa terus di updeat atau di perbaiki karena setiap menit selalu gangguan,negatif,negatif,0.8367,positif,semoga,0.088772
f47e295c9880995bdd5babc3dbf4628b,playstore,semoga akan bisa terus di updeat atau di perbaiki karena setiap menit selalu gangguan,negatif,negatif,0.8367,positif,bisa,0.080148
f47e295c9880995bdd5babc3dbf4628b,playstore,semoga akan bisa terus di updeat atau di perbaiki karena setiap menit selalu gangguan,negatif,negatif,0.8367,positif,updeat,0.076643
f47e295c9880995bdd5babc3dbf4628b,playstore,semoga akan bisa terus di updeat atau di perbaiki karena setiap menit selalu gangguan,negatif,negatif,0.8367,positif,karena,-0.05972
f47e295c9880995bdd5babc3dbf4628b,playstore,semoga akan bisa terus di updeat atau di perbaiki karena setiap menit selalu gangguan,negatif,negatif,0.8367,positif,menit,-0.040901
f47e295c9880995bdd5babc3dbf4628b,playstore,semoga akan bisa terus di updeat atau di perbaiki karena setiap menit selalu gangguan,negatif,negatif,0.8367,positif,perbaiki,-0.037204
f47e295c9880995bdd5babc3dbf4628b,playstore,semoga akan bisa terus di updeat atau di perbaiki karena setiap menit selalu gangguan,negatif,negatif,0.8367,positif,terus,0.02931
f47e295c9880995bdd5babc3dbf4628b,playstore,semoga akan bisa terus di updeat atau di perbaiki karena setiap menit selalu gangguan,negatif,negatif,0.8367,positif,atau,-0.015955
f47e295c9880995bdd5babc3dbf4628b,playstore,semoga akan bisa terus di updeat atau di perbaiki karena setiap menit selalu gangguan,negatif,negatif,0.8367,positif,selalu,-0.013299
f47e295c9880995bdd5babc3dbf4628b,playstore,semoga akan bisa terus di updeat atau di perbaiki karena setiap menit selalu gangguan,negatif,negatif,0.8367,positif,akan,-0.012657
ef2f79838aa3b142a0a0b6db3ff5dfc7,youtube,di tempat saya yang jadi petugas sensus sekeluarga g jelas rekrutnya ini yang membuat kepercayaan publik hilang,negatif,negatif,0.8768,negatif,hilang,0.213135
ef2f79838aa3b142a0a0b6db3ff5dfc7,youtube,di tempat saya yang jadi petugas sensus sekeluarga g jelas rekrutnya ini yang membuat kepercayaan publik hilang,negatif,negatif,0.8768,negatif,g,0.099378
ef2f79838aa3b142a0a0b6db3ff5dfc7,youtube,di tempat saya yang jadi petugas sensus sekeluarga g jelas rekrutnya ini yang membuat kepercayaan publik hilang,negatif,negatif,0.8768,negatif,jelas,0.092407
ef2f79838aa3b142a0a0b6db3ff5dfc7,youtube,di tempat saya yang jadi petugas sensus sekeluarga g jelas rekrutnya ini yang membuat kepercayaan publik hilang,negatif,negatif,0.8768,negatif,rekrutnya,0.089942
ef2f79838aa3b142a0a0b6db3ff5dfc7,youtube,di tempat saya yang jadi petugas sensus sekeluarga g jelas rekrutnya ini yang membuat kepercayaan publik hilang,negatif,negatif,0.8768,negatif,membuat,0.084718
ef2f79838aa3b142a0a0b6db3ff5dfc7,youtube,di tempat saya yang jadi petugas sensus sekeluarga g jelas rekrutnya ini yang membuat kepercayaan publik hilang,negatif,negatif,0.8768,negatif,publik,0.074565
ef2f79838aa3b142a0a0b6db3ff5dfc7,youtube,di tempat saya yang jadi petugas sensus sekeluarga g jelas rekrutnya ini yang membuat kepercayaan publik hilang,negatif,negatif,0.8768,negatif,jadi,0.045652
ef2f79838aa3b142a0a0b6db3ff5dfc7,youtube,di tempat saya yang jadi petugas sensus sekeluarga g jelas rekrutnya ini yang membuat kepercayaan publik hilang,negatif,negatif,0.8768,negatif,ini,-0.042627
ef2f79838aa3b142a0a0b6db3ff5dfc7,youtube,di tempat saya yang jadi petugas sensus sekeluarga g jelas rekrutnya ini yang membuat kepercayaan publik hilang,negatif,negatif,0.8768,negatif,sensus,0.031234
ef2f79838aa3b142a0a0b6db3ff5dfc7,youtube,di tempat saya yang jadi petugas sensus sekeluarga g jelas rekrutnya ini yang membuat kepercayaan publik hilang,negatif,negatif,0.8768,negatif,saya,-0.023374
ef2f79838aa3b142a0a0b6db3ff5dfc7,youtube,di tempat saya yang jadi petugas sensus sekeluarga g jelas rekrutnya ini yang membuat kepercayaan publik hilang,negatif,negatif,0.8768,negatif,yang,-0.020909
ef2f79838aa3b142a0a0b6db3ff5dfc7,youtube,di tempat saya yang jadi petugas sensus sekeluarga g jelas rekrutnya ini yang membuat kepercayaan publik hilang,negatif,negatif,0.8768,negatif,sekeluarga,-0.008852
ef2f79838aa3b142a0a0b6db3ff5dfc7,youtube,di tempat saya yang jadi petugas sensus sekeluarga g jelas rekrutnya ini yang membuat kepercayaan publik hilang,negatif,negatif,0.8768,netral,rekrutnya,-0.084754
ef2f79838aa3b142a0a0b6db3ff5dfc7,youtube,di tempat saya yang jadi petugas sensus sekeluarga g jelas rekrutnya ini yang membuat kepercayaan publik hilang,negatif,negatif,0.8768,netral,jelas,-0.075633
ef2f79838aa3b142a0a0b6db3ff5dfc7,youtube,di tempat saya yang jadi petugas sensus sekeluarga g jelas rekrutnya ini yang membuat kepercayaan publik hilang,negatif,negatif,0.8768,netral,membuat,-0.075377
ef2f79838aa3b142a0a0b6db3ff5dfc7,youtube,di tempat saya yang jadi petugas sensus sekeluarga g jelas rekrutnya ini yang membuat kepercayaan publik hilang,negatif,negatif,0.8768,netral,hilang,-0.069754
ef2f79838aa3b142a0a0b6db3ff5dfc7,youtube,di tempat saya yang jadi petugas sensus sekeluarga g jelas rekrutnya ini yang membuat kepercayaan publik hilang,negatif,negatif,0.8768,netral,kepercayaan,-0.068699
ef2f79838aa3b142a0a0b6db3ff5dfc7,youtube,di tempat saya yang jadi petugas sensus sekeluarga g jelas rekrutnya ini yang membuat kepercayaan publik hilang,negatif,negatif,0.8768,netral,jadi,-0.04799
ef2f79838aa3b142a0a0b6db3ff5dfc7,youtube,di tempat saya yang jadi petugas sensus sekeluarga g jelas rekrutnya ini yang membuat kepercayaan publik hilang,negatif,negatif,0.8768,netral,publik,-0.045895
ef2f79838aa3b142a0a0b6db3ff5dfc7,youtube,di tempat saya yang jadi petugas sensus sekeluarga g jelas rekrutnya ini yang membuat kepercayaan publik hilang,negatif,negatif,0.8768,netral,di,0.036313
ef2f79838aa3b142a0a0b6db3ff5dfc7,youtube,di tempat saya yang jadi petugas sensus sekeluarga g jelas rekrutnya ini yang membuat kepercayaan publik hilang,negatif,negatif,0.8768,netral,petugas,0.031486
ef2f79838aa3b142a0a0b6db3ff5dfc7,youtube,di tempat saya yang jadi petugas sensus sekeluarga g jelas rekrutnya ini yang membuat kepercayaan publik hilang,negatif,negatif,0.8768,netral,sensus,-0.027076
ef2f79838aa3b142a0a0b6db3ff5dfc7,youtube,di tempat saya yang jadi petugas sensus sekeluarga g jelas rekrutnya ini yang membuat kepercayaan publik hilang,negatif,negatif,0.8768,netral,ini,-0.022673
ef2f79838aa3b142a0a0b6db3ff5dfc7,youtube,di tempat saya yang jadi petugas sensus sekeluarga g jelas rekrutnya ini yang membuat kepercayaan publik hilang,negatif,negatif,0.8768,netral,yang,0.019239
ef2f79838aa3b142a0a0b6db3ff5dfc7,youtube,di tempat saya yang jadi petugas sensus sekeluarga g jelas rekrutnya ini yang membuat kepercayaan publik hilang,negatif,negatif,0.8768,positif,hilang,-0.145428
ef2f79838aa3b142a0a0b6db3ff5dfc7,youtube,di tempat saya yang jadi petugas sensus sekeluarga g jelas rekrutnya ini yang membuat kepercayaan publik hilang,negatif,negatif,0.8768,positif,g,-0.09008
ef2f79838aa3b142a0a0b6db3ff5dfc7,youtube,di tempat saya yang jadi petugas sensus sekeluarga g jelas rekrutnya ini yang membuat kepercayaan publik hilang,negatif,negatif,0.8768,positif,ini,0.064889
ef2f79838aa3b142a0a0b6db3ff5dfc7,youtube,di tempat saya yang jadi petugas sensus sekeluarga g jelas rekrutnya ini yang membuat kepercayaan publik hilang,negatif,negatif,0.8768,positif,kepercayaan,0.061307
ef2f79838aa3b142a0a0b6db3ff5dfc7,youtube,di tempat saya yang jadi petugas sensus sekeluarga g jelas rekrutnya ini yang membuat kepercayaan publik hilang,negatif,negatif,0.8768,positif,publik,-0.029989
ef2f79838aa3b142a0a0b6db3ff5dfc7,youtube,di tempat saya yang jadi petugas sensus sekeluarga g jelas rekrutnya ini yang membuat kepercayaan publik hilang,negatif,negatif,0.8768,positif,petugas,-0.022147
ef2f79838aa3b142a0a0b6db3ff5dfc7,youtube,di tempat saya yang jadi petugas sensus sekeluarga g jelas rekrutnya ini yang membuat kepercayaan publik hilang,negatif,negatif,0.8768,positif,jelas,-0.018033
ef2f79838aa3b142a0a0b6db3ff5dfc7,youtube,di tempat saya yang jadi petugas sensus sekeluarga g jelas rekrutnya ini yang membuat kepercayaan publik hilang,negatif,negatif,0.8768,positif,di,-0.016418
ef2f79838aa3b142a0a0b6db3ff5dfc7,youtube,di tempat saya yang jadi petugas sensus sekeluarga g jelas rekrutnya ini yang membuat kepercayaan publik hilang,negatif,negatif,0.8768,positif,membuat,-0.010161
ef2f79838aa3b142a0a0b6db3ff5dfc7,youtube,di tempat saya yang jadi petugas sensus sekeluarga g jelas rekrutnya ini yang membuat kepercayaan publik hilang,negatif,negatif,0.8768,positif,sekeluarga,0.008695
ef2f79838aa3b142a0a0b6db3ff5dfc7,youtube,di tempat saya yang jadi petugas sensus sekeluarga g jelas rekrutnya ini yang membuat kepercayaan publik hilang,negatif,negatif,0.8768,positif,tempat,-0.005518
ef2f79838aa3b142a0a0b6db3ff5dfc7,youtube,di tempat saya yang jadi petugas sensus sekeluarga g jelas rekrutnya ini yang membuat kepercayaan publik hilang,negatif,negatif,0.8768,positif,saya,0.003147
57d928c9c566f5b564f2e5d7d7ba7461,youtube,ujung ujyng nya pajak rakyat lg sulit di peres lg cuma di konoha,negatif,negatif,0.8614,negatif,sulit,0.04368
57d928c9c566f5b564f2e5d7d7ba7461,youtube,ujung ujyng nya pajak rakyat lg sulit di peres lg cuma di konoha,negatif,negatif,0.8614,negatif,pajak,0.037426
57d928c9c566f5b564f2e5d7d7ba7461,youtube,ujung ujyng nya pajak rakyat lg sulit di peres lg cuma di konoha,negatif,negatif,0.8614,negatif,rakyat,0.034263
57d928c9c566f5b564f2e5d7d7ba7461,youtube,ujung ujyng nya pajak rakyat lg sulit di peres lg cuma di konoha,negatif,negatif,0.8614,negatif,ujyng,0.030469
57d928c9c566f5b564f2e5d7d7ba7461,youtube,ujung ujyng nya pajak rakyat lg sulit di peres lg cuma di konoha,negatif,negatif,0.8614,negatif,cuma,0.026038
57d928c9c566f5b564f2e5d7d7ba7461,youtube,ujung ujyng nya pajak rakyat lg sulit di peres lg cuma di konoha,negatif,negatif,0.8614,negatif,ujung,0.021137
57d928c9c566f5b564f2e5d7d7ba7461,youtube,ujung ujyng nya pajak rakyat lg sulit di peres lg cuma di konoha,negatif,negatif,0.8614,negatif,nya,0.017839
57d928c9c566f5b564f2e5d7d7ba7461,youtube,ujung ujyng nya pajak rakyat lg sulit di peres lg cuma di konoha,negatif,negatif,0.8614,negatif,konoha,0.012886
57d928c9c566f5b564f2e5d7d7ba7461,youtube,ujung ujyng nya pajak rakyat lg sulit di peres lg cuma di konoha,negatif,negatif,0.8614,negatif,di,-0.010679
57d928c9c566f5b564f2e5d7d7ba7461,youtube,ujung ujyng nya pajak rakyat lg sulit di peres lg cuma di konoha,negatif,negatif,0.8614,negatif,peres,0.00927
57d928c9c566f5b564f2e5d7d7ba7461,youtube,ujung ujyng nya pajak rakyat lg sulit di peres lg cuma di konoha,negatif,negatif,0.8614,negatif,lg,0.000549
57d928c9c566f5b564f2e5d7d7ba7461,youtube,ujung ujyng nya pajak rakyat lg sulit di peres lg cuma di konoha,negatif,negatif,0.8614,netral,sulit,-0.044995
57d928c9c566f5b564f2e5d7d7ba7461,youtube,ujung ujyng nya pajak rakyat lg sulit di peres lg cuma di konoha,negatif,negatif,0.8614,netral,rakyat,-0.032028
57d928c9c566f5b564f2e5d7d7ba7461,youtube,ujung ujyng nya pajak rakyat lg sulit di peres lg cuma di konoha,negatif,negatif,0.8614,netral,ujyng,-0.030327
57d928c9c566f5b564f2e5d7d7ba7461,youtube,ujung ujyng nya pajak rakyat lg sulit di peres lg cuma di konoha,negatif,negatif,0.8614,netral,pajak,-0.029891
57d928c9c566f5b564f2e5d7d7ba7461,youtube,ujung ujyng nya pajak rakyat lg sulit di peres lg cuma di konoha,negatif,negatif,0.8614,netral,cuma,-0.022371
57d928c9c566f5b564f2e5d7d7ba7461,youtube,ujung ujyng nya pajak rakyat lg sulit di peres lg cuma di konoha,negatif,negatif,0.8614,netral,ujung,-0.022332
57d928c9c566f5b564f2e5d7d7ba7461,youtube,ujung ujyng nya pajak rakyat lg sulit di peres lg cuma di konoha,negatif,negatif,0.8614,netral,konoha,-0.019506
57d928c9c566f5b564f2e5d7d7ba7461,youtube,ujung ujyng nya pajak rakyat lg sulit di peres lg cuma di konoha,negatif,negatif,0.8614,netral,nya,-0.017916
57d928c9c566f5b564f2e5d7d7ba7461,youtube,ujung ujyng nya pajak rakyat lg sulit di peres lg cuma di konoha,negatif,negatif,0.8614,netral,di,0.01165
57d928c9c566f5b564f2e5d7d7ba7461,youtube,ujung ujyng nya pajak rakyat lg sulit di peres lg cuma di konoha,negatif,negatif,0.8614,netral,peres,-0.010406
57d928c9c566f5b564f2e5d7d7ba7461,youtube,ujung ujyng nya pajak rakyat lg sulit di peres lg cuma di konoha,negatif,negatif,0.8614,netral,lg,0.007985
57d928c9c566f5b564f2e5d7d7ba7461,youtube,ujung ujyng nya pajak rakyat lg sulit di peres lg cuma di konoha,negatif,negatif,0.8614,positif,lg,-0.008534
57d928c9c566f5b564f2e5d7d7ba7461,youtube,ujung ujyng nya pajak rakyat lg sulit di peres lg cuma di konoha,negatif,negatif,0.8614,positif,pajak,-0.007535
57d928c9c566f5b564f2e5d7d7ba7461,youtube,ujung ujyng nya pajak rakyat lg sulit di peres lg cuma di konoha,negatif,negatif,0.8614,positif,konoha,0.00662
57d928c9c566f5b564f2e5d7d7ba7461,youtube,ujung ujyng nya pajak rakyat lg sulit di peres lg cuma di konoha,negatif,negatif,0.8614,positif,cuma,-0.003666
57d928c9c566f5b564f2e5d7d7ba7461,youtube,ujung ujyng nya pajak rakyat lg sulit di peres lg cuma di konoha,negatif,negatif,0.8614,positif,rakyat,-0.002236
57d928c9c566f5b564f2e5d7d7ba7461,youtube,ujung ujyng nya pajak rakyat lg sulit di peres lg cuma di konoha,negatif,negatif,0.8614,positif,sulit,0.001315
57d928c9c566f5b564f2e5d7d7ba7461,youtube,ujung ujyng nya pajak rakyat lg sulit di peres lg cuma di konoha,negatif,negatif,0.8614,positif,ujung,0.001195
57d928c9c566f5b564f2e5d7d7ba7461,youtube,ujung ujyng nya pajak rakyat lg sulit di peres lg cuma di konoha,negatif,negatif,0.8614,positif,peres,0.001135
57d928c9c566f5b564f2e5d7d7ba7461,youtube,ujung ujyng nya pajak rakyat lg sulit di peres lg cuma di konoha,negatif,negatif,0.8614,positif,di,-0.000971
57d928c9c566f5b564f2e5d7d7ba7461,youtube,ujung ujyng nya pajak rakyat lg sulit di peres lg cuma di konoha,negatif,negatif,0.8614,positif,ujyng,-0.000141
57d928c9c566f5b564f2e5d7d7ba7461,youtube,ujung ujyng nya pajak rakyat lg sulit di peres lg cuma di konoha,negatif,negatif,0.8614,positif,nya,7.7e-05
79398a5124a2a3ce67cc5a64fbadaa44,youtube,bagaimana cara bngun ekonomi para penguasa bnyak yang korup uang hbis d korup para koruptor tidak d hukum mati jdi tdak ada efek jera kalau cuma ngebacot saja smua orng bisa,negatif,negatif,0.8544,negatif,korup,0.024728
79398a5124a2a3ce67cc5a64fbadaa44,youtube,bagaimana cara bngun ekonomi para penguasa bnyak yang korup uang hbis d korup para koruptor tidak d hukum mati jdi tdak ada efek jera kalau cuma ngebacot saja smua orng bisa,negatif,negatif,0.8544,negatif,uang,0.021103
79398a5124a2a3ce67cc5a64fbadaa44,youtube,bagaimana cara bngun ekonomi para penguasa bnyak yang korup uang hbis d korup para koruptor tidak d hukum mati jdi tdak ada efek jera kalau cuma ngebacot saja smua orng bisa,negatif,negatif,0.8544,negatif,koruptor,0.017149
79398a5124a2a3ce67cc5a64fbadaa44,youtube,bagaimana cara bngun ekonomi para penguasa bnyak yang korup uang hbis d korup para koruptor tidak d hukum mati jdi tdak ada efek jera kalau cuma ngebacot saja smua orng bisa,negatif,negatif,0.8544,negatif,cuma,0.016259
79398a5124a2a3ce67cc5a64fbadaa44,youtube,bagaimana cara bngun ekonomi para penguasa bnyak yang korup uang hbis d korup para koruptor tidak d hukum mati jdi tdak ada efek jera kalau cuma ngebacot saja smua orng bisa,negatif,negatif,0.8544,negatif,ngebacot,0.014234
79398a5124a2a3ce67cc5a64fbadaa44,youtube,bagaimana cara bngun ekonomi para penguasa bnyak yang korup uang hbis d korup para koruptor tidak d hukum mati jdi tdak ada efek jera kalau cuma ngebacot saja smua orng bisa,negatif,negatif,0.8544,negatif,mati,0.014185
79398a5124a2a3ce67cc5a64fbadaa44,youtube,bagaimana cara bngun ekonomi para penguasa bnyak yang korup uang hbis d korup para koruptor tidak d hukum mati jdi tdak ada efek jera kalau cuma ngebacot saja smua orng bisa,negatif,negatif,0.8544,negatif,smua,-0.013543
79398a5124a2a3ce67cc5a64fbadaa44,youtube,bagaimana cara bngun ekonomi para penguasa bnyak yang korup uang hbis d korup para koruptor tidak d hukum mati jdi tdak ada efek jera kalau cuma ngebacot saja smua orng bisa,negatif,negatif,0.8544,negatif,hukum,0.012125
79398a5124a2a3ce67cc5a64fbadaa44,youtube,bagaimana cara bngun ekonomi para penguasa bnyak yang korup uang hbis d korup para koruptor tidak d hukum mati jdi tdak ada efek jera kalau cuma ngebacot saja smua orng bisa,negatif,negatif,0.8544,negatif,bagaimana,-0.011351
79398a5124a2a3ce67cc5a64fbadaa44,youtube,bagaimana cara bngun ekonomi para penguasa bnyak yang korup uang hbis d korup para koruptor tidak d hukum mati jdi tdak ada efek jera kalau cuma ngebacot saja smua orng bisa,negatif,negatif,0.8544,negatif,tdak,0.010498
79398a5124a2a3ce67cc5a64fbadaa44,youtube,bagaimana cara bngun ekonomi para penguasa bnyak yang korup uang hbis d korup para koruptor tidak d hukum mati jdi tdak ada efek jera kalau cuma ngebacot saja smua orng bisa,negatif,negatif,0.8544,negatif,yang,-0.00917
79398a5124a2a3ce67cc5a64fbadaa44,youtube,bagaimana cara bngun ekonomi para penguasa bnyak yang korup uang hbis d korup para koruptor tidak d hukum mati jdi tdak ada efek jera kalau cuma ngebacot saja smua orng bisa,negatif,negatif,0.8544,negatif,bisa,-0.007209
79398a5124a2a3ce67cc5a64fbadaa44,youtube,bagaimana cara bngun ekonomi para penguasa bnyak yang korup uang hbis d korup para koruptor tidak d hukum mati jdi tdak ada efek jera kalau cuma ngebacot saja smua orng bisa,negatif,negatif,0.8544,netral,korup,-0.020978
79398a5124a2a3ce67cc5a64fbadaa44,youtube,bagaimana cara bngun ekonomi para penguasa bnyak yang korup uang hbis d korup para koruptor tidak d hukum mati jdi tdak ada efek jera kalau cuma ngebacot saja smua orng bisa,negatif,negatif,0.8544,netral,uang,-0.015039
79398a5124a2a3ce67cc5a64fbadaa44,youtube,bagaimana cara bngun ekonomi para penguasa bnyak yang korup uang hbis d korup para koruptor tidak d hukum mati jdi tdak ada efek jera kalau cuma ngebacot saja smua orng bisa,negatif,negatif,0.8544,netral,koruptor,-0.014695
79398a5124a2a3ce67cc5a64fbadaa44,youtube,bagaimana cara bngun ekonomi para penguasa bnyak yang korup uang hbis d korup para koruptor tidak d hukum mati jdi tdak ada efek jera kalau cuma ngebacot saja smua orng bisa,negatif,negatif,0.8544,netral,ngebacot,-0.014471
79398a5124a2a3ce67cc5a64fbadaa44,youtube,bagaimana cara bngun ekonomi para penguasa bnyak yang korup uang hbis d korup para koruptor tidak d hukum mati jdi tdak ada efek jera kalau cuma ngebacot saja smua orng bisa,negatif,negatif,0.8544,netral,bagaimana,0.012223
79398a5124a2a3ce67cc5a64fbadaa44,youtube,bagaimana cara bngun ekonomi para penguasa bnyak yang korup uang hbis d korup para koruptor tidak d hukum mati jdi tdak ada efek jera kalau cuma ngebacot saja smua orng bisa,negatif,negatif,0.8544,netral,cuma,-0.01191
79398a5124a2a3ce67cc5a64fbadaa44,youtube,bagaimana cara bngun ekonomi para penguasa bnyak yang korup uang hbis d korup para koruptor tidak d hukum mati jdi tdak ada efek jera kalau cuma ngebacot saja smua orng bisa,negatif,negatif,0.8544,netral,mati,-0.01074
79398a5124a2a3ce67cc5a64fbadaa44,youtube,bagaimana cara bngun ekonomi para penguasa bnyak yang korup uang hbis d korup para koruptor tidak d hukum mati jdi tdak ada efek jera kalau cuma ngebacot saja smua orng bisa,negatif,negatif,0.8544,netral,smua,0.009829
79398a5124a2a3ce67cc5a64fbadaa44,youtube,bagaimana cara bngun ekonomi para penguasa bnyak yang korup uang hbis d korup para koruptor tidak d hukum mati jdi tdak ada efek jera kalau cuma ngebacot saja smua orng bisa,negatif,negatif,0.8544,netral,para,-0.009282
79398a5124a2a3ce67cc5a64fbadaa44,youtube,bagaimana cara bngun ekonomi para penguasa bnyak yang korup uang hbis d korup para koruptor tidak d hukum mati jdi tdak ada efek jera kalau cuma ngebacot saja smua orng bisa,negatif,negatif,0.8544,netral,tdak,-0.008041
79398a5124a2a3ce67cc5a64fbadaa44,youtube,bagaimana cara bngun ekonomi para penguasa bnyak yang korup uang hbis d korup para koruptor tidak d hukum mati jdi tdak ada efek jera kalau cuma ngebacot saja smua orng bisa,negatif,negatif,0.8544,netral,ada,0.007692
79398a5124a2a3ce67cc5a64fbadaa44,youtube,bagaimana cara bngun ekonomi para penguasa bnyak yang korup uang hbis d korup para koruptor tidak d hukum mati jdi tdak ada efek jera kalau cuma ngebacot saja smua orng bisa,negatif,negatif,0.8544,netral,hukum,-0.006438
79398a5124a2a3ce67cc5a64fbadaa44,youtube,bagaimana cara bngun ekonomi para penguasa bnyak yang korup uang hbis d korup para koruptor tidak d hukum mati jdi tdak ada efek jera kalau cuma ngebacot saja smua orng bisa,negatif,negatif,0.8544,positif,korup,-0.00594
79398a5124a2a3ce67cc5a64fbadaa44,youtube,bagaimana cara bngun ekonomi para penguasa bnyak yang korup uang hbis d korup para koruptor tidak d hukum mati jdi tdak ada efek jera kalau cuma ngebacot saja smua orng bisa,negatif,negatif,0.8544,positif,bisa,0.005771
79398a5124a2a3ce67cc5a64fbadaa44,youtube,bagaimana cara bngun ekonomi para penguasa bnyak yang korup uang hbis d korup para koruptor tidak d hukum mati jdi tdak ada efek jera kalau cuma ngebacot saja smua orng bisa,negatif,negatif,0.8544,positif,bnyak,-0.005765
79398a5124a2a3ce67cc5a64fbadaa44,youtube,bagaimana cara bngun ekonomi para penguasa bnyak yang korup uang hbis d korup para koruptor tidak d hukum mati jdi tdak ada efek jera kalau cuma ngebacot saja smua orng bisa,negatif,negatif,0.8544,positif,para,0.005675
79398a5124a2a3ce67cc5a64fbadaa44,youtube,bagaimana cara bngun ekonomi para penguasa bnyak yang korup uang hbis d korup para koruptor tidak d hukum mati jdi tdak ada efek jera kalau cuma ngebacot saja smua orng bisa,negatif,negatif,0.8544,positif,yang,0.005174
79398a5124a2a3ce67cc5a64fbadaa44,youtube,bagaimana cara bngun ekonomi para penguasa bnyak yang korup uang hbis d korup para koruptor tidak d hukum mati jdi tdak ada efek jera kalau cuma ngebacot saja smua orng bisa,negatif,negatif,0.8544,positif,uang,-0.004547
79398a5124a2a3ce67cc5a64fbadaa44,youtube,bagaimana cara bngun ekonomi para penguasa bnyak yang korup uang hbis d korup para koruptor tidak d hukum mati jdi tdak ada efek jera kalau cuma ngebacot saja smua orng bisa,negatif,negatif,0.8544,positif,efek,0.004236
79398a5124a2a3ce67cc5a64fbadaa44,youtube,bagaimana cara bngun ekonomi para penguasa bnyak yang korup uang hbis d korup para koruptor tidak d hukum mati jdi tdak ada efek jera kalau cuma ngebacot saja smua orng bisa,negatif,negatif,0.8544,positif,smua,0.003928
79398a5124a2a3ce67cc5a64fbadaa44,youtube,bagaimana cara bngun ekonomi para penguasa bnyak yang korup uang hbis d korup para koruptor tidak d hukum mati jdi tdak ada efek jera kalau cuma ngebacot saja smua orng bisa,negatif,negatif,0.8544,positif,hukum,-0.003627
79398a5124a2a3ce67cc5a64fbadaa44,youtube,bagaimana cara bngun ekonomi para penguasa bnyak yang korup uang hbis d korup para koruptor tidak d hukum mati jdi tdak ada efek jera kalau cuma ngebacot saja smua orng bisa,negatif,negatif,0.8544,positif,koruptor,-0.003124
79398a5124a2a3ce67cc5a64fbadaa44,youtube,bagaimana cara bngun ekonomi para penguasa bnyak yang korup uang hbis d korup para koruptor tidak d hukum mati jdi tdak ada efek jera kalau cuma ngebacot saja smua orng bisa,negatif,negatif,0.8544,positif,penguasa,-0.002988
79398a5124a2a3ce67cc5a64fbadaa44,youtube,bagaimana cara bngun ekonomi para penguasa bnyak yang korup uang hbis d korup para koruptor tidak d hukum mati jdi tdak ada efek jera kalau cuma ngebacot saja smua orng bisa,negatif,negatif,0.8544,positif,saja,-0.002807
4b9db2a5d3af7552b0295a1bea89038a,playstore,kenapa ini fasih selalu muncul peringatan fasih tidak ada tanggapan,negatif,negatif,0.8863,negatif,kenapa,0.206234
4b9db2a5d3af7552b0295a1bea89038a,playstore,kenapa ini fasih selalu muncul peringatan fasih tidak ada tanggapan,negatif,negatif,0.8863,negatif,tidak,0.114311
4b9db2a5d3af7552b0295a1bea89038a,playstore,kenapa ini fasih selalu muncul peringatan fasih tidak ada tanggapan,negatif,negatif,0.8863,negatif,tanggapan,0.103079
4b9db2a5d3af7552b0295a1bea89038a,playstore,kenapa ini fasih selalu muncul peringatan fasih tidak ada tanggapan,negatif,negatif,0.8863,negatif,muncul,0.091855
4b9db2a5d3af7552b0295a1bea89038a,playstore,kenapa ini fasih selalu muncul peringatan fasih tidak ada tanggapan,negatif,negatif,0.8863,negatif,peringatan,0.089849
4b9db2a5d3af7552b0295a1bea89038a,playstore,kenapa ini fasih selalu muncul peringatan fasih tidak ada tanggapan,negatif,negatif,0.8863,negatif,selalu,0.086097
4b9db2a5d3af7552b0295a1bea89038a,playstore,kenapa ini fasih selalu muncul peringatan fasih tidak ada tanggapan,negatif,negatif,0.8863,negatif,ada,0.053669
4b9db2a5d3af7552b0295a1bea89038a,playstore,kenapa ini fasih selalu muncul peringatan fasih tidak ada tanggapan,negatif,negatif,0.8863,negatif,ini,0.035245
4b9db2a5d3af7552b0295a1bea89038a,playstore,kenapa ini fasih selalu muncul peringatan fasih tidak ada tanggapan,negatif,negatif,0.8863,negatif,fasih,0.022032
4b9db2a5d3af7552b0295a1bea89038a,playstore,kenapa ini fasih selalu muncul peringatan fasih tidak ada tanggapan,negatif,negatif,0.8863,netral,selalu,-0.118184
4b9db2a5d3af7552b0295a1bea89038a,playstore,kenapa ini fasih selalu muncul peringatan fasih tidak ada tanggapan,negatif,negatif,0.8863,netral,fasih,-0.11204
4b9db2a5d3af7552b0295a1bea89038a,playstore,kenapa ini fasih selalu muncul peringatan fasih tidak ada tanggapan,negatif,negatif,0.8863,netral,ini,-0.068868
4b9db2a5d3af7552b0295a1bea89038a,playstore,kenapa ini fasih selalu muncul peringatan fasih tidak ada tanggapan,negatif,negatif,0.8863,netral,kenapa,-0.058759
4b9db2a5d3af7552b0295a1bea89038a,playstore,kenapa ini fasih selalu muncul peringatan fasih tidak ada tanggapan,negatif,negatif,0.8863,netral,ada,-0.051088
4b9db2a5d3af7552b0295a1bea89038a,playstore,kenapa ini fasih selalu muncul peringatan fasih tidak ada tanggapan,negatif,negatif,0.8863,netral,tanggapan,-0.044341
4b9db2a5d3af7552b0295a1bea89038a,playstore,kenapa ini fasih selalu muncul peringatan fasih tidak ada tanggapan,negatif,negatif,0.8863,netral,tidak,-0.038902
4b9db2a5d3af7552b0295a1bea89038a,playstore,kenapa ini fasih selalu muncul peringatan fasih tidak ada tanggapan,negatif,negatif,0.8863,netral,muncul,-0.03171
4b9db2a5d3af7552b0295a1bea89038a,playstore,kenapa ini fasih selalu muncul peringatan fasih tidak ada tanggapan,negatif,negatif,0.8863,netral,peringatan,-0.015165
4b9db2a5d3af7552b0295a1bea89038a,playstore,kenapa ini fasih selalu muncul peringatan fasih tidak ada tanggapan,negatif,negatif,0.8863,positif,kenapa,-0.147475
4b9db2a5d3af7552b0295a1bea89038a,playstore,kenapa ini fasih selalu muncul peringatan fasih tidak ada tanggapan,negatif,negatif,0.8863,positif,fasih,0.090008
4b9db2a5d3af7552b0295a1bea89038a,playstore,kenapa ini fasih selalu muncul peringatan fasih tidak ada tanggapan,negatif,negatif,0.8863,positif,tidak,-0.075408
4b9db2a5d3af7552b0295a1bea89038a,playstore,kenapa ini fasih selalu muncul peringatan fasih tidak ada tanggapan,negatif,negatif,0.8863,positif,peringatan,-0.074684
4b9db2a5d3af7552b0295a1bea89038a,playstore,kenapa ini fasih selalu muncul peringatan fasih tidak ada tanggapan,negatif,negatif,0.8863,positif,muncul,-0.060146
4b9db2a5d3af7552b0295a1bea89038a,playstore,kenapa ini fasih selalu muncul peringatan fasih tidak ada tanggapan,negatif,negatif,0.8863,positif,tanggapan,-0.058739
4b9db2a5d3af7552b0295a1bea89038a,playstore,kenapa ini fasih selalu muncul peringatan fasih tidak ada tanggapan,negatif,negatif,0.8863,positif,ini,0.033623
4b9db2a5d3af7552b0295a1bea89038a,playstore,kenapa ini fasih selalu muncul peringatan fasih tidak ada tanggapan,negatif,negatif,0.8863,positif,selalu,0.032087
4b9db2a5d3af7552b0295a1bea89038a,playstore,kenapa ini fasih selalu muncul peringatan fasih tidak ada tanggapan,negatif,negatif,0.8863,positif,ada,-0.002581
