uid,source,source_id,text,text_clean,created_at,author,url,score,query,label,aspek,tipe,bahasa,label_confidence,label_bukti,label_reason,label_source,extra
7683184cdfd7dbb2a5cfc63f1e3ec464,playstore,bfd00d2d-5824-4807-a5fd-1987e80ac37d,Hari ini saya sampai kan SAYA AKAN LAWAN!!!,hari ini saya sampai kan saya akan lawan,2026-06-17T11:44:17+00:00,Pak lek Ben parker,https://play.google.com/store/apps/details?id=id.go.bpsfasih&reviewId=bfd00d2d-5824-4807-a5fd-1987e80ac37d,1,fasih,tidak_relevan,,opini,indonesia,1.0,SAYA AKAN LAWAN!!!,"Teks tidak membicarakan Sensus Ekonomi 2026, aplikasi Fasih BPS, atau hal terkait lainnya.",gemma-4-12b-qat-unsloth-prompt-v2,"{""app_id"": ""id.go.bpsfasih"", ""app_version"": null, ""thumbs_up"": 0, ""reply_content"": null, ""reply_at"": null}"
b8c14cbfccd38a2b20f110511592093f,playstore,8f7a7abc-412f-4e4d-b313-df772cebdc64,"Aplikasi PLN Mobile mempermudah pelanggan untuk melakukan keperluan yang berkaitan dengan PLN tanpa harus datang ke kantor,PLN mantap Aplikasinya.",aplikasi pln mobile mempermudah pelanggan untuk melakukan keperluan yang berkaitan dengan pln tanpa harus datang ke kantor pln mantap aplikasinya,2026-06-18T09:04:26+00:00,Aryo Aku,https://play.google.com/store/apps/details?id=id.go.bpsfasih&reviewId=8f7a7abc-412f-4e4d-b313-df772cebdc64,5,fasih,tidak_relevan,,opini,indonesia,1.0,Aplikasi PLN Mobile,Teks membahas aplikasi PLN Mobile yang tidak berkaitan dengan Sensus Ekonomi 2026 atau aplikasi Fasih BPS.,gemma-4-12b-qat-unsloth-prompt-v2,"{""app_id"": ""id.go.bpsfasih"", ""app_version"": ""2.16.3"", ""thumbs_up"": 0, ""reply_content"": null, ""reply_at"": null}"
8b25bde0554706ee72ec615b82175e5b,playstore,f55cf194-c57f-4937-8b16-dd627ea9d3bb,JANGAN BERPATOKAN DENGAN DAYA LISTRIK DENGAN PENGELUARAN. TIDAK SELAMANYA DAYA 900 PENGELUARAN PULSA LEBIH DARI 100,jangan berpatokan dengan daya listrik dengan pengeluaran tidak selamanya daya 900 pengeluaran pulsa lebih dari 100,2026-07-08T10:54:46+00:00,Umbu Padda,https://play.google.com/store/apps/details?id=id.go.bpsfasih&reviewId=f55cf194-c57f-4937-8b16-dd627ea9d3bb,4,fasih,tidak_relevan,,opini,indonesia,1.0,JANGAN BERPATOKAN DENGAN DAYA LISTRIK,Teks membahas tentang daya listrik dan pengeluaran pulsa yang tidak berkaitan dengan Sensus Ekonomi 2026 atau aplikasi Fasih BPS.,gemma-4-12b-qat-unsloth-prompt-v2,"{""app_id"": ""id.go.bpsfasih"", ""app_version"": ""2.16.5"", ""thumbs_up"": 1, ""reply_content"": null, ""reply_at"": null}"
af06cf7e71d8887c8ccc9d90393543e6,playstore,64dc2858-ac25-41aa-b5b9-0b85dd1eb2b7,"PLN ada yg 450 subsidi, ada 900 subsidi, dan jangan di target minimal 90.000 untuk pembayaran tiap bulan... kan gak bisa jdi patokan itu... kasih pilihan juga untuk PLN yg subsidi..",pln ada yang 450 subsidi ada 900 subsidi dan jangan di target minimal 90 000 untuk pembayaran tiap bulan kan tidak bisa jdi patokan itu memberi pilihan juga untuk pln yang subsidi,2026-07-21T06:31:55+00:00,Tman Laperr,https://play.google.com/store/apps/details?id=id.go.bpsfasih&reviewId=64dc2858-ac25-41aa-b5b9-0b85dd1eb2b7,1,fasih,tidak_relevan,,opini,indonesia,1.0,PLN ada yg 450 subsidi,Teks membahas tentang tarif subsidi listrik dan tidak berkaitan dengan Sensus Ekonomi 2026 atau aplikasi Fasih BPS.,gemma-4-12b-qat-unsloth-prompt-v2,"{""app_id"": ""id.go.bpsfasih"", ""app_version"": ""2.16.7"", ""thumbs_up"": 0, ""reply_content"": null, ""reply_at"": null}"
70ea01f33e9abc4eaf1c8a676f68fca5,playstore,71fdc975-1c1d-4665-aad3-c1369c882116,PLN aplikasi yg terbaik,pln aplikasi yang terbaik,2026-08-03T13:33:14+00:00,Ferry rumadas,https://play.google.com/store/apps/details?id=id.go.bpsfasih&reviewId=71fdc975-1c1d-4665-aad3-c1369c882116,1,fasih,tidak_relevan,,opini,indonesia,1.0,PLN aplikasi yg terbaik,"Teks membahas aplikasi PLN, bukan aplikasi Fasih BPS atau Sensus Ekonomi 2026.",gemma-4-12b-qat-unsloth-prompt-v2,"{""app_id"": ""id.go.bpsfasih"", ""app_version"": ""2.16.8"", ""thumbs_up"": 0, ""reply_content"": null, ""reply_at"": null}"
b4eff5b0920ff253c062d0dad8176924,playstore,7ec4d04a-8208-47e1-8555-79fb52a1c52a,Allahuakbar,allahuakbar,2026-09-14T15:39:53+00:00,Imran,https://play.google.com/store/apps/details?id=id.go.bpsfasih&reviewId=7ec4d04a-8208-47e1-8555-79fb52a1c52a,5,fasih,tidak_relevan,,sapaan,indonesia,0.5,Allahuakbar,Teks hanya berupa ungkapan religius/sapaan tanpa penilaian terhadap Sensus Ekonomi 2026 atau aplikasi Fasih BPS.,gemma-4-12b-qat-unsloth-prompt-v2,"{""app_id"": ""id.go.bpsfasih"", ""app_version"": ""2.17.4"", ""thumbs_up"": 0, ""reply_content"": null, ""reply_at"": null}"
234324fed763b6a7ba056f850693a848,threads,3920530630744689480,Bener banget kak apalagi lansia tinggal sendiri atau berdua cepet sekale,benar sangat kak apalagi lansia tinggal sendiri atau berdua cepet sekale,2026-06-16T04:21:32+00:00,fiza.foody,https://www.threads.net/t/DZnN5UCCXRl,0,se2026,tidak_relevan,,opini,indonesia,1.0,lansia tinggal sendiri atau berdua cepet sekale,Teks membahas tentang kondisi lansia yang tinggal sendiri dan tidak berkaitan dengan Sensus Ekonomi 2026 atau aplikasi Fasih BPS.,gemma-4-12b-qat-unsloth-prompt-v2,"{""via"": ""threads-scraper"", ""post_id"": ""3920163113773134949"", ""post_code"": ""DZnN5UCCXRl"", ""post_text"": ""Day 1 pendataan se sesuai target apa ad yang sama....😁 \ndpt sls d lingkungan banyak lansianya dan rata2 TDK punya usaha🤭 #sensusekonomi2026 #se2026 #mitrabps #bps"", ""type"": ""reply"", ""reply_count"": ""0""}"
40eb059aae5ee1db58b52ede6eaef8ef,threads,3923611628721532995,"Kadang yang rumahnya besar, ternyata tidak berpenghasilan. Kadang rumahnya kecil, penghasilannya besar.",kadang yang rumahnya besar ternyata tidak berpenghasilan kadang rumahnya kecil penghasilannya besar,2026-06-20T10:22:56+00:00,yani_novi,https://www.threads.net/t/DZzY-pgkxFO,1197,se2026,tidak_relevan,,opini,indonesia,1.0,"rumahnya besar, ternyata tidak berpenghasilan",Teks membahas tentang status ekonomi rumah tangga secara umum dan tidak berkaitan dengan Sensus Ekonomi 2026 atau aplikasi Fasih BPS.,gemma-4-12b-qat-unsloth-prompt-v2,"{""via"": ""threads-scraper"", ""post_id"": ""3923589558663582030"", ""post_code"": ""DZzY-pgkxFO"", ""post_text"": ""Kalian sudah didatangi oleh petugas BPS  sensus ekonomi 2026?\n\nSaya sudah pagi tadi.\nAdapun yg ditanyakan sbg berikut:\n1. Apa pekerjaan Bpk?\n2. Brp gaji/penghasilannya 1bln? Brp biaya pengeluaran 1bln? Brp biaya makan 1bln?\n3. Pakai AC ya Pak?\n4. Brp biaya listrik & pdam 1bln?\n5. Pakai gas brp kg?\n6. Brp bnyk kendaraan yg dipunya Pak?\n7. Brp asset Bpk?\n8. Rumah ini milik pribadi?\n9. Istri kesibukannya apa ya Pak?\n10. Ada bisnis/usaha lainnya Pak?\n \nTerakhir izin foto dlm rumahnya ya Pak?😅🫢"", ""type"": ""comment"", ""reply_count"": ""39""}"
fe220ea38d1b0125ad7889caa0e22209,threads,3923658044115604995,"Bner sngt ga bnget, miskin juga dibiarin eh dikasih bnsos si beras kutuan itu, pdhl hdup g cm butuh makan,pngin juga keliling dunia kek pejabat, cariin krja kek ap eh giliran kaya diperas pajak, yg enak kd pjbat dduk mnis mnikmati uang rakyat klu capek tinggal keliling dunia",bner sngt tidak bnget miskin juga dibiarin eh dikasih bnsos si beras kutuan itu pdhl hdup g cm butuh makan pngin juga keliling dunia kek pejabat cariin krja kek ap eh giliran kaya diperas pajak yang enak kd pjbat dduk mnis mnikmati uang rakyat klu capek tinggal keliling dunia,2026-06-20T11:55:09+00:00,himoonmap,https://www.threads.net/t/DZzllMpgdlc,27,se2026,tidak_relevan,,opini,indonesia,1.0,peras pajak,"Teks membahas keluhan umum tentang pajak dan bantuan sosial, bukan tentang Sensus Ekonomi 2026 atau aplikasi Fasih BPS.",gemma-4-12b-qat-unsloth-prompt-v2,"{""via"": ""threads-scraper"", ""post_id"": ""3923644984292661596"", ""post_code"": ""DZzllMpgdlc"", ""post_text"": ""Kalian sudah didatangi oleh petugas BPS  sensus ekonomi 2026?\n\nSaya sudah pagi tadi.\nAdapun yg ditanyakan sbg berikut:\n1. Apa pekerjaan Bpk?\n2. Brp gaji/penghasilannya 1bln? Brp biaya pengeluaran 1bln? Brp biaya makan 1bln?\n3. Pakai AC ya Pak?\n4. Brp biaya listrik & pdam 1bln?\n5. Pakai gas brp kg?\n6. Brp bnyk kendaraan yg dipunya Pak?\n7. Brp asset Bpk?\n8. Rumah ini milik pribadi?\n9. Istri kesibukannya apa ya Pak?\n10. Ada bisnis/usaha lainnya Pak?\n \nTerakhir izin foto dlm rumahnya ya Pak?😅🫢"", ""type"": ""comment"", ""reply_count"": ""1""}"
613eddbec862088f0b8342f3f3fa312a,threads,3923691762426569981,Negara akan hadir kalau kita punya kerja & punya usaha menguntungkan lewat berbagai jenis pajak. Konoha,negara akan hadir kalau kita punya kerja punya usaha menguntungkan lewat berbagai jenis pajak konoha,2026-06-20T13:02:09+00:00,dmalewa,https://www.threads.net/t/DZzllMpgdlc,45,se2026,tidak_relevan,,opini,indonesia,1.0,Negara akan hadir kalau kita punya kerja & punya usaha menguntungkan lewat berbagai jenis pajak.,"Teks membahas tentang pajak dan peran negara secara umum, bukan tentang Sensus Ekonomi 2026 atau aplikasi Fasih BPS.",gemma-4-12b-qat-unsloth-prompt-v2,"{""via"": ""threads-scraper"", ""post_id"": ""3923644984292661596"", ""post_code"": ""DZzllMpgdlc"", ""post_text"": ""Kalian sudah didatangi oleh petugas BPS  sensus ekonomi 2026?\n\nSaya sudah pagi tadi.\nAdapun yg ditanyakan sbg berikut:\n1. Apa pekerjaan Bpk?\n2. Brp gaji/penghasilannya 1bln? Brp biaya pengeluaran 1bln? Brp biaya makan 1bln?\n3. Pakai AC ya Pak?\n4. Brp biaya listrik & pdam 1bln?\n5. Pakai gas brp kg?\n6. Brp bnyk kendaraan yg dipunya Pak?\n7. Brp asset Bpk?\n8. Rumah ini milik pribadi?\n9. Istri kesibukannya apa ya Pak?\n10. Ada bisnis/usaha lainnya Pak?\n \nTerakhir izin foto dlm rumahnya ya Pak?😅🫢"", ""type"": ""comment"", ""reply_count"": ""2""}"
7ee29b4a4e25d6a2f7818a843d36a07f,threads,3923757056407100933,Ada dasar kk ngomong kek gt?,ada dasar kk ngomong kek begitu,2026-06-20T15:11:52+00:00,glowandshiny12,https://www.threads.net/t/DZzllMpgdlc,0,se2026,tidak_relevan,,pertanyaan,indonesia,1.0,Ada dasar kk ngomong kek gt?,"Teks tidak membahas Sensus Ekonomi 2026, aplikasi Fasih BPS, atau topik terkait lainnya.",gemma-4-12b-qat-unsloth-prompt-v2,"{""via"": ""threads-scraper"", ""post_id"": ""3923644984292661596"", ""post_code"": ""DZzllMpgdlc"", ""post_text"": ""Kalian sudah didatangi oleh petugas BPS  sensus ekonomi 2026?\n\nSaya sudah pagi tadi.\nAdapun yg ditanyakan sbg berikut:\n1. Apa pekerjaan Bpk?\n2. Brp gaji/penghasilannya 1bln? Brp biaya pengeluaran 1bln? Brp biaya makan 1bln?\n3. Pakai AC ya Pak?\n4. Brp biaya listrik & pdam 1bln?\n5. Pakai gas brp kg?\n6. Brp bnyk kendaraan yg dipunya Pak?\n7. Brp asset Bpk?\n8. Rumah ini milik pribadi?\n9. Istri kesibukannya apa ya Pak?\n10. Ada bisnis/usaha lainnya Pak?\n \nTerakhir izin foto dlm rumahnya ya Pak?😅🫢"", ""type"": ""reply"", ""reply_count"": ""1""}"
8f6ac91a2ed509b1f0ac6db75840b484,threads,3927797172280075806,Bangunan pemerintah geo aj,bangunan pemerintah geo saja,2026-06-26T04:58:52+00:00,yunni_chan,https://www.threads.net/t/DZg_pqEDt9h,0,se2026,tidak_relevan,,opini,indonesia,1.0,Bangunan pemerintah geo aj,"Teks tidak membahas Sensus Ekonomi 2026, aplikasi Fasih BPS, atau hal terkait lainnya.",gemma-4-12b-qat-unsloth-prompt-v2,"{""via"": ""threads-scraper"", ""post_id"": ""3918411615406317409"", ""post_code"": ""DZg_pqEDt9h"", ""post_text"": ""* Konten mitra untuk mitra.\nSeringkali kita harus probbing ke responden agar bisa mengjsi kuesioner dengan baik dan relevan. \n\nContoh untuk probbing usaha sekolah, klinik/puskesmas, ponpes. \n\nInfografis ini hanya sebagai alat bantu probing bagi petugas SE2026. Contoh komponen tidak bersifat lengkap dan tidak menggantikan konsep serta definisi resmi dalam pedoman Sensus Ekonomi 2026.\n\nMaaf jika ada kekurangan, karena saya jga masih belajar, segala masukan tentu saya terima dengan baik."", ""type"": ""reply"", ""reply_count"": ""1""}"
9de7df44df0ec293b7cc3a85e92a04d5,threads,3942291579977472066,Wah udah mulai ya,wah sudah mulai ya,2026-07-16T04:56:40+00:00,tanjun.house,https://www.threads.net/t/Da10PdNAXFB,0,sensus ekonomi,tidak_relevan,,sapaan,indonesia,0.5,Wah udah mulai ya,Teks tidak mengandung informasi spesifik mengenai Sensus Ekonomi 2026 atau aplikasi Fasih BPS.,gemma-4-12b-qat-unsloth-prompt-v2,"{""via"": ""threads-scraper"", ""post_id"": ""3942286809400176961"", ""post_code"": ""Da10PdNAXFB"", ""post_text"": ""Hari ini bakal ada petugas sensus ekonomi dateng ke rumah, tips and tricks nya dong guys. Terus itu maksud and tujuannya apa yah?"", ""type"": ""comment"", ""reply_count"": ""2""}"
37583fbf485d7593fa9e9d67d26bd0e0,threads,3942294282803754226,Aku baru d datengin td jam 10an,aku baru d datengin td jam 10an,2026-07-16T05:02:02+00:00,halidafahmi_,https://www.threads.net/t/Da10PdNAXFB,0,sensus ekonomi,tidak_relevan,,informasi,indonesia,1.0,Aku baru d datengin td jam 10an,"Teks tidak membahas Sensus Ekonomi 2026, aplikasi Fasih BPS, atau topik terkait lainnya.",gemma-4-12b-qat-unsloth-prompt-v2,"{""via"": ""threads-scraper"", ""post_id"": ""3942286809400176961"", ""post_code"": ""Da10PdNAXFB"", ""post_text"": ""Hari ini bakal ada petugas sensus ekonomi dateng ke rumah, tips and tricks nya dong guys. Terus itu maksud and tujuannya apa yah?"", ""type"": ""comment"", ""reply_count"": ""1""}"
0912726d0e2c7a981fce6904c9ff599b,threads,3943003133298438542,"jadi keliatan kaya nya aja yah, padahal bolong2 dompetnya",jadi keliatan kaya nya saja yah padahal bolong bolong dompetnya,2026-07-17T04:30:23+00:00,kennethsantana94,https://www.threads.net/t/Da10PdNAXFB,0,sensus ekonomi,tidak_relevan,,opini,indonesia,1.0,"jadi keliatan kaya nya aja yah, padahal bolong2 dompetnya",Teks membahas tentang kondisi ekonomi pribadi dan tidak berkaitan dengan Sensus Ekonomi 2026 atau aplikasi Fasih BPS.,gemma-4-12b-qat-unsloth-prompt-v2,"{""via"": ""threads-scraper"", ""post_id"": ""3942286809400176961"", ""post_code"": ""Da10PdNAXFB"", ""post_text"": ""Hari ini bakal ada petugas sensus ekonomi dateng ke rumah, tips and tricks nya dong guys. Terus itu maksud and tujuannya apa yah?"", ""type"": ""reply"", ""reply_count"": ""0""}"
b3b29cc9baa703128588424169305524,threads,3965813795776088499,Iya kak tp ttp aja,iya kak tp ttp saja,2026-08-17T15:51:06+00:00,duatigajuli97,https://www.threads.net/t/DcJCosak02p,0,sensus ekonomi,tidak_relevan,,sapaan,indonesia,0.5,Iya kak tp ttp aja,Teks tidak mengandung informasi spesifik mengenai Sensus Ekonomi 2026 atau aplikasi Fasih BPS.,gemma-4-12b-qat-unsloth-prompt-v2,"{""via"": ""threads-scraper"", ""post_id"": ""3965712539439025577"", ""post_code"": ""DcJCosak02p"", ""post_text"": ""Kenapa muatan beban kerja setiap PPL di SE 2026 ini berbeda-beda? Sedangkan jerihnya disama ratakan? 🙏🏻"", ""type"": ""reply"", ""reply_count"": ""0""}"
fd5d1928e8eea07f1dfbf2152d565f29,threads,3972215934492295696,Tetep aja desilnya 6-10 wkwkwk,tetep saja desilnya 6 10 wkwkwk,2026-08-26T11:51:01+00:00,bang.sos77,https://www.threads.net/t/DcgGxKNEtNe,0,sensus ekonomi,tidak_relevan,,opini,indonesia,1.0,desilnya 6-10,"Teks tidak membahas Sensus Ekonomi 2026, aplikasi Fasih BPS, atau topik terkait lainnya.",gemma-4-12b-qat-unsloth-prompt-v2,"{""via"": ""threads-scraper"", ""post_id"": ""3972204637830959966"", ""post_code"": ""DcgGxKNEtNe"", ""post_text"": ""Baru tadi sore didatangi orang Sensus Ekonomi, singkat padat dan jelas saya bilang : saya menolak di sensus. Petugas cuma nanya nama , udah beres.\nAku mikir tumben nih petugas g tanya apa alasannya 😂\nTapi ya sudahlah, beres"", ""type"": ""comment"", ""reply_count"": ""2""}"
f5e83db1e86f7e2dcdd5fea43cef81ea,threads,3972903223078115016,"Udh capek mendekati hari akhir ga perlu ribett, ngapain maksa org yg gamau",sudah capek mendekati hari akhir tidak perlu ribett ngapain maksa orang yang gamau,2026-08-27T10:36:32+00:00,putri1_905,https://www.threads.net/t/DcgGxKNEtNe,2,sensus ekonomi,tidak_relevan,,opini,indonesia,1.0,"ga perlu ribett, ngapain maksa org yg gamau","Teks tidak membahas Sensus Ekonomi 2026, aplikasi Fasih BPS, atau kegiatan pendataan lainnya.",gemma-4-12b-qat-unsloth-prompt-v2,"{""via"": ""threads-scraper"", ""post_id"": ""3972204637830959966"", ""post_code"": ""DcgGxKNEtNe"", ""post_text"": ""Baru tadi sore didatangi orang Sensus Ekonomi, singkat padat dan jelas saya bilang : saya menolak di sensus. Petugas cuma nanya nama , udah beres.\nAku mikir tumben nih petugas g tanya apa alasannya 😂\nTapi ya sudahlah, beres"", ""type"": ""comment"", ""reply_count"": ""0""}"
d52453901f40157f4ecc243c6ccfc38a,threads,3972984503228597194,"Di meninggal kan 1 keluarga tau rasa, selamat mengurusi administrasi ke dukcapil",di meninggal kan 1 keluarga tau rasa selamat mengurusi administrasi ke dukcapil,2026-08-27T13:18:01+00:00,syahrilrahman5,https://www.threads.net/t/DcgGxKNEtNe,7,sensus ekonomi,tidak_relevan,,opini,indonesia,1.0,Di meninggal kan 1 keluarga tau rasa,"Teks membicarakan tentang kematian dan administrasi kependudukan, tidak berkaitan dengan Sensus Ekonomi 2026 atau aplikasi Fasih BPS.",gemma-4-12b-qat-unsloth-prompt-v2,"{""via"": ""threads-scraper"", ""post_id"": ""3972204637830959966"", ""post_code"": ""DcgGxKNEtNe"", ""post_text"": ""Baru tadi sore didatangi orang Sensus Ekonomi, singkat padat dan jelas saya bilang : saya menolak di sensus. Petugas cuma nanya nama , udah beres.\nAku mikir tumben nih petugas g tanya apa alasannya 😂\nTapi ya sudahlah, beres"", ""type"": ""comment"", ""reply_count"": ""0""}"
dde1f97699bb2354f070d87ae5702a69,threads,3973308578005088729,Ga beres lu bang,tidak beres lu bang,2026-08-28T00:01:54+00:00,jatu_kusuma21,https://www.threads.net/t/DcgGxKNEtNe,0,sensus ekonomi,tidak_relevan,,opini,indonesia,1.0,Ga beres lu bang,Teks tidak mengandung informasi atau keluhan yang berkaitan dengan Sensus Ekonomi 2026 atau aplikasi Fasih BPS.,gemma-4-12b-qat-unsloth-prompt-v2,"{""via"": ""threads-scraper"", ""post_id"": ""3972204637830959966"", ""post_code"": ""DcgGxKNEtNe"", ""post_text"": ""Baru tadi sore didatangi orang Sensus Ekonomi, singkat padat dan jelas saya bilang : saya menolak di sensus. Petugas cuma nanya nama , udah beres.\nAku mikir tumben nih petugas g tanya apa alasannya 😂\nTapi ya sudahlah, beres"", ""type"": ""comment"", ""reply_count"": ""0""}"
18618cf9ada326097409c73444566bcc,threads,3973308963085327858,wah keren bgt lu pengen dibilang gitu?,wah keren sangat lu pengen dibilang begitu,2026-08-28T00:02:40+00:00,sal._.syi,https://www.threads.net/t/DcgGxKNEtNe,1,sensus ekonomi,tidak_relevan,,opini,indonesia,1.0,wah keren bgt lu pengen dibilang gitu?,"Teks tidak membahas Sensus Ekonomi 2026, aplikasi Fasih BPS, atau hal terkait lainnya.",gemma-4-12b-qat-unsloth-prompt-v2,"{""via"": ""threads-scraper"", ""post_id"": ""3972204637830959966"", ""post_code"": ""DcgGxKNEtNe"", ""post_text"": ""Baru tadi sore didatangi orang Sensus Ekonomi, singkat padat dan jelas saya bilang : saya menolak di sensus. Petugas cuma nanya nama , udah beres.\nAku mikir tumben nih petugas g tanya apa alasannya 😂\nTapi ya sudahlah, beres"", ""type"": ""comment"", ""reply_count"": ""0""}"
fb815f018d6984af01ae1c07fdb2b65c,threads,3977239427580062977,"Aku sepertinya iya,",aku sepertinya iya,2026-09-02T10:11:48+00:00,imainah88,https://www.threads.net/t/Dcx-oDdnQ9S,0,sensus ekonomi,tidak_relevan,,sapaan,indonesia,0.5,"Aku sepertinya iya,",Teks tidak mengandung informasi atau penilaian terkait Sensus Ekonomi 2026 atau aplikasi Fasih BPS.,gemma-4-12b-qat-unsloth-prompt-v2,"{""via"": ""threads-scraper"", ""post_id"": ""3977235377325674322"", ""post_code"": ""Dcx-oDdnQ9S"", ""post_text"": ""kalian masih penyisiran dan mengusahakan ketemu responden yg belum ketemu gitu ngga?"", ""type"": ""comment"", ""reply_count"": ""0""}"
3d35cb2ebd5e1530f709f3e593971e2b,threads,3977243728485122769,"Engga, hari ini draft udah harus nol. Jumat, peta dikumpul",tidak hari ini draft sudah harus nol jumat peta dikumpul,2026-09-02T10:20:20+00:00,fadhilaisyah_akm,https://www.threads.net/t/Dcx-oDdnQ9S,0,sensus ekonomi,tidak_relevan,,informasi,indonesia,1.0,draft udah harus nol,Teks berisi instruksi kerja internal yang tidak berkaitan dengan Sensus Ekonomi 2026 atau aplikasi Fasih BPS.,gemma-4-12b-qat-unsloth-prompt-v2,"{""via"": ""threads-scraper"", ""post_id"": ""3977235377325674322"", ""post_code"": ""Dcx-oDdnQ9S"", ""post_text"": ""kalian masih penyisiran dan mengusahakan ketemu responden yg belum ketemu gitu ngga?"", ""type"": ""comment"", ""reply_count"": ""0""}"
22c7c273ad05ba4ff7e9a7ae1e68a50e,threads,3977478543920128592,Jujur sudah tidak ada energi untuk melakukan itu,jujur sudah tidak ada energi untuk melakukan itu,2026-09-02T18:06:53+00:00,indylvgd,https://www.threads.net/t/Dcx-oDdnQ9S,3,sensus ekonomi,tidak_relevan,,opini,indonesia,1.0,tidak ada energi untuk melakukan itu,"Teks tidak menyebutkan Sensus Ekonomi 2026, aplikasi Fasih BPS, atau hal terkait lainnya.",gemma-4-12b-qat-unsloth-prompt-v2,"{""via"": ""threads-scraper"", ""post_id"": ""3977235377325674322"", ""post_code"": ""Dcx-oDdnQ9S"", ""post_text"": ""kalian masih penyisiran dan mengusahakan ketemu responden yg belum ketemu gitu ngga?"", ""type"": ""comment"", ""reply_count"": ""1""}"
aeb22b391e1e3e5cdcf98dfc273f2cbc,threads,3980937584633790023,Aku draf masih ada 16,aku draf masih ada 16,2026-09-07T12:39:22+00:00,azizrian_,https://www.threads.net/t/Dc_G3NniTWo,0,sensus ekonomi,tidak_relevan,,informasi,indonesia,1.0,Aku draf masih ada 16,"Teks tidak membahas Sensus Ekonomi 2026, aplikasi Fasih BPS, atau topik terkait lainnya.",gemma-4-12b-qat-unsloth-prompt-v2,"{""via"": ""threads-scraper"", ""post_id"": ""3980930778091042216"", ""post_code"": ""Dc_G3NniTWo"", ""post_text"": ""Manteb banget BPS kota ni lah\nBanyak banget yang mau aku BUKA padahal. PML, PLT KEPALA, koordinasi nya. Ancyur amburadyul. Informasi informasi gak transparan. Ketentuan berubah-ubah. \nDan per hari ini tanggal 7 september. Ada kabar kalau masih ada draft di tgl 8. Honor kita PPL GAK DI BAYAR 😊"", ""type"": ""comment"", ""reply_count"": ""0""}"
2034d086c703134585d855d9a8e75f5d,threads,3980959220798976615,Jgn pernah berbisnis dg pemerintah yg sifatnya hanya mitra,jgn pernah berbisnis dg pemerintah yang sifatnya hanya mitra,2026-09-07T13:22:22+00:00,agendcomputer,https://www.threads.net/t/Dc_G3NniTWo,6,sensus ekonomi,tidak_relevan,,opini,indonesia,1.0,Jgn pernah berbisnis dg pemerintah yg sifatnya hanya mitra,Teks berisi opini umum tentang bisnis dengan pemerintah dan tidak berkaitan dengan Sensus Ekonomi 2026 atau aplikasi Fasih BPS.,gemma-4-12b-qat-unsloth-prompt-v2,"{""via"": ""threads-scraper"", ""post_id"": ""3980930778091042216"", ""post_code"": ""Dc_G3NniTWo"", ""post_text"": ""Manteb banget BPS kota ni lah\nBanyak banget yang mau aku BUKA padahal. PML, PLT KEPALA, koordinasi nya. Ancyur amburadyul. Informasi informasi gak transparan. Ketentuan berubah-ubah. \nDan per hari ini tanggal 7 september. Ada kabar kalau masih ada draft di tgl 8. Honor kita PPL GAK DI BAYAR 😊"", ""type"": ""comment"", ""reply_count"": ""1""}"
5f50eb0c1031554b7833a387e9eaf803,threads,3981072440843444317,"totally tidak pernah menyesal untuk ""tidak menjadi bagian"" itu lg wkwkwkwkkwkw, semangat ya yg masih berjuang.",totally tidak pernah menyesal untuk tidak menjadi bagian itu lg wkwkwkwkkwkw semangat ya yang masih berjuang,2026-09-07T17:07:19+00:00,wherecolorsmeet,https://www.threads.net/t/Dc_G3NniTWo,4,sensus ekonomi,tidak_relevan,,opini,campur,1.0,"tidak pernah menyesal untuk ""tidak menjadi bagian""","Teks tidak membahas Sensus Ekonomi 2026, aplikasi Fasih BPS, atau topik terkait lainnya.",gemma-4-12b-qat-unsloth-prompt-v2,"{""via"": ""threads-scraper"", ""post_id"": ""3980930778091042216"", ""post_code"": ""Dc_G3NniTWo"", ""post_text"": ""Manteb banget BPS kota ni lah\nBanyak banget yang mau aku BUKA padahal. PML, PLT KEPALA, koordinasi nya. Ancyur amburadyul. Informasi informasi gak transparan. Ketentuan berubah-ubah. \nDan per hari ini tanggal 7 september. Ada kabar kalau masih ada draft di tgl 8. Honor kita PPL GAK DI BAYAR 😊"", ""type"": ""comment"", ""reply_count"": ""0""}"
0b521fff426f908489cd99dff8570be3,threads,3981093203135220009,Real! Cukup sekali seumur hidup,real cukup sekali seumur hidup,2026-09-07T17:48:34+00:00,indylvgd,https://www.threads.net/t/Dc_H9hDmXX5,9,sensus ekonomi,tidak_relevan,,opini,indonesia,1.0,Real! Cukup sekali seumur hidup,"Teks tidak membahas Sensus Ekonomi 2026, aplikasi Fasih BPS, atau topik terkait lainnya.",gemma-4-12b-qat-unsloth-prompt-v2,"{""via"": ""threads-scraper"", ""post_id"": ""3980935609326335481"", ""post_code"": ""Dc_H9hDmXX5"", ""post_text"": ""sebagai petugas SE, ini adalah pertama dan terakhir. apapun surveynya gaakan ikut lagi, bener bener kapok"", ""type"": ""comment"", ""reply_count"": ""1""}"
12b8f3ed6729b3ac238cd08a8a47b2b4,threads,3981349164881734428,Mending daftar BUMN Pertamina bg,mending daftar bumn pertamina bg,2026-09-08T02:17:07+00:00,mohdfarhan26,https://www.threads.net/t/Dc_H9hDmXX5,2,sensus ekonomi,tidak_relevan,,opini,indonesia,1.0,Mending daftar BUMN Pertamina bg,Teks membahas tentang pendaftaran BUMN dan tidak berkaitan dengan Sensus Ekonomi 2026 atau aplikasi Fasih BPS.,gemma-4-12b-qat-unsloth-prompt-v2,"{""via"": ""threads-scraper"", ""post_id"": ""3980935609326335481"", ""post_code"": ""Dc_H9hDmXX5"", ""post_text"": ""sebagai petugas SE, ini adalah pertama dan terakhir. apapun surveynya gaakan ikut lagi, bener bener kapok"", ""type"": ""comment"", ""reply_count"": ""0""}"
fff2f4856cdcb10ad5ada3febd8f88c6,threads,3981414684230796184,Bulan pertama nyensus isu pajak naik Bulan kedua desil naik Bulan ketiga gajian ga turun2,bulan pertama nyensus isu pajak naik bulan kedua desil naik bulan ketiga gajian tidak turun turun,2026-09-08T04:27:17+00:00,rahmawanlp,https://www.threads.net/t/Dc_H9hDmXX5,9,sensus ekonomi,tidak_relevan,,opini,indonesia,1.0,isu pajak naik Bulan kedua desil naik,Teks membahas isu ekonomi umum (pajak dan desil) dan bukan tentang Sensus Ekonomi 2026 atau aplikasi Fasih BPS.,gemma-4-12b-qat-unsloth-prompt-v2,"{""via"": ""threads-scraper"", ""post_id"": ""3980935609326335481"", ""post_code"": ""Dc_H9hDmXX5"", ""post_text"": ""sebagai petugas SE, ini adalah pertama dan terakhir. apapun surveynya gaakan ikut lagi, bener bener kapok"", ""type"": ""comment"", ""reply_count"": ""0""}"
0376252d75f302672c49bc435b6a8ab4,threads,3981605154537865978,Di JKT ini gw msh banyak yang draft wkwk,di jkt ini gw msh banyak yang draft wkwk,2026-09-08T10:45:43+00:00,taufikalim1,https://www.threads.net/t/Dc_G3NniTWo,2,sensus ekonomi,tidak_relevan,,opini,campur,1.0,gw msh banyak yang draft,"Teks tidak membahas Sensus Ekonomi 2026, aplikasi Fasih BPS, atau topik terkait lainnya.",gemma-4-12b-qat-unsloth-prompt-v2,"{""via"": ""threads-scraper"", ""post_id"": ""3980930778091042216"", ""post_code"": ""Dc_G3NniTWo"", ""post_text"": ""Manteb banget BPS kota ni lah\nBanyak banget yang mau aku BUKA padahal. PML, PLT KEPALA, koordinasi nya. Ancyur amburadyul. Informasi informasi gak transparan. Ketentuan berubah-ubah. \nDan per hari ini tanggal 7 september. Ada kabar kalau masih ada draft di tgl 8. Honor kita PPL GAK DI BAYAR 😊"", ""type"": ""comment"", ""reply_count"": ""1""}"
c49692ec55c3146a47ef207f8bfbfb1c,threads,3981748972591213888,"Kalo ditempat gw di istilahkan kaya ibu hamil anak pertama, kapok cukup sekali lah mengandung dan melahirkan berat sekali. Eh pas kita tengok berapa tahun kedepan anaknya udah 4",kalau ditempat gw di istilahkan kaya ibu hamil anak pertama kapok cukup sekali lah mengandung dan melahirkan berat sekali eh pas kita tengok berapa tahun kedepan anaknya sudah 4,2026-09-08T15:31:27+00:00,name83825,https://www.threads.net/t/Dc_H9hDmXX5,0,sensus ekonomi,tidak_relevan,,opini,indonesia,1.0,ibu hamil anak pertama,Teks membahas tentang analogi kehamilan dan anak yang tidak berkaitan dengan Sensus Ekonomi 2026 atau aplikasi Fasih BPS.,gemma-4-12b-qat-unsloth-prompt-v2,"{""via"": ""threads-scraper"", ""post_id"": ""3980935609326335481"", ""post_code"": ""Dc_H9hDmXX5"", ""post_text"": ""sebagai petugas SE, ini adalah pertama dan terakhir. apapun surveynya gaakan ikut lagi, bener bener kapok"", ""type"": ""comment"", ""reply_count"": ""1""}"
55d3b97507c37b57e7689ac9791dfc58,threads,3981752522122028817,"kalo gue udah si, gaakan lagi wkwk",kalau gue sudah si gaakan lagi wkwk,2026-09-08T15:38:31+00:00,fraldopp,https://www.threads.net/t/Dc_H9hDmXX5,0,sensus ekonomi,tidak_relevan,,opini,indonesia,1.0,gaakan lagi wkwk,"Teks tidak membahas Sensus Ekonomi 2026, aplikasi Fasih BPS, atau topik terkait lainnya.",gemma-4-12b-qat-unsloth-prompt-v2,"{""via"": ""threads-scraper"", ""post_id"": ""3980935609326335481"", ""post_code"": ""Dc_H9hDmXX5"", ""post_text"": ""sebagai petugas SE, ini adalah pertama dan terakhir. apapun surveynya gaakan ikut lagi, bener bener kapok"", ""type"": ""reply"", ""reply_count"": ""1""}"
eb59289753f2c55f4f58f602343ad99d,threads,3982182902413737690,Serius tadi pagi WA grup disuruh nambah usaha,serius tadi pagi wa grup disuruh nambah usaha,2026-09-09T05:53:36+00:00,yellow_to53,https://www.threads.net/t/DdDUlRnAZez,0,sensus ekonomi,tidak_relevan,,informasi,indonesia,1.0,disuruh nambah usaha,Teks membicarakan instruksi usaha di grup WA dan tidak berkaitan dengan Sensus Ekonomi 2026 atau aplikasi Fasih BPS.,gemma-4-12b-qat-unsloth-prompt-v2,"{""via"": ""threads-scraper"", ""post_id"": ""3982117017984538547"", ""post_code"": ""DdDUlRnAZez"", ""post_text"": ""P maksud harus nambah lagi usaha, itu tiap sls udah gue puterin ampe Muak, yg ada usaha juga udah didata semua apalagi yg jalan utama gak ada ruko yg gak didata, mau ditambah usaha yg kayak gimana lagi sih ???"", ""type"": ""reply"", ""reply_count"": ""1""}"
e1b6c2f218f43597a75c80774f39cdcc,threads,3983165092481075406,iyaaa astaghfirullahal'aziim,iyaaa astaghfirullahal aziim,2026-09-10T14:25:02+00:00,pinkocsean,https://www.threads.net/t/DdFmde-Erjq,0,sensus ekonomi 2026,tidak_relevan,,sapaan,indonesia,0.5,iyaaa astaghfirullahal'aziim,Teks merupakan ungkapan reaksi atau sapaan yang tidak mengandung informasi atau penilaian terkait Sensus Ekonomi 2026 atau aplikasi Fasih BPS.,gemma-4-12b-qat-unsloth-prompt-v2,"{""via"": ""threads-scraper"", ""post_id"": ""3982758597364988138"", ""post_code"": ""DdFmde-Erjq"", ""post_text"": ""Pagi-pagi buta udah ada chat grup, pembayaran ditunda karena target usaha belum tercapai suruh melakukan penyisiran. Sekelas BPS tidak konsisten dalam kontrak kerja. Nyisir o dewe lah, gk semua orang ekonomi stabil. Kemarin punya usaha, sekarang udah gk. Kemarin garap sawah karena sewa, sekarang sudah gk sewa lagi. Gimana gk menurun usaha tahun lalu sama tahun ini. Belum lagi banyak yang kerja di LN. maksa bener."", ""type"": ""reply"", ""reply_count"": ""0""}"
8639230c088268efce7677c6a2e5b8e3,threads,3983174317919998501,"Ada kak, Alhaamdulillah aman.",ada kak alhaamdulillah aman,2026-09-10T14:43:22+00:00,_dyanikes,https://www.threads.net/t/DdFmde-Erjq,0,sensus ekonomi 2026,tidak_relevan,,sapaan,indonesia,0.5,"Ada kak, Alhaamdulillah aman.",Teks tidak membicarakan Sensus Ekonomi 2026 atau aplikasi Fasih BPS dan hanya berupa konfirmasi keberadaan/keadaan.,gemma-4-12b-qat-unsloth-prompt-v2,"{""via"": ""threads-scraper"", ""post_id"": ""3982758597364988138"", ""post_code"": ""DdFmde-Erjq"", ""post_text"": ""Pagi-pagi buta udah ada chat grup, pembayaran ditunda karena target usaha belum tercapai suruh melakukan penyisiran. Sekelas BPS tidak konsisten dalam kontrak kerja. Nyisir o dewe lah, gk semua orang ekonomi stabil. Kemarin punya usaha, sekarang udah gk. Kemarin garap sawah karena sewa, sekarang sudah gk sewa lagi. Gimana gk menurun usaha tahun lalu sama tahun ini. Belum lagi banyak yang kerja di LN. maksa bener."", ""type"": ""reply"", ""reply_count"": ""0""}"
3511d472e21fa8922077eb79a74fecd3,threads,3983733311931550131,"Beneeeer, setuju kali ini",beneer setuju kali ini,2026-09-11T09:13:59+00:00,haimimo_,https://www.threads.net/t/DdIwPUOkeM3,0,sensus ekonomi,tidak_relevan,,opini,indonesia,1.0,"Beneeeer, setuju kali ini",Teks tidak mengandung informasi atau konteks yang berkaitan dengan Sensus Ekonomi 2026 atau aplikasi Fasih BPS.,gemma-4-12b-qat-unsloth-prompt-v2,"{""via"": ""threads-scraper"", ""post_id"": ""3983646029153166135"", ""post_code"": ""DdIwPUOkeM3"", ""post_text"": ""next time pelatihan sensus plissss fokus ke isian kuisioner aja sm studi kasus, kurangin teori2 deh aslii ga efektif kyk hacks2 buat nomor bangunan, ngerjain peta, sm ngadepin no respon gitu2 aja yg penerapan bgt krn di lapangan kita butuh 'how to' nya kalo teori bisa mandiri aja dan pas studi kasus gituuu"", ""type"": ""comment"", ""reply_count"": ""0""}"
3e523515ab2eaaa9674d729648a2c927,threads,3983823239554144022,"Janji materinya dibaca, di kelas diskusi kasus2 aja dari para suhu",janji materinya dibaca di kelas diskusi kasus kasus saja dari para suhu,2026-09-11T12:12:39+00:00,fifi_salma,https://www.threads.net/t/DdIwPUOkeM3,0,sensus ekonomi,tidak_relevan,,opini,indonesia,1.0,"Janji materinya dibaca, di kelas diskusi kasus2 aja dari para suhu",Teks membahas tentang materi kelas diskusi dan tidak berkaitan dengan Sensus Ekonomi 2026 atau aplikasi Fasih BPS.,gemma-4-12b-qat-unsloth-prompt-v2,"{""via"": ""threads-scraper"", ""post_id"": ""3983646029153166135"", ""post_code"": ""DdIwPUOkeM3"", ""post_text"": ""next time pelatihan sensus plissss fokus ke isian kuisioner aja sm studi kasus, kurangin teori2 deh aslii ga efektif kyk hacks2 buat nomor bangunan, ngerjain peta, sm ngadepin no respon gitu2 aja yg penerapan bgt krn di lapangan kita butuh 'how to' nya kalo teori bisa mandiri aja dan pas studi kasus gituuu"", ""type"": ""comment"", ""reply_count"": ""0""}"
b8981ed285e5932c965fa90ecf44f947,threads,3983844390917359947,"Setuju, karena teori yg diajarkan lebih banyak daripada fakta di lapangan dan kita butuhnya fakta di lapangan kadang berbeda dri teori",setuju karena teori yang diajarkan lebih banyak daripada fakta di lapangan dan kita butuhnya fakta di lapangan kadang berbeda dri teori,2026-09-11T12:54:41+00:00,ungaa910,https://www.threads.net/t/DdIwPUOkeM3,0,sensus ekonomi,tidak_relevan,,opini,indonesia,1.0,teori yg diajarkan lebih banyak daripada fakta di lapangan,Teks membahas perbedaan teori dan fakta secara umum dan tidak berkaitan dengan Sensus Ekonomi 2026 atau aplikasi Fasih BPS.,gemma-4-12b-qat-unsloth-prompt-v2,"{""via"": ""threads-scraper"", ""post_id"": ""3983646029153166135"", ""post_code"": ""DdIwPUOkeM3"", ""post_text"": ""next time pelatihan sensus plissss fokus ke isian kuisioner aja sm studi kasus, kurangin teori2 deh aslii ga efektif kyk hacks2 buat nomor bangunan, ngerjain peta, sm ngadepin no respon gitu2 aja yg penerapan bgt krn di lapangan kita butuh 'how to' nya kalo teori bisa mandiri aja dan pas studi kasus gituuu"", ""type"": ""comment"", ""reply_count"": ""0""}"
6bea4557e96c88999ce84540f620968e,threads,3983976933843217006,REALLL FAKTA BNRR,realll fakta bnrr,2026-09-11T17:18:01+00:00,duatigajuli97,https://www.threads.net/t/DdIwPUOkeM3,0,sensus ekonomi,tidak_relevan,,opini,indonesia,1.0,REALLL FAKTA BNRR,Teks tidak mengandung informasi atau penilaian terkait Sensus Ekonomi 2026 atau aplikasi Fasih BPS.,gemma-4-12b-qat-unsloth-prompt-v2,"{""via"": ""threads-scraper"", ""post_id"": ""3983646029153166135"", ""post_code"": ""DdIwPUOkeM3"", ""post_text"": ""next time pelatihan sensus plissss fokus ke isian kuisioner aja sm studi kasus, kurangin teori2 deh aslii ga efektif kyk hacks2 buat nomor bangunan, ngerjain peta, sm ngadepin no respon gitu2 aja yg penerapan bgt krn di lapangan kita butuh 'how to' nya kalo teori bisa mandiri aja dan pas studi kasus gituuu"", ""type"": ""comment"", ""reply_count"": ""0""}"
79082c49543be259aa526202fc07fef2,threads,3984203512057952495,Kali disini ada yang bisa jelasin.,kali disini ada yang bisa jelasin,2026-09-12T00:48:11+00:00,aku.pauu,https://www.threads.net/t/DdKu21wE7P4,0,sensus ekonomi 2026,tidak_relevan,,pertanyaan,indonesia,1.0,ada yang bisa jelasin,"Teks tidak membahas Sensus Ekonomi 2026, aplikasi Fasih BPS, atau topik terkait lainnya.",gemma-4-12b-qat-unsloth-prompt-v2,"{""via"": ""threads-scraper"", ""post_id"": ""3984202899068793848"", ""post_code"": ""DdKu21wE7P4"", ""post_text"": ""Mau nanya dong yang udah kena uji petik itu sesudah fasih 0 submit atau setelah pengajuan. Takut banget udh terlalu capek mentalnya.."", ""type"": ""comment"", ""reply_count"": ""0""}"
9662fbf111070c4d5c62fa1e4e875d33,threads,3984314517047710532,Sesudah selesai kak,sesudah selesai kak,2026-09-12T04:28:44+00:00,ykartikas12,https://www.threads.net/t/DdKu21wE7P4,0,sensus ekonomi 2026,tidak_relevan,,sapaan,indonesia,0.5,Sesudah selesai kak,Teks merupakan pernyataan status atau sapaan yang tidak berkaitan dengan Sensus Ekonomi 2026 atau aplikasi Fasih BPS.,gemma-4-12b-qat-unsloth-prompt-v2,"{""via"": ""threads-scraper"", ""post_id"": ""3984202899068793848"", ""post_code"": ""DdKu21wE7P4"", ""post_text"": ""Mau nanya dong yang udah kena uji petik itu sesudah fasih 0 submit atau setelah pengajuan. Takut banget udh terlalu capek mentalnya.."", ""type"": ""comment"", ""reply_count"": ""1""}"
8d3f754cc84b882e4cb0732e46177b69,threads,3984588628689142566,Yang di tunggu2 dan mau come back lg cari kerja setelah ini,yang di tunggu tunggu dan mau come back lg cari kerja setelah ini,2026-09-12T13:33:21+00:00,lilisdwiutamililis,https://www.threads.net/t/DdL3gwsgNpH,0,sensus ekonomi,tidak_relevan,,opini,indonesia,1.0,cari kerja setelah ini,Teks membahas tentang mencari pekerjaan dan tidak berkaitan dengan Sensus Ekonomi 2026 atau aplikasi Fasih BPS.,gemma-4-12b-qat-unsloth-prompt-v2,"{""via"": ""threads-scraper"", ""post_id"": ""3984522439206951495"", ""post_code"": ""DdL3gwsgNpH"", ""post_text"": ""Siapa yg selesai dan dibayar duluan? 🥹\nSelesai secara FASIH dan administrasi nya ya 😊\n\n#se2026 #petugas #sensus #bps #jkt"", ""type"": ""comment"", ""reply_count"": ""0""}"
de2da7790f27c33fb5e1ea59b731dfa4,threads,3984672772089013947,2.5 bulan ini berada bgt sibuknya,2 5 bulan ini berada sangat sibuknya,2026-09-12T16:20:31+00:00,alawiyahst_,https://www.threads.net/t/DdL3gwsgNpH,0,sensus ekonomi,tidak_relevan,,informasi,indonesia,1.0,2.5 bulan ini berada bgt sibuknya,Teks membicarakan kesibukan pribadi dan tidak berkaitan dengan Sensus Ekonomi 2026 atau aplikasi Fasih BPS.,gemma-4-12b-qat-unsloth-prompt-v2,"{""via"": ""threads-scraper"", ""post_id"": ""3984522439206951495"", ""post_code"": ""DdL3gwsgNpH"", ""post_text"": ""Siapa yg selesai dan dibayar duluan? 🥹\nSelesai secara FASIH dan administrasi nya ya 😊\n\n#se2026 #petugas #sensus #bps #jkt"", ""type"": ""comment"", ""reply_count"": ""0""}"
971d037aa3e6d864fdfff7c52360732d,youtube,UgxuENM5hhZP7343Rxl4AaABAg,Eka gustiwana emang terbaik,eka gustiwana emang terbaik,2026-06-15T00:00:00+00:00,@herdydluffy6480,https://www.youtube.com/watch?v=L86LTnOeXQE&lc=UgxuENM5hhZP7343Rxl4AaABAg,0,sensus ekonomi 2026 bps,tidak_relevan,,opini,indonesia,1.0,Eka gustiwana emang terbaik,Teks berisi pujian terhadap individu tertentu dan tidak berkaitan dengan Sensus Ekonomi 2026 atau aplikasi Fasih BPS.,gemma-4-12b-qat-unsloth-prompt-v2,"{""video_id"": ""L86LTnOeXQE"", ""video_title"": ""[Sensus Ekonomi] Mencatat Indonesia - Official Theme Song Sensus Ekonomi 2026 (SE2026)"", ""channel"": ""BPS Statistics"", ""parent"": ""root"", ""parent_text"": null, ""video_lang"": null, ""is_favorited"": false}"
bfaad0e2605005fd475a2fc23b0cafe0,youtube,UgzfAu-y2kVqJCsLn154AaABAg,sepertinya dpr ini harus di bubarkan..ini sana halnya dia menghalang rakyatnya sendiri dalam mencari nafkah...,sepertinya dpr ini harus di bubarkan ini sana halnya dia menghalang rakyatnya sendiri dalam mencari nafkah,2026-06-15T00:00:00+00:00,@tomijedaru3764,https://www.youtube.com/watch?v=qUYuwk-5LFk&lc=UgzfAu-y2kVqJCsLn154AaABAg,2,sensus ekonomi 2026 bps,tidak_relevan,,opini,indonesia,1.0,dpr ini harus di bubarkan,Teks membahas tentang kritik terhadap DPR dan tidak berkaitan dengan Sensus Ekonomi 2026 atau aplikasi Fasih BPS.,gemma-4-12b-qat-unsloth-prompt-v2,"{""video_id"": ""qUYuwk-5LFk"", ""video_title"": ""|| GETTING TO KNOW THE 2026 ECONOMIC CENSUS ‼️|| LATEST BPS INFO UPDATE ‼️"", ""channel"": ""Uzma Ulya"", ""parent"": ""root"", ""parent_text"": null, ""video_lang"": null, ""is_favorited"": true}"
8cbc1506d69150c7514e2fbf7d4b5d48,youtube,UgwLzcY_Pj4HdUXdNg14AaABAg.AXSclqA3-SHAXerv3fCT4n,Titip gelas,titip gelas,2026-06-15T00:00:00+00:00,@Edomapa,https://www.youtube.com/watch?v=qxPynUraC7I&lc=UgwLzcY_Pj4HdUXdNg14AaABAg.AXSclqA3-SHAXerv3fCT4n,0,fasih bps tutorial,tidak_relevan,,sapaan,indonesia,0.5,Titip gelas,Teks tidak mengandung informasi atau penilaian terkait Sensus Ekonomi 2026 atau aplikasi Fasih BPS.,gemma-4-12b-qat-unsloth-prompt-v2,"{""video_id"": ""qxPynUraC7I"", ""video_title"": ""Tata cara sinkronisasi survei dan assignmet Fasih GC PLN"", ""channel"": ""BPS Kota Cilegon"", ""parent"": ""UgwLzcY_Pj4HdUXdNg14AaABAg"", ""parent_text"": ""Kenapa fasih saya tidak bisa untuk sinkronisasi ya. Bantuannya min"", ""video_lang"": null, ""is_favorited"": false}"
b620207f5c4fab0d0b91261d19f64eeb,youtube,UgyDmA9vBn6iCJOok754AaABAg,Alhamdulillah contoh yg di tunggu2 datang jg..makasih Kak🙏,alhamdulillah contoh yang di tunggu tunggu datang juga makasih kak folded hands,2026-06-15T00:00:00+00:00,@purbasari1901,https://www.youtube.com/watch?v=3F8suSmXme4&lc=UgyDmA9vBn6iCJOok754AaABAg,1,aplikasi fasih bps,tidak_relevan,,sapaan,indonesia,0.5,Alhamdulillah contoh yg di tunggu2 datang jg..makasih Kak🙏,"Teks tidak membahas Sensus Ekonomi 2026, aplikasi Fasih BPS, atau petugas pendataan.",gemma-4-12b-qat-unsloth-prompt-v2,"{""video_id"": ""3F8suSmXme4"", ""video_title"": ""|| EFFICIENT TREATMENT & USE FOR 1 HOUSE WITH 2 FAMILIES AND A BUSINESS ‼️ || DOOR-TO-DOOR OVERVI..."", ""channel"": ""Uzma Ulya"", ""parent"": ""root"", ""parent_text"": null, ""video_lang"": null, ""is_favorited"": true}"
d9c9c20f26821243e6f1872bb5342030,youtube,UgxMyeAzvAF0rHkFirx4AaABAg,Dari kemarin nunggu part 3.alhamdulillah udah muncul. Trimakasih mbk,dari kemarin menunggu part 3 alhamdulillah sudah muncul trimakasih mbk,2026-06-15T00:00:00+00:00,@UlilHasanah-r8m,https://www.youtube.com/watch?v=3F8suSmXme4&lc=UgxMyeAzvAF0rHkFirx4AaABAg,1,aplikasi fasih bps,tidak_relevan,,opini,indonesia,1.0,Dari kemarin nunggu part 3.alhamdulillah udah muncul. Trimakasih mbk,Teks membahas tentang konten video YouTube dan tidak berkaitan dengan Sensus Ekonomi 2026 atau aplikasi Fasih BPS.,gemma-4-12b-qat-unsloth-prompt-v2,"{""video_id"": ""3F8suSmXme4"", ""video_title"": ""|| EFFICIENT TREATMENT & USE FOR 1 HOUSE WITH 2 FAMILIES AND A BUSINESS ‼️ || DOOR-TO-DOOR OVERVI..."", ""channel"": ""Uzma Ulya"", ""parent"": ""root"", ""parent_text"": null, ""video_lang"": null, ""is_favorited"": true}"
2a9d76098e139341134b688e69fb7c99,youtube,UgzRNxox0x7sW7vmZpF4AaABAg,"Alhamdulillah, update terus ka..
Sehat selalu ❤",alhamdulillah update terus ka sehat selalu red heart,2026-06-15T00:00:00+00:00,@bintanggelora03,https://www.youtube.com/watch?v=3F8suSmXme4&lc=UgzRNxox0x7sW7vmZpF4AaABAg,1,aplikasi fasih bps,tidak_relevan,,sapaan,indonesia,0.5,"Alhamdulillah, update terus ka.. Sehat selalu",Teks berisi doa dan sapaan kepada pembuat konten yang tidak berkaitan dengan Sensus Ekonomi 2026 atau aplikasi Fasih BPS.,gemma-4-12b-qat-unsloth-prompt-v2,"{""video_id"": ""3F8suSmXme4"", ""video_title"": ""|| EFFICIENT TREATMENT & USE FOR 1 HOUSE WITH 2 FAMILIES AND A BUSINESS ‼️ || DOOR-TO-DOOR OVERVI..."", ""channel"": ""Uzma Ulya"", ""parent"": ""root"", ""parent_text"": null, ""video_lang"": null, ""is_favorited"": true}"
899e5c81ac6eaffee75cdfc96816d75e,youtube,Ugx50F_Oud_P42IZpHJ4AaABAg,Akhirnya tampil kk,akhirnya tampil kk,2026-06-15T00:00:00+00:00,@Purwati-p4s,https://www.youtube.com/watch?v=3F8suSmXme4&lc=Ugx50F_Oud_P42IZpHJ4AaABAg,1,aplikasi fasih bps,tidak_relevan,,sapaan,indonesia,0.5,Akhirnya tampil kk,Teks tidak membahas Sensus Ekonomi 2026 atau aplikasi Fasih BPS dan hanya berupa sapaan/reaksi terhadap konten video.,gemma-4-12b-qat-unsloth-prompt-v2,"{""video_id"": ""3F8suSmXme4"", ""video_title"": ""|| EFFICIENT TREATMENT & USE FOR 1 HOUSE WITH 2 FAMILIES AND A BUSINESS ‼️ || DOOR-TO-DOOR OVERVI..."", ""channel"": ""Uzma Ulya"", ""parent"": ""root"", ""parent_text"": null, ""video_lang"": null, ""is_favorited"": true}"
b9e2c47a0ae4f43c927a692ebf0894e4,youtube,UgzpG_sjkG0-qm_u5f54AaABAg,"Terima kasih ka sangat membantu ,untuk penempatan stikernya ka",terima memberi ka sangat membantu untuk penempatan stikernya ka,2026-06-15T00:00:00+00:00,@muhammadrifal7134,https://www.youtube.com/watch?v=3F8suSmXme4&lc=UgzpG_sjkG0-qm_u5f54AaABAg,1,aplikasi fasih bps,tidak_relevan,,opini,indonesia,1.0,"Terima kasih ka sangat membantu ,untuk penempatan stikernya ka","Teks membahas tentang penempatan stiker pada rumah, bukan terkait Sensus Ekonomi 2026 atau aplikasi Fasih BPS.",gemma-4-12b-qat-unsloth-prompt-v2,"{""video_id"": ""3F8suSmXme4"", ""video_title"": ""|| EFFICIENT TREATMENT & USE FOR 1 HOUSE WITH 2 FAMILIES AND A BUSINESS ‼️ || DOOR-TO-DOOR OVERVI..."", ""channel"": ""Uzma Ulya"", ""parent"": ""root"", ""parent_text"": null, ""video_lang"": null, ""is_favorited"": true}"
ce812c9674c7a9aa14990ce2ed0e169e,youtube,Ugy6JyLBDPhXI6HQLvh4AaABAg,Hadir 🙋‍♂️,hadir man raising hand,2026-06-15T00:00:00+00:00,@arifrahmandha8073,https://www.youtube.com/watch?v=3F8suSmXme4&lc=Ugy6JyLBDPhXI6HQLvh4AaABAg,1,aplikasi fasih bps,tidak_relevan,,sapaan,indonesia,0.5,Hadir 🙋‍♂️,Teks hanya berupa penanda kehadiran dan tidak berkaitan dengan Sensus Ekonomi 2026 atau aplikasi Fasih BPS.,gemma-4-12b-qat-unsloth-prompt-v2,"{""video_id"": ""3F8suSmXme4"", ""video_title"": ""|| EFFICIENT TREATMENT & USE FOR 1 HOUSE WITH 2 FAMILIES AND A BUSINESS ‼️ || DOOR-TO-DOOR OVERVI..."", ""channel"": ""Uzma Ulya"", ""parent"": ""root"", ""parent_text"": null, ""video_lang"": null, ""is_favorited"": true}"
dfb08c48ee88a3fcc7bc7fc8c932d396,youtube,Ugy6JyLBDPhXI6HQLvh4AaABAg.AXyfUF0333bAXzA8jPKsOh,terimakasih kaka,terimakasih kaka,2026-06-15T00:00:00+00:00,@uzmaulya7507,https://www.youtube.com/watch?v=3F8suSmXme4&lc=Ugy6JyLBDPhXI6HQLvh4AaABAg.AXyfUF0333bAXzA8jPKsOh,0,aplikasi fasih bps,tidak_relevan,,sapaan,indonesia,0.5,terimakasih kaka,Teks tidak membahas Sensus Ekonomi 2026 atau aplikasi Fasih BPS dan hanya berupa ucapan terima kasih.,gemma-4-12b-qat-unsloth-prompt-v2,"{""video_id"": ""3F8suSmXme4"", ""video_title"": ""|| EFFICIENT TREATMENT & USE FOR 1 HOUSE WITH 2 FAMILIES AND A BUSINESS ‼️ || DOOR-TO-DOOR OVERVI..."", ""channel"": ""Uzma Ulya"", ""parent"": ""Ugy6JyLBDPhXI6HQLvh4AaABAg"", ""parent_text"": ""Hadir 🙋‍♂️"", ""video_lang"": null, ""is_favorited"": false}"
9f50ae7869730579ac9b6f416b3b6397,youtube,UgwZG3P0e4yB7W3lS6d4AaABAg,Terimakasih ini sangat membantu ❤,terimakasih ini sangat membantu red heart,2026-06-15T00:00:00+00:00,@reskiamaliah5225,https://www.youtube.com/watch?v=3F8suSmXme4&lc=UgwZG3P0e4yB7W3lS6d4AaABAg,1,aplikasi fasih bps,tidak_relevan,,opini,indonesia,1.0,Terimakasih ini sangat membantu,Teks berisi apresiasi terhadap konten video YouTube dan tidak berkaitan dengan Sensus Ekonomi 2026 atau aplikasi Fasih BPS.,gemma-4-12b-qat-unsloth-prompt-v2,"{""video_id"": ""3F8suSmXme4"", ""video_title"": ""|| EFFICIENT TREATMENT & USE FOR 1 HOUSE WITH 2 FAMILIES AND A BUSINESS ‼️ || DOOR-TO-DOOR OVERVI..."", ""channel"": ""Uzma Ulya"", ""parent"": ""root"", ""parent_text"": null, ""video_lang"": null, ""is_favorited"": true}"
8bb5be03cabfc57b2e95b554ef1a786f,youtube,UgycQL2CvXJbWia9BBJ4AaABAg,Ka bahas tentang usaha yg dikelola bumdes donk,ka bahas tentang usaha yang dikelola bumdes donk,2026-06-15T00:00:00+00:00,@bocil_bocilpetualang,https://www.youtube.com/watch?v=3F8suSmXme4&lc=UgycQL2CvXJbWia9BBJ4AaABAg,2,aplikasi fasih bps,tidak_relevan,,pertanyaan,indonesia,1.0,Ka bahas tentang usaha yg dikelola bumdes donk,Teks membahas tentang BUMDes dan tidak berkaitan dengan Sensus Ekonomi 2026 atau aplikasi Fasih BPS.,gemma-4-12b-qat-unsloth-prompt-v2,"{""video_id"": ""3F8suSmXme4"", ""video_title"": ""|| EFFICIENT TREATMENT & USE FOR 1 HOUSE WITH 2 FAMILIES AND A BUSINESS ‼️ || DOOR-TO-DOOR OVERVI..."", ""channel"": ""Uzma Ulya"", ""parent"": ""root"", ""parent_text"": null, ""video_lang"": null, ""is_favorited"": true}"
5258c95100fcb09bdee77c8f7edc7e67,youtube,UgzbrKchhkiqoz9GgtR4AaABAg,Paling di tunggu-tunggu updatenya Kak😁 akhirnya,paling di tunggu tunggu updatenya kak beaming face with smiling eyes akhirnya,2026-06-15T00:00:00+00:00,@anggitadewiayumutia2958,https://www.youtube.com/watch?v=3F8suSmXme4&lc=UgzbrKchhkiqoz9GgtR4AaABAg,2,aplikasi fasih bps,tidak_relevan,,opini,indonesia,1.0,Paling di tunggu-tunggu updatenya Kak😁 akhirnya,Teks membahas pembaruan konten video YouTube dan tidak berkaitan dengan Sensus Ekonomi 2026 atau aplikasi Fasih BPS.,gemma-4-12b-qat-unsloth-prompt-v2,"{""video_id"": ""3F8suSmXme4"", ""video_title"": ""|| EFFICIENT TREATMENT & USE FOR 1 HOUSE WITH 2 FAMILIES AND A BUSINESS ‼️ || DOOR-TO-DOOR OVERVI..."", ""channel"": ""Uzma Ulya"", ""parent"": ""root"", ""parent_text"": null, ""video_lang"": null, ""is_favorited"": true}"
4264dd800142370f2909ccc313c37d9e,youtube,UgzbrKchhkiqoz9GgtR4AaABAg.AXyfVbj0n2FAXz9eV8gF1F,semoga bermanfaat kaka,semoga bermanfaat kaka,2026-06-15T00:00:00+00:00,@uzmaulya7507,https://www.youtube.com/watch?v=3F8suSmXme4&lc=UgzbrKchhkiqoz9GgtR4AaABAg.AXyfVbj0n2FAXz9eV8gF1F,0,aplikasi fasih bps,tidak_relevan,,sapaan,indonesia,0.5,semoga bermanfaat kaka,Teks tidak membahas Sensus Ekonomi 2026 atau aplikasi Fasih BPS dan merupakan sapaan umum.,gemma-4-12b-qat-unsloth-prompt-v2,"{""video_id"": ""3F8suSmXme4"", ""video_title"": ""|| EFFICIENT TREATMENT & USE FOR 1 HOUSE WITH 2 FAMILIES AND A BUSINESS ‼️ || DOOR-TO-DOOR OVERVI..."", ""channel"": ""Uzma Ulya"", ""parent"": ""UgzbrKchhkiqoz9GgtR4AaABAg"", ""parent_text"": ""Paling di tunggu-tunggu updatenya Kak😁 akhirnya"", ""video_lang"": null, ""is_favorited"": false}"
745f975d461c216619c0caa4c5edf6b0,youtube,Ugyv0mNpBS9uPthWcv94AaABAg,Ka bikin tutorial cara menuliskan stiker berikut urutan nya,ka membuat tutorial cara menuliskan stiker berikut urutan nya,2026-06-15T00:00:00+00:00,@Ptmencarijatidiri,https://www.youtube.com/watch?v=3F8suSmXme4&lc=Ugyv0mNpBS9uPthWcv94AaABAg,1,aplikasi fasih bps,tidak_relevan,,pertanyaan,indonesia,1.0,Ka bikin tutorial cara menuliskan stiker,"Teks tidak membahas Sensus Ekonomi 2026, aplikasi Fasih BPS, atau petugas pendataan.",gemma-4-12b-qat-unsloth-prompt-v2,"{""video_id"": ""3F8suSmXme4"", ""video_title"": ""|| EFFICIENT TREATMENT & USE FOR 1 HOUSE WITH 2 FAMILIES AND A BUSINESS ‼️ || DOOR-TO-DOOR OVERVI..."", ""channel"": ""Uzma Ulya"", ""parent"": ""root"", ""parent_text"": null, ""video_lang"": null, ""is_favorited"": true}"
894e9ba63edb2a32f5c372f0a68b8a51,youtube,Ugwr3H4vaIWeUsKrwzl4AaABAg.AXz_pOP39z0AY-0V9jmxAC,terimakasih atas sarannya Kaka....,terimakasih atas sarannya kaka,2026-06-15T00:00:00+00:00,@uzmaulya7507,https://www.youtube.com/watch?v=3F8suSmXme4&lc=Ugwr3H4vaIWeUsKrwzl4AaABAg.AXz_pOP39z0AY-0V9jmxAC,0,aplikasi fasih bps,tidak_relevan,,sapaan,indonesia,0.5,terimakasih atas sarannya Kaka....,Teks tidak membahas Sensus Ekonomi 2026 atau aplikasi Fasih BPS dan merupakan sapaan terima kasih umum.,gemma-4-12b-qat-unsloth-prompt-v2,"{""video_id"": ""3F8suSmXme4"", ""video_title"": ""|| EFFICIENT TREATMENT & USE FOR 1 HOUSE WITH 2 FAMILIES AND A BUSINESS ‼️ || DOOR-TO-DOOR OVERVI..."", ""channel"": ""Uzma Ulya"", ""parent"": ""Ugwr3H4vaIWeUsKrwzl4AaABAg"", ""parent_text"": ""Terima kasih banyak, sangat membantu. tapi kalo boleh saran penjelasan nya bisa dijeda sdikit, supaya lebih singkron isisan Fasih🙏🏻🙏🏻🙏🏻"", ""video_lang"": null, ""is_favorited"": false}"
2002c925a68b403d40d320982d5dd875,youtube,UgxAMWMo6l7iXNjws3h4AaABAg,"Keren mbak auto like, subscribe",keren mbak auto like subscribe,2026-06-15T00:00:00+00:00,@ayisun09,https://www.youtube.com/watch?v=3F8suSmXme4&lc=UgxAMWMo6l7iXNjws3h4AaABAg,1,aplikasi fasih bps,tidak_relevan,,opini,indonesia,1.0,"Keren mbak auto like, subscribe",Teks berisi pujian terhadap konten video YouTube dan tidak berkaitan dengan Sensus Ekonomi 2026 atau aplikasi Fasih BPS.,gemma-4-12b-qat-unsloth-prompt-v2,"{""video_id"": ""3F8suSmXme4"", ""video_title"": ""|| EFFICIENT TREATMENT & USE FOR 1 HOUSE WITH 2 FAMILIES AND A BUSINESS ‼️ || DOOR-TO-DOOR OVERVI..."", ""channel"": ""Uzma Ulya"", ""parent"": ""root"", ""parent_text"": null, ""video_lang"": null, ""is_favorited"": true}"
ca9e9d379b7fb4db451e488492a0c5b8,youtube,UgxAMWMo6l7iXNjws3h4AaABAg.AY-WAmqOgaAAY-_bN_nKCR,"maa syaa Alloh, terima kasih 🫶🏻",maa syaa alloh terima memberi heart hands light skin tone,2026-06-15T00:00:00+00:00,@uzmaulya7507,https://www.youtube.com/watch?v=3F8suSmXme4&lc=UgxAMWMo6l7iXNjws3h4AaABAg.AY-WAmqOgaAAY-_bN_nKCR,0,aplikasi fasih bps,tidak_relevan,,sapaan,indonesia,0.5,"maa syaa Alloh, terima kasih",Teks tidak membahas Sensus Ekonomi 2026 atau aplikasi Fasih BPS.,gemma-4-12b-qat-unsloth-prompt-v2,"{""video_id"": ""3F8suSmXme4"", ""video_title"": ""|| EFFICIENT TREATMENT & USE FOR 1 HOUSE WITH 2 FAMILIES AND A BUSINESS ‼️ || DOOR-TO-DOOR OVERVI..."", ""channel"": ""Uzma Ulya"", ""parent"": ""UgxAMWMo6l7iXNjws3h4AaABAg"", ""parent_text"": ""Keren mbak auto like, subscribe"", ""video_lang"": null, ""is_favorited"": false}"
715109cc96e522fbc56090159b6f7aa5,youtube,UgxkPp55vk6bUujB5Yt4AaABAg,Ass.. Kak.. Tolong contohkan untuk sekolahan,ass kak tolong contohkan untuk sekolahan,2026-06-15T00:00:00+00:00,@yaninurhayatinurhayati6496,https://www.youtube.com/watch?v=3F8suSmXme4&lc=UgxkPp55vk6bUujB5Yt4AaABAg,1,aplikasi fasih bps,tidak_relevan,,pertanyaan,indonesia,1.0,Tolong contohkan untuk sekolahan,"Teks tidak membahas Sensus Ekonomi 2026, aplikasi Fasih BPS, atau petugas pendataan.",gemma-4-12b-qat-unsloth-prompt-v2,"{""video_id"": ""3F8suSmXme4"", ""video_title"": ""|| EFFICIENT TREATMENT & USE FOR 1 HOUSE WITH 2 FAMILIES AND A BUSINESS ‼️ || DOOR-TO-DOOR OVERVI..."", ""channel"": ""Uzma Ulya"", ""parent"": ""root"", ""parent_text"": null, ""video_lang"": null, ""is_favorited"": true}"
632764b2e5f1880e1c42882c7068bb28,youtube,UgxAHeTSZg0oIWxZuFV4AaABAg,Gimana guys? Masih pusing? 🫠,bagaimana guys masih pusing melting face,2026-06-15T00:00:00+00:00,@dianwah,https://www.youtube.com/watch?v=3F8suSmXme4&lc=UgxAHeTSZg0oIWxZuFV4AaABAg,1,aplikasi fasih bps,tidak_relevan,,sapaan,indonesia,0.5,Gimana guys? Masih pusing?,"Teks tidak membahas Sensus Ekonomi 2026, aplikasi Fasih BPS, atau topik terkait lainnya.",gemma-4-12b-qat-unsloth-prompt-v2,"{""video_id"": ""3F8suSmXme4"", ""video_title"": ""|| EFFICIENT TREATMENT & USE FOR 1 HOUSE WITH 2 FAMILIES AND A BUSINESS ‼️ || DOOR-TO-DOOR OVERVI..."", ""channel"": ""Uzma Ulya"", ""parent"": ""root"", ""parent_text"": null, ""video_lang"": null, ""is_favorited"": true}"
20316a0b570840a9ee6ae316229b890b,youtube,UgwVIceMYbx_o3XFgmt4AaABAg.AY-_-aUhJhrAY1-OfC47yu,"Iyaa kak, khusus pml",iyaa kak khusus pml,2026-06-15T00:00:00+00:00,@sutantoaliatha,https://www.youtube.com/watch?v=3F8suSmXme4&lc=UgwVIceMYbx_o3XFgmt4AaABAg.AY-_-aUhJhrAY1-OfC47yu,0,aplikasi fasih bps,tidak_relevan,,sapaan,indonesia,0.5,"Iyaa kak, khusus pml",Teks tidak membahas Sensus Ekonomi 2026 atau aplikasi Fasih BPS dan hanya berupa balasan sapaan tanpa konteks induk.,gemma-4-12b-qat-unsloth-prompt-v2,"{""video_id"": ""3F8suSmXme4"", ""video_title"": ""|| EFFICIENT TREATMENT & USE FOR 1 HOUSE WITH 2 FAMILIES AND A BUSINESS ‼️ || DOOR-TO-DOOR OVERVI..."", ""channel"": ""Uzma Ulya"", ""parent"": ""UgwVIceMYbx_o3XFgmt4AaABAg"", ""parent_text"": ""Bantu contoh tugas PML di Fasih ya🙏"", ""video_lang"": null, ""is_favorited"": false}"
d4fa6411610314112cb2f82e59ef34ad,youtube,Ugx0gNWxWhuY1BqqfGt4AaABAg,Kk tutorin puskesmas dong sm bank aku dapat prelis itu juga 😢,kk tutorin puskesmas dong sm bank aku dapat prelis itu juga crying face,2026-06-15T00:00:00+00:00,@trisusanti9622,https://www.youtube.com/watch?v=3F8suSmXme4&lc=Ugx0gNWxWhuY1BqqfGt4AaABAg,1,aplikasi fasih bps,tidak_relevan,,pertanyaan,indonesia,1.0,tutorin puskesmas dong sm bank,Teks membahas tentang puskesmas dan bank yang tidak berkaitan dengan Sensus Ekonomi 2026 atau aplikasi Fasih BPS.,gemma-4-12b-qat-unsloth-prompt-v2,"{""video_id"": ""3F8suSmXme4"", ""video_title"": ""|| EFFICIENT TREATMENT & USE FOR 1 HOUSE WITH 2 FAMILIES AND A BUSINESS ‼️ || DOOR-TO-DOOR OVERVI..."", ""channel"": ""Uzma Ulya"", ""parent"": ""root"", ""parent_text"": null, ""video_lang"": null, ""is_favorited"": true}"
a096faa0e7d35e67a683705473c97c4a,youtube,UgxO9FOyGbxEDo7NGgJ4AaABAg,sayang banget kenapa videonya ngga full layar biar lebih jelas,sayang sangat kenapa videonya tidak full layar biar lebih jelas,2026-06-15T00:00:00+00:00,@rheathaikal,https://www.youtube.com/watch?v=3F8suSmXme4&lc=UgxO9FOyGbxEDo7NGgJ4AaABAg,2,aplikasi fasih bps,tidak_relevan,,opini,indonesia,1.0,ngga full layar,Teks membahas kualitas tampilan video YouTube dan tidak berkaitan dengan Sensus Ekonomi 2026 atau aplikasi Fasih BPS.,gemma-4-12b-qat-unsloth-prompt-v2,"{""video_id"": ""3F8suSmXme4"", ""video_title"": ""|| EFFICIENT TREATMENT & USE FOR 1 HOUSE WITH 2 FAMILIES AND A BUSINESS ‼️ || DOOR-TO-DOOR OVERVI..."", ""channel"": ""Uzma Ulya"", ""parent"": ""root"", ""parent_text"": null, ""video_lang"": null, ""is_favorited"": true}"
81e6184d71e7ce2eb106e921e703484c,youtube,Ugzis9lpX82HhAthfZF4AaABAg,kak terus no bangunannya gimna disamain?,kak terus no bangunannya gimna disamain,2026-06-15T00:00:00+00:00,@alfimunawar8605,https://www.youtube.com/watch?v=3F8suSmXme4&lc=Ugzis9lpX82HhAthfZF4AaABAg,1,aplikasi fasih bps,tidak_relevan,,pertanyaan,indonesia,1.0,kak terus no bangunannya gimna disamain?,Teks berisi pertanyaan mengenai konstruksi bangunan dalam video YouTube dan tidak berkaitan dengan Sensus Ekonomi 2026 atau aplikasi Fasih BPS.,gemma-4-12b-qat-unsloth-prompt-v2,"{""video_id"": ""3F8suSmXme4"", ""video_title"": ""|| EFFICIENT TREATMENT & USE FOR 1 HOUSE WITH 2 FAMILIES AND A BUSINESS ‼️ || DOOR-TO-DOOR OVERVI..."", ""channel"": ""Uzma Ulya"", ""parent"": ""root"", ""parent_text"": null, ""video_lang"": null, ""is_favorited"": true}"
9b77f0f7c3335988f2ba5cff10806d4c,youtube,UgzPudZXQiDCCx2wr554AaABAg,"Sya pakai matepad se 11,, mau tambah assegment kok lokasi gps tidak di ketahui 
Kenapa ya kak",sya pakai matepad se 11 mau tambah assegment kok lokasi gps tidak di ketahui kenapa ya kak,2026-06-15T00:00:00+00:00,@priobgz2,https://www.youtube.com/watch?v=hytlrRWwgMY&lc=UgzPudZXQiDCCx2wr554AaABAg,0,aplikasi fasih bps,tidak_relevan,,pertanyaan,indonesia,1.0,lokasi gps tidak di ketahui,Teks membahas masalah teknis pada perangkat tablet (matepad) dan bukan terkait Sensus Ekonomi 2026 atau aplikasi Fasih BPS.,gemma-4-12b-qat-unsloth-prompt-v2,"{""video_id"": ""hytlrRWwgMY"", ""video_title"": ""How to Overcome Fluency Problems | How to Overcome Fluency Error"", ""channel"": ""hadi mustafid m"", ""parent"": ""root"", ""parent_text"": null, ""video_lang"": null, ""is_favorited"": false}"
3089f6fa52c4ce4748d16e54f8fb2c01,youtube,UgysucXo233Fx7v7YWJ4AaABAg,Cara mengubah NIK di sertifikat,cara mengubah nik di sertifikat,2026-06-15T00:00:00+00:00,@rudiansyah8360,https://www.youtube.com/watch?v=HBCmYjbvr64&lc=UgysucXo233Fx7v7YWJ4AaABAg,1,cara isi kuesioner sensus ekonomi,tidak_relevan,,pertanyaan,indonesia,1.0,Cara mengubah NIK di sertifikat,Teks menanyakan prosedur administrasi kependudukan yang tidak berkaitan dengan Sensus Ekonomi 2026 atau aplikasi Fasih BPS.,gemma-4-12b-qat-unsloth-prompt-v2,"{""video_id"": ""HBCmYjbvr64"", ""video_title"": ""|| HOW TO ACCESS MOOC FOR OFFICERS IN SE2026‼️ ECONOMIC CENSUS INFO UPDATE ‼️"", ""channel"": ""Uzma Ulya"", ""parent"": ""root"", ""parent_text"": null, ""video_lang"": null, ""is_favorited"": true}"
0cce31bb8e790974614272f962c5f29e,youtube,UgzOlmrrMTSLRuMSIxN4AaABAg,Paten lagi server mobile legends 😂,paten lagi server mobile legends face with tears of joy,2026-06-15T00:00:00+00:00,@azkadina4379,https://www.youtube.com/watch?v=HBCmYjbvr64&lc=UgzOlmrrMTSLRuMSIxN4AaABAg,1,cara isi kuesioner sensus ekonomi,tidak_relevan,,lelucon,indonesia,1.0,Paten lagi server mobile legends,Teks membahas tentang game Mobile Legends dan tidak berkaitan dengan Sensus Ekonomi 2026 atau aplikasi Fasih BPS.,gemma-4-12b-qat-unsloth-prompt-v2,"{""video_id"": ""HBCmYjbvr64"", ""video_title"": ""|| HOW TO ACCESS MOOC FOR OFFICERS IN SE2026‼️ ECONOMIC CENSUS INFO UPDATE ‼️"", ""channel"": ""Uzma Ulya"", ""parent"": ""root"", ""parent_text"": null, ""video_lang"": null, ""is_favorited"": true}"
072306b02bea347ccf37de9ec06b5cc4,youtube,Ugy-2iT97BSdtkLG4Lt4AaABAg,Pendataan  untuk puskesmas dan klinik  kesehatan mbak uzma,pendataan untuk puskesmas dan klinik kesehatan mbak uzma,2026-06-15T00:00:00+00:00,@abdullahkhairulazam8350,https://www.youtube.com/watch?v=hTeaDSz2L0Q&lc=Ugy-2iT97BSdtkLG4Lt4AaABAg,1,cara isi kuesioner sensus ekonomi,tidak_relevan,,informasi,indonesia,1.0,Pendataan untuk puskesmas dan klinik kesehatan,Teks membahas pendataan kesehatan yang tidak berkaitan dengan Sensus Ekonomi 2026 atau aplikasi Fasih BPS.,gemma-4-12b-qat-unsloth-prompt-v2,"{""video_id"": ""hTeaDSz2L0Q"", ""video_title"": ""|| DATA COLLECTION TREATMENT IN BKU, BTT || FAMILY IDENTIFICATION METHOD ❗||DOOR TO DOOR DATA COL..."", ""channel"": ""Uzma Ulya"", ""parent"": ""root"", ""parent_text"": null, ""video_lang"": null, ""is_favorited"": true}"
e36eca83fceb9bb8ac8b669b906074aa,youtube,UgyX-IQGae50DEHSXal4AaABAg,Trimakasih kak Uzma..,trimakasih kak uzma,2026-06-15T00:00:00+00:00,@isnihiroaditya8219,https://www.youtube.com/watch?v=hTeaDSz2L0Q&lc=UgyX-IQGae50DEHSXal4AaABAg,1,cara isi kuesioner sensus ekonomi,tidak_relevan,,sapaan,indonesia,0.5,Trimakasih kak Uzma..,Teks hanya berisi ucapan terima kasih kepada pembuat konten dan tidak membahas Sensus Ekonomi 2026 atau aplikasi Fasih BPS.,gemma-4-12b-qat-unsloth-prompt-v2,"{""video_id"": ""hTeaDSz2L0Q"", ""video_title"": ""|| DATA COLLECTION TREATMENT IN BKU, BTT || FAMILY IDENTIFICATION METHOD ❗||DOOR TO DOOR DATA COL..."", ""channel"": ""Uzma Ulya"", ""parent"": ""root"", ""parent_text"": null, ""video_lang"": null, ""is_favorited"": true}"
755c61e6420fb629dad4156ee12f05ab,youtube,UgxQcLYoP17uzUi1Ppt4AaABAg,Kak kalo berkenan tolong bikinin yg alfa/indo tapi ada jualan kopi dan roti juga di dalam alfanya,kak kalau berkenan tolong bikinin yang alfa indo tapi ada jualan kopi dan roti juga di dalam alfanya,2026-06-15T00:00:00+00:00,@iniyoutube-i1t,https://www.youtube.com/watch?v=hTeaDSz2L0Q&lc=UgxQcLYoP17uzUi1Ppt4AaABAg,2,cara isi kuesioner sensus ekonomi,tidak_relevan,,opini,indonesia,1.0,bikinin yg alfa/indo tapi ada jualan kopi dan roti,Teks membahas permintaan pembuatan konten atau desain terkait toko retail (Alfamart/Indomaret) dan tidak berkaitan dengan Sensus Ekonomi 2026 atau aplikasi Fasih BPS.,gemma-4-12b-qat-unsloth-prompt-v2,"{""video_id"": ""hTeaDSz2L0Q"", ""video_title"": ""|| DATA COLLECTION TREATMENT IN BKU, BTT || FAMILY IDENTIFICATION METHOD ❗||DOOR TO DOOR DATA COL..."", ""channel"": ""Uzma Ulya"", ""parent"": ""root"", ""parent_text"": null, ""video_lang"": null, ""is_favorited"": true}"
58b4d54d7c2ce06417525d0be535a929,youtube,UgyMw9sVvvNMznSuA7p4AaABAg,"Penonton, like dan coment pertama 😂",penonton like dan coment pertama face with tears of joy,2026-06-15T00:00:00+00:00,@Ruakh_Chanel,https://www.youtube.com/watch?v=GwRYsheWcTw&lc=UgyMw9sVvvNMznSuA7p4AaABAg,2,petugas sensus ekonomi 2026,tidak_relevan,,sapaan,indonesia,0.5,"Penonton, like dan coment pertama 😂",Teks hanya berisi ajakan interaksi dan sapaan penonton tanpa membahas Sensus Ekonomi 2026.,gemma-4-12b-qat-unsloth-prompt-v2,"{""video_id"": ""GwRYsheWcTw"", ""video_title"": ""|| SE2026 OFFICER PRETEST-POSTEST QUESTIONS DISPLAY ‼️|| SE2026 UPDATE!"", ""channel"": ""Uzma Ulya"", ""parent"": ""root"", ""parent_text"": null, ""video_lang"": null, ""is_favorited"": true}"
c3ec03bf8252ddb72c860f0e4c113f3c,youtube,UgzDaEstCkJhJTtm8od4AaABAg.AX3FxPxh-Z3AX3V7dpM7hm,"efek MBg, kopdes MP dan pemimpin yang payah kelola negaran. Negara kita termiskin ke 2 dunia dan rupiah mata uang terlemah 1 di Asia. Hutang melangit.",efek mbg kopdes mp dan pemimpin yang payah kelola negaran negara kita termiskin ke 2 dunia dan rupiah mata uang terlemah 1 di asia hutang melangit,2026-06-15T00:00:00+00:00,@jokopurnomo-im8vy,https://www.youtube.com/watch?v=K1mKcMU3VTU&lc=UgzDaEstCkJhJTtm8od4AaABAg.AX3FxPxh-Z3AX3V7dpM7hm,3,petugas sensus ekonomi 2026,tidak_relevan,,opini,indonesia,1.0,Negara kita termiskin ke 2 dunia dan rupiah mata uang terlemah 1 di Asia.,"Teks membahas kondisi ekonomi makro negara dan hutang, bukan tentang Sensus Ekonomi 2026 atau aplikasi Fasih BPS.",gemma-4-12b-qat-unsloth-prompt-v2,"{""video_id"": ""K1mKcMU3VTU"", ""video_title"": ""IMPORTANT BPS UPDATE INFO‼️|| SE2026 OFFICER WORK CONTRACT|| BPS PARTNER 2026"", ""channel"": ""Uzma Ulya"", ""parent"": ""UgzDaEstCkJhJTtm8od4AaABAg"", ""parent_text"": ""SE2016 honor anggarannya 3 t,SE2026,1,3 t,semakin kesini anggaran di kurangi,bukan di tambahkan"", ""video_lang"": null, ""is_favorited"": true}"
63df8227b6a9e7820ff940126cceef6e,youtube,Ugygr1FYDk114xAjauV4AaABAg,Sulsel ewako,sulsel ewako,2026-06-15T00:00:00+00:00,@SriSuyut,https://www.youtube.com/watch?v=Hx__goBhQP0&lc=Ugygr1FYDk114xAjauV4AaABAg,0,sensus ekonomi bps penjelasan,tidak_relevan,,sapaan,daerah,0.5,Sulsel ewako,Teks merupakan slogan penyemangat daerah (Sulawesi Selatan) dan tidak membahas Sensus Ekonomi 2026 atau aplikasi Fasih BPS.,gemma-4-12b-qat-unsloth-prompt-v2,"{""video_id"": ""Hx__goBhQP0"", ""video_title"": ""BPS TANCAP GAS! Sensus Ekonomi 2026 Perdana Digelar di Sulsel"", ""channel"": ""SINDOnews"", ""parent"": ""root"", ""parent_text"": null, ""video_lang"": null, ""is_favorited"": false}"
8c6702c8573742a09719bf79f468d500,youtube,Ugx_EksEyyYdMuVppZJ4AaABAg,"Patriot pembela rakyat 💪🫡 
TNI hadir untuk rakyat Indonesia/Papua 💪 
#kasuari
Mambri_807",patriot pembela rakyat flexed biceps saluting face tni hadir untuk rakyat indonesia papua flexed biceps mambri 807,2026-06-15T00:00:00+00:00,@icalahoren3293,https://www.youtube.com/watch?v=GnnyRB9KaQ8&lc=Ugx_EksEyyYdMuVppZJ4AaABAg,0,economic census 2026 indonesia,tidak_relevan,,opini,indonesia,1.0,Patriot pembela rakyat 💪🫡 TNI hadir untuk rakyat Indonesia/Papua,Teks berisi dukungan terhadap TNI dan tidak membahas Sensus Ekonomi 2026 atau aplikasi Fasih BPS.,gemma-4-12b-qat-unsloth-prompt-v2,"{""video_id"": ""GnnyRB9KaQ8"", ""video_title"": ""2026 Economic Census, Recording Efforts to Build Indonesia."", ""channel"": ""Kodam Kasuari"", ""parent"": ""root"", ""parent_text"": null, ""video_lang"": null, ""is_favorited"": false}"
46f127983bb046f7273db50cd6a7032d,youtube,Ugyis4KkBDVeAMxNy_N4AaABAg,Jaya selalu TNI bersama Rakyat ❤,jaya selalu tni bersama rakyat red heart,2026-06-15T00:00:00+00:00,@bayufebruari8598,https://www.youtube.com/watch?v=GnnyRB9KaQ8&lc=Ugyis4KkBDVeAMxNy_N4AaABAg,0,economic census 2026 indonesia,tidak_relevan,,sapaan,indonesia,0.5,Jaya selalu TNI bersama Rakyat,Teks merupakan ungkapan dukungan kepada TNI dan tidak berkaitan dengan Sensus Ekonomi 2026 atau aplikasi Fasih BPS.,gemma-4-12b-qat-unsloth-prompt-v2,"{""video_id"": ""GnnyRB9KaQ8"", ""video_title"": ""2026 Economic Census, Recording Efforts to Build Indonesia."", ""channel"": ""Kodam Kasuari"", ""parent"": ""root"", ""parent_text"": null, ""video_lang"": null, ""is_favorited"": false}"
deb51992d5f5f9c98e0184c9a7c8d33c,youtube,UgxLiMIBSJ42x0CNJTV4AaABAg,Jaya selalu TNI 🇮🇩,jaya selalu tni indonesia,2026-06-15T00:00:00+00:00,@AGUNG1812,https://www.youtube.com/watch?v=GnnyRB9KaQ8&lc=UgxLiMIBSJ42x0CNJTV4AaABAg,0,economic census 2026 indonesia,tidak_relevan,,sapaan,indonesia,0.5,Jaya selalu TNI,Teks merupakan ungkapan dukungan kepada TNI dan tidak berkaitan dengan Sensus Ekonomi 2026 atau aplikasi Fasih BPS.,gemma-4-12b-qat-unsloth-prompt-v2,"{""video_id"": ""GnnyRB9KaQ8"", ""video_title"": ""2026 Economic Census, Recording Efforts to Build Indonesia."", ""channel"": ""Kodam Kasuari"", ""parent"": ""root"", ""parent_text"": null, ""video_lang"": null, ""is_favorited"": false}"
dca0170ff454fa428092da00e9328e82,youtube,UgyErU7sjeMuCZcvcDJ4AaABAg,Jaya selalu TNI,jaya selalu tni,2026-06-15T00:00:00+00:00,@MuhammadMazhabWirabuana,https://www.youtube.com/watch?v=GnnyRB9KaQ8&lc=UgyErU7sjeMuCZcvcDJ4AaABAg,0,economic census 2026 indonesia,tidak_relevan,,sapaan,indonesia,0.5,Jaya selalu TNI,Teks merupakan slogan atau dukungan untuk institusi militer dan tidak berkaitan dengan Sensus Ekonomi 2026 atau aplikasi Fasih BPS.,gemma-4-12b-qat-unsloth-prompt-v2,"{""video_id"": ""GnnyRB9KaQ8"", ""video_title"": ""2026 Economic Census, Recording Efforts to Build Indonesia."", ""channel"": ""Kodam Kasuari"", ""parent"": ""root"", ""parent_text"": null, ""video_lang"": null, ""is_favorited"": false}"
27d797f5feacdc1440bc6e05f929b742,youtube,UgwTXLiez43NU56Scnt4AaABAg,TNI JAYA 🇮🇩,tni jaya indonesia,2026-06-15T00:00:00+00:00,@Suanter-r1l1z,https://www.youtube.com/watch?v=GnnyRB9KaQ8&lc=UgwTXLiez43NU56Scnt4AaABAg,0,economic census 2026 indonesia,tidak_relevan,,sapaan,indonesia,0.5,TNI JAYA,Teks merupakan yel-yel atau dukungan terhadap institusi militer dan tidak membahas Sensus Ekonomi 2026 atau aplikasi Fasih BPS.,gemma-4-12b-qat-unsloth-prompt-v2,"{""video_id"": ""GnnyRB9KaQ8"", ""video_title"": ""2026 Economic Census, Recording Efforts to Build Indonesia."", ""channel"": ""Kodam Kasuari"", ""parent"": ""root"", ""parent_text"": null, ""video_lang"": null, ""is_favorited"": false}"
6362020206850f90c6270885e59838da,youtube,UgwRbxswHYQJZCUncwl4AaABAg,Patriot Pembela Rakyat #44,patriot pembela rakyat,2026-06-15T00:00:00+00:00,@Rnia-p3m3p,https://www.youtube.com/watch?v=GnnyRB9KaQ8&lc=UgwRbxswHYQJZCUncwl4AaABAg,0,economic census 2026 indonesia,tidak_relevan,,sapaan,indonesia,0.5,Patriot Pembela Rakyat #44,Teks hanya berisi nama pengguna atau identitas tanpa penilaian terhadap Sensus Ekonomi 2026.,gemma-4-12b-qat-unsloth-prompt-v2,"{""video_id"": ""GnnyRB9KaQ8"", ""video_title"": ""2026 Economic Census, Recording Efforts to Build Indonesia."", ""channel"": ""Kodam Kasuari"", ""parent"": ""root"", ""parent_text"": null, ""video_lang"": null, ""is_favorited"": false}"
40c0461ba6d15419c0c34287b80d24df,youtube,UgwTB1Dg4_yaUD2YzlJ4AaABAg,Jaya selalu kodam kasuari 💪🔥,jaya selalu kodam kasuari flexed biceps fire,2026-06-15T00:00:00+00:00,@KaEL-m3g,https://www.youtube.com/watch?v=GnnyRB9KaQ8&lc=UgwTB1Dg4_yaUD2YzlJ4AaABAg,0,economic census 2026 indonesia,tidak_relevan,,sapaan,indonesia,0.5,Jaya selalu kodam kasuari,Teks merupakan ungkapan dukungan kepada kanal YouTube dan tidak membahas Sensus Ekonomi 2026 atau aplikasi Fasih BPS.,gemma-4-12b-qat-unsloth-prompt-v2,"{""video_id"": ""GnnyRB9KaQ8"", ""video_title"": ""2026 Economic Census, Recording Efforts to Build Indonesia."", ""channel"": ""Kodam Kasuari"", ""parent"": ""root"", ""parent_text"": null, ""video_lang"": null, ""is_favorited"": false}"
cc93131c51a1fdb14471381c73000c8f,youtube,UgwCSWObpCITNpYL5rR4AaABAg,Tetap jaya #brigif 26 gp,tetap jaya 26 gp,2026-06-15T00:00:00+00:00,@TungtungSahur-e2z,https://www.youtube.com/watch?v=GnnyRB9KaQ8&lc=UgwCSWObpCITNpYL5rR4AaABAg,0,economic census 2026 indonesia,tidak_relevan,,sapaan,indonesia,0.5,Tetap jaya #brigif 26 gp,Teks berisi slogan atau dukungan untuk unit militer dan tidak berkaitan dengan Sensus Ekonomi 2026 atau aplikasi Fasih BPS.,gemma-4-12b-qat-unsloth-prompt-v2,"{""video_id"": ""GnnyRB9KaQ8"", ""video_title"": ""2026 Economic Census, Recording Efforts to Build Indonesia."", ""channel"": ""Kodam Kasuari"", ""parent"": ""root"", ""parent_text"": null, ""video_lang"": null, ""is_favorited"": false}"
c9001e78b405546f277aa154a09a0d67,youtube,UgywGRTD5HC-10M9rf54AaABAg,"Patriot Pembela Rakyat, TNI selalu di hati #bemanbebathun #Yoniftp863 #863 #bathun",patriot pembela rakyat tni selalu di hati,2026-06-15T00:00:00+00:00,@rachxxy,https://www.youtube.com/watch?v=GnnyRB9KaQ8&lc=UgywGRTD5HC-10M9rf54AaABAg,0,economic census 2026 indonesia,tidak_relevan,,sapaan,indonesia,0.5,"Patriot Pembela Rakyat, TNI selalu di hati",Teks berisi dukungan kepada TNI dan tidak membahas Sensus Ekonomi 2026 atau aplikasi Fasih BPS.,gemma-4-12b-qat-unsloth-prompt-v2,"{""video_id"": ""GnnyRB9KaQ8"", ""video_title"": ""2026 Economic Census, Recording Efforts to Build Indonesia."", ""channel"": ""Kodam Kasuari"", ""parent"": ""root"", ""parent_text"": null, ""video_lang"": null, ""is_favorited"": false}"
05c924924d2514568b25ce50d2a77a9c,youtube,UgyNTp69Prq3dFXOrKt4AaABAg,"No.20, kasihan Andi gak kebagian kelengkengnya😭padahal dia yang punya",no 20 kasihan andi tidak kebagian kelengkengnya loudly crying face padahal dia yang punya,2026-06-15T00:00:00+00:00,@OdieDesphot,https://www.youtube.com/watch?v=H2qtQFKB7XE&lc=UgyNTp69Prq3dFXOrKt4AaABAg,1,bps economic census tutorial,tidak_relevan,,opini,indonesia,1.0,kasihan Andi gak kebagian kelengkengnya,Teks membahas konten hiburan/lelucon dalam video dan tidak berkaitan dengan Sensus Ekonomi 2026 atau aplikasi Fasih BPS.,gemma-4-12b-qat-unsloth-prompt-v2,"{""video_id"": ""H2qtQFKB7XE"", ""video_title"": ""Actual BPS Statistical Partner Test Questions 2026 | Real FR from Participants!! Study Up and Avo..."", ""channel"": ""Ajeng Septin"", ""parent"": ""root"", ""parent_text"": null, ""video_lang"": null, ""is_favorited"": false}"
47827d467ff0601c0579335e98561d91,youtube,UgwmGp0K7ko2g9ApV_h4AaABAg,"nah atlet pun ada yg ngitung jml ngoper, jml assist jumlah out, nah itu itu siapa yg ngitung, dagang itu sebenarnya laga,

 jika produsen pahala online nya adalah produksi, 

maka distributor, pahala online nya ada ngirim barang 👈

sebenarny gua sudah membagi kasta dalam game ini 😔

1. ksatria/elit: 
skill : dpt mengajukan petisi makan siang utk menyelesaikan sengketa

2. brahmana
skill: dpt mejalankan gabut party bersama group mbg, 

3. waisya
skill: ngumpulin pahala online, utk wibawa saat terjadi sengketa

4. sudra
skill: caper terhadap UU yg sudah jadi, dmn kebanyakan UU itu ngebuff kasta ini,",nah atlet pun ada yang ngitung jml ngoper jml assist jumlah out nah itu itu siapa yang ngitung dagang itu sebenarnya laga jika produsen pahala online nya adalah produksi maka distributor pahala online nya ada ngirim barang backhand index pointing left sebenarny gua sudah membagi kasta dalam game ini pensive face 1 ksatria elit skill dpt mengajukan petisi makan siang untuk menyelesaikan sengketa 2 brahmana skill dpt mejalankan gabut party bersama group mbg 3 waisya skill ngumpulin pahala online untuk wibawa saat terjadi sengketa 4 sudra skill caper terhadap uu yang sudah jadi dmn kebanyakan uu itu ngebuff kasta ini,2026-06-15T00:00:00+00:00,@KutuKhan6467,https://www.youtube.com/watch?v=nV4OmCFzr0Y&lc=UgwmGp0K7ko2g9ApV_h4AaABAg,1,@BPSStatistics,tidak_relevan,,opini,indonesia,1.0,nah atlet pun ada yg ngitung jml ngoper... kasta ini,"Teks membahas analogi permainan dan kasta dalam game, tidak berkaitan dengan Sensus Ekonomi 2026 atau aplikasi Fasih BPS.",gemma-4-12b-qat-unsloth-prompt-v2,"{""video_id"": ""nV4OmCFzr0Y"", ""video_title"": ""[Economic Census] Minister of Youth and Sports of the Republic of Indonesia: SE2026 as the Founda..."", ""channel"": ""BPS Statistics"", ""parent"": ""root"", ""parent_text"": null, ""video_lang"": null, ""is_favorited"": false}"
3cdfaa980315d3bb6fe0c17e87b00766,youtube,Ugwpmy3-hpHIuebuy9V4AaABAg,Datang langsung siram air 🤭😂🤗,datang langsung siram air face with hand over mouth face with tears of joy smiling face with open hands,2026-07-15T00:00:00+00:00,@wahyusetiawan9348,https://www.youtube.com/watch?v=VWSz4FkDcZk&lc=Ugwpmy3-hpHIuebuy9V4AaABAg,3,sensus ekonomi 2026 bps,tidak_relevan,,lelucon,indonesia,1.0,Datang langsung siram air,"Teks tidak membicarakan Sensus Ekonomi 2026, aplikasi Fasih BPS, atau proses pendataan.",gemma-4-12b-qat-unsloth-prompt-v2,"{""video_id"": ""VWSz4FkDcZk"", ""video_title"": ""Sensus Ekonomi 2026 Resmi Dimulai, BPS Minta Masyarakat Jujur Saat Didata"", ""channel"": ""CNN Indonesia"", ""parent"": ""root"", ""parent_text"": null, ""video_lang"": null, ""is_favorited"": false}"
20b29e195953e841526a44ef8dedc908,youtube,UgzeV-RGQMkA-txmRvh4AaABAg,"Prabowo kayak orang linglung..
harusnya yang dia kejar paus bukan telur ikan yg blm netes.",prabowo kayak orang linglung harusnya yang dia kejar paus bukan telur ikan yang belum netes,2026-07-15T00:00:00+00:00,@yudhabigbike,https://www.youtube.com/watch?v=VWSz4FkDcZk&lc=UgzeV-RGQMkA-txmRvh4AaABAg,3,sensus ekonomi 2026 bps,tidak_relevan,,opini,indonesia,1.0,Prabowo kayak orang linglung.. harusnya yang dia kejar paus bukan telur ikan yg blm netes.,Teks berisi opini politik mengenai tokoh publik dan tidak berkaitan dengan Sensus Ekonomi 2026 atau aplikasi Fasih BPS.,gemma-4-12b-qat-unsloth-prompt-v2,"{""video_id"": ""VWSz4FkDcZk"", ""video_title"": ""Sensus Ekonomi 2026 Resmi Dimulai, BPS Minta Masyarakat Jujur Saat Didata"", ""channel"": ""CNN Indonesia"", ""parent"": ""root"", ""parent_text"": null, ""video_lang"": null, ""is_favorited"": false}"
64ffd9cd76775a42c0bd73256a2a79c1,youtube,Ugxgb2XDPNRHZX-9PqV4AaABAg,"BPJS ketenagakerjaan aja di potong pajak sekarang, padahal itu dari potongan gaji kita,,,,",bpjs ketenagakerjaan saja di potong pajak sekarang padahal itu dari potongan gaji kita,2026-07-15T00:00:00+00:00,@Lyric0562,https://www.youtube.com/watch?v=VWSz4FkDcZk&lc=Ugxgb2XDPNRHZX-9PqV4AaABAg,0,sensus ekonomi 2026 bps,tidak_relevan,,opini,indonesia,1.0,BPJS ketenagakerjaan aja di potong pajak sekarang,Teks membahas tentang potongan pajak BPJS Ketenagakerjaan yang tidak berkaitan dengan Sensus Ekonomi 2026 atau aplikasi Fasih BPS.,gemma-4-12b-qat-unsloth-prompt-v2,"{""video_id"": ""VWSz4FkDcZk"", ""video_title"": ""Sensus Ekonomi 2026 Resmi Dimulai, BPS Minta Masyarakat Jujur Saat Didata"", ""channel"": ""CNN Indonesia"", ""parent"": ""root"", ""parent_text"": null, ""video_lang"": null, ""is_favorited"": false}"
889b73f8591d28c64873fe02c8665b1c,youtube,UgwEdi82u2kFS9hQAbR4AaABAg,UUP,uup,2026-07-15T00:00:00+00:00,@basinkk,https://www.youtube.com/watch?v=VWSz4FkDcZk&lc=UgwEdi82u2kFS9hQAbR4AaABAg,0,sensus ekonomi 2026 bps,tidak_relevan,,sapaan,indonesia,0.5,UUP,Teks hanya berupa singkatan atau penanda kehadiran tanpa makna yang jelas terkait topik.,gemma-4-12b-qat-unsloth-prompt-v2,"{""video_id"": ""VWSz4FkDcZk"", ""video_title"": ""Sensus Ekonomi 2026 Resmi Dimulai, BPS Minta Masyarakat Jujur Saat Didata"", ""channel"": ""CNN Indonesia"", ""parent"": ""root"", ""parent_text"": null, ""video_lang"": null, ""is_favorited"": false}"
bd82c39880c6e3f91647e134bff24051,youtube,Ugy50gFSkHDFJ8MlGiZ4AaABAg.AYEefZ3kCZiAYiOHQwfeVh,Harta x..😊,harta x smiling face with smiling eyes,2026-07-15T00:00:00+00:00,@MulyaRedja,https://www.youtube.com/watch?v=7OK6he1rFAs&lc=Ugy50gFSkHDFJ8MlGiZ4AaABAg.AYEefZ3kCZiAYiOHQwfeVh,0,sensus ekonomi 2026 bps,tidak_relevan,,sapaan,indonesia,0.5,Harta x..😊,Teks tidak mengandung informasi atau penilaian terkait Sensus Ekonomi 2026 atau aplikasi Fasih BPS.,gemma-4-12b-qat-unsloth-prompt-v2,"{""video_id"": ""7OK6he1rFAs"", ""video_title"": ""The 2026 Economic Census Begins, Here's What BPS and the Government Are Looking For"", ""channel"": ""CNBC Indonesia"", ""parent"": ""Ugy50gFSkHDFJ8MlGiZ4AaABAg"", ""parent_text"": ""Maaf mau bertanya sasaran yang di sensus itu siapa saja?"", ""video_lang"": null, ""is_favorited"": false}"
d777e3638e676c09c6c7a626d9ff3173,youtube,Ugzg1CC1ZS4t9Xfk6h94AaABAg,"Gimana ya kalau sudah gak percaya sama hantu, dijelaskan kaya apa pun, tetap hantu tidak keliatan, jadi pasti gak percaya.",bagaimana ya kalau sudah tidak percaya sama hantu dijelaskan kaya apa pun tetap hantu tidak keliatan jadi pasti tidak percaya,2026-07-15T00:00:00+00:00,@pandhitaratu,https://www.youtube.com/watch?v=GFEaZsMjXic&lc=Ugzg1CC1ZS4t9Xfk6h94AaABAg,2,sensus ekonomi 2026 bps,tidak_relevan,,opini,indonesia,1.0,gak percaya sama hantu,Teks membahas tentang kepercayaan pada hantu dan tidak berkaitan dengan Sensus Ekonomi 2026 atau aplikasi Fasih BPS.,gemma-4-12b-qat-unsloth-prompt-v2,"{""video_id"": ""GFEaZsMjXic"", ""video_title"": ""[FULL] Sensus Ekonomi 2026, Apa yang Disasar? Kepala BPS RI: Data Akurat Kunci Sukses Sensus Ekonomi"", ""channel"": ""Nusantara TV"", ""parent"": ""root"", ""parent_text"": null, ""video_lang"": null, ""is_favorited"": false}"
9af38e8cdc1ccf2b226284d0c646dbb8,youtube,Ugz-9Oy_P-s2-7JcG4d4AaABAg,"Kunci sukses ekonomi gaji dpr diturunkan, tanpa tunjangan, koruptor di hukum mati",kunci sukses ekonomi gaji dpr diturunkan tanpa tunjangan koruptor di hukum mati,2026-07-15T00:00:00+00:00,@benisuroyo8293,https://www.youtube.com/watch?v=GFEaZsMjXic&lc=Ugz-9Oy_P-s2-7JcG4d4AaABAg,0,sensus ekonomi 2026 bps,tidak_relevan,,opini,indonesia,1.0,"gaji dpr diturunkan, tanpa tunjangan, koruptor di hukum mati","Teks membahas kebijakan gaji pejabat dan hukum korupsi, tidak berkaitan dengan Sensus Ekonomi 2026 atau aplikasi Fasih BPS.",gemma-4-12b-qat-unsloth-prompt-v2,"{""video_id"": ""GFEaZsMjXic"", ""video_title"": ""[FULL] Sensus Ekonomi 2026, Apa yang Disasar? Kepala BPS RI: Data Akurat Kunci Sukses Sensus Ekonomi"", ""channel"": ""Nusantara TV"", ""parent"": ""root"", ""parent_text"": null, ""video_lang"": null, ""is_favorited"": false}"
1b7c85b238036125cb5c1998009bcd81,youtube,UgzlFukiSrRDIzDLfBh4AaABAg,mecca,mecca,2026-07-15T00:00:00+00:00,@FaizMecca-w4q,https://www.youtube.com/watch?v=L86LTnOeXQE&lc=UgzlFukiSrRDIzDLfBh4AaABAg,1,sensus ekonomi 2026 bps,tidak_relevan,,sapaan,asing,0.5,mecca,Teks tidak mengandung informasi atau penilaian terkait Sensus Ekonomi 2026 atau aplikasi Fasih BPS.,gemma-4-12b-qat-unsloth-prompt-v2,"{""video_id"": ""L86LTnOeXQE"", ""video_title"": ""[Sensus Ekonomi] Mencatat Indonesia - Official Theme Song Sensus Ekonomi 2026 (SE2026)"", ""channel"": ""BPS Statistics"", ""parent"": ""root"", ""parent_text"": null, ""video_lang"": null, ""is_favorited"": false}"
1cd761698c15d216f95424e0aa3530a7,youtube,UgzaKymM_nFQXMxQb0B4AaABAg,"Langkah pertama,Luhut untuk korupsi. gegara Purbaya gak kasih pesangon 😂😂😂",langkah pertama luhut untuk korupsi gegara purbaya tidak memberi pesangon face with tears of joy face with tears of joy face with tears of joy,2026-07-15T00:00:00+00:00,@starligh-t-z,https://www.youtube.com/watch?v=RmgmLLOjSRQ&lc=UgzaKymM_nFQXMxQb0B4AaABAg,1,sensus ekonomi 2026 bps,tidak_relevan,,opini,indonesia,1.0,Luhut untuk korupsi,Teks membahas isu politik dan korupsi yang tidak berkaitan dengan Sensus Ekonomi 2026 atau aplikasi Fasih BPS.,gemma-4-12b-qat-unsloth-prompt-v2,"{""video_id"": ""RmgmLLOjSRQ"", ""video_title"": ""Tujuan Sensus Ekonomi 2026"", ""channel"": ""BPS Provinsi Papua Barat"", ""parent"": ""root"", ""parent_text"": null, ""video_lang"": null, ""is_favorited"": false}"
a604fe00fff441bcaa5d4ec1328204de,youtube,Ugz72XEuqbb73njTegx4AaABAg,Maju terus pantang mundur rakyat merdeka,maju terus pantang mundur rakyat merdeka,2026-07-15T00:00:00+00:00,@BrianAn-f3n,https://www.youtube.com/watch?v=1ltgdlwMr5w&lc=Ugz72XEuqbb73njTegx4AaABAg,0,sensus ekonomi 2026 bps,tidak_relevan,,opini,indonesia,1.0,Maju terus pantang mundur rakyat merdeka,Teks berisi slogan umum dan tidak membahas Sensus Ekonomi 2026 atau aplikasi Fasih BPS.,gemma-4-12b-qat-unsloth-prompt-v2,"{""video_id"": ""1ltgdlwMr5w"", ""video_title"": ""2026 Economic Census Begins, See BPS Explanation"", ""channel"": ""KOMPAS TV MALANG"", ""parent"": ""root"", ""parent_text"": null, ""video_lang"": null, ""is_favorited"": false}"
97e7803b9d10c0dc47d1882bcb142c5e,youtube,Ugxs_Mymeb0LI9trqK94AaABAg,Dapur rakyat tidak baik2 saja.pemerintah gagal,dapur rakyat tidak baik baik saja pemerintah gagal,2026-07-15T00:00:00+00:00,@AlfinRafa-e3v,https://www.youtube.com/watch?v=kDoKE0RtNK0&lc=Ugxs_Mymeb0LI9trqK94AaABAg,72,sensus ekonomi 2026 bps,tidak_relevan,,opini,indonesia,1.0,Dapur rakyat tidak baik2 saja.pemerintah gagal,"Teks membahas kondisi ekonomi rakyat dan kegagalan pemerintah secara umum, bukan spesifik mengenai Sensus Ekonomi 2026 atau aplikasi Fasih BPS.",gemma-4-12b-qat-unsloth-prompt-v2,"{""video_id"": ""kDoKE0RtNK0"", ""video_title"": ""BPS Jawab Kritik Sensus Ekonomi 2026, Janjikan Hal Ini! | SEDANG VIRAL"", ""channel"": ""Liputan6"", ""parent"": ""root"", ""parent_text"": null, ""video_lang"": null, ""is_favorited"": false}"
c3d74a365ee2493eef521d68c1729440,youtube,Ugxs_Mymeb0LI9trqK94AaABAg.AYksFZYM0N_AZ8qAbAQ_8V,Apa ndak gagal milih presiden yang gagal membina rumah tangga gimana mau membina negara,apa ndak gagal milih presiden yang gagal membina rumah tangga bagaimana mau membina negara,2026-07-15T00:00:00+00:00,@JamsonHasibuan,https://www.youtube.com/watch?v=kDoKE0RtNK0&lc=Ugxs_Mymeb0LI9trqK94AaABAg.AYksFZYM0N_AZ8qAbAQ_8V,0,sensus ekonomi 2026 bps,tidak_relevan,,opini,indonesia,1.0,gagal milih presiden yang gagal membina rumah tangga,Teks berisi kritik politik terhadap pemilihan presiden dan tidak berkaitan dengan Sensus Ekonomi 2026 atau aplikasi Fasih BPS.,gemma-4-12b-qat-unsloth-prompt-v2,"{""video_id"": ""kDoKE0RtNK0"", ""video_title"": ""BPS Jawab Kritik Sensus Ekonomi 2026, Janjikan Hal Ini! | SEDANG VIRAL"", ""channel"": ""Liputan6"", ""parent"": ""Ugxs_Mymeb0LI9trqK94AaABAg"", ""parent_text"": ""Dapur rakyat tidak baik2 saja.pemerintah gagal"", ""video_lang"": null, ""is_favorited"": false}"
5779f8ae44471eefbfe9028dc51928e1,youtube,UgyUicxzFNGTMpvD5eF4AaABAg.AYpCWDR2nNAAYx_gf108bR,Bosan ya pergi ke negara yg kau suka heppy gak bosen bro,bosan ya pergi ke negara yang kau suka heppy tidak bosen bro,2026-07-15T00:00:00+00:00,@aninaning9835,https://www.youtube.com/watch?v=kDoKE0RtNK0&lc=UgyUicxzFNGTMpvD5eF4AaABAg.AYpCWDR2nNAAYx_gf108bR,0,sensus ekonomi 2026 bps,tidak_relevan,,opini,indonesia,1.0,Bosan ya pergi ke negara yg kau suka,"Teks tidak membahas Sensus Ekonomi 2026, aplikasi Fasih BPS, atau hal terkait lainnya.",gemma-4-12b-qat-unsloth-prompt-v2,"{""video_id"": ""kDoKE0RtNK0"", ""video_title"": ""BPS Jawab Kritik Sensus Ekonomi 2026, Janjikan Hal Ini! | SEDANG VIRAL"", ""channel"": ""Liputan6"", ""parent"": ""UgyUicxzFNGTMpvD5eF4AaABAg"", ""parent_text"": ""Bosan dengan janji2 yang ndk pernah di tepati...😂😂😂"", ""video_lang"": null, ""is_favorited"": false}"
7baeca0c0179f47b511ca9502dc1c550,youtube,UgyivORWGJ_LqyTDd_R4AaABAg.AYkbI31wO2CAYwnvArC7PH,​ @Hairnwangka Ah..pajak jaman sekarang kok dibandingkan dengan jaman Nabi. Beda jaman lah.😂,ah pajak jaman sekarang kok dibandingkan dengan jaman nabi beda jaman lah face with tears of joy,2026-07-15T00:00:00+00:00,@titasari376,https://www.youtube.com/watch?v=kDoKE0RtNK0&lc=UgyivORWGJ_LqyTDd_R4AaABAg.AYkbI31wO2CAYwnvArC7PH,0,sensus ekonomi 2026 bps,tidak_relevan,,opini,indonesia,1.0,pajak jaman sekarang kok dibandingkan dengan jaman Nabi,Teks membahas perbandingan pajak sejarah dan tidak berkaitan dengan Sensus Ekonomi 2026 atau aplikasi Fasih BPS.,gemma-4-12b-qat-unsloth-prompt-v2,"{""video_id"": ""kDoKE0RtNK0"", ""video_title"": ""BPS Jawab Kritik Sensus Ekonomi 2026, Janjikan Hal Ini! | SEDANG VIRAL"", ""channel"": ""Liputan6"", ""parent"": ""UgyivORWGJ_LqyTDd_R4AaABAg.AYkbI31wO2CAYpHKOnrjEa"", ""parent_text"": ""Iy,kepo dgn uang rakyt yg di dpt dgn cucuran keringat\nDlm islam pajak itu jelas2 di haramkan\nSkrang jaman penguasa dajjal🤭🤭🤭..rmah tmpt tinggal aj di pajakin ,aplgi sawah...\nKlo jmn Nbi ga bgtu.. Rmh tmpt tinggal ga ad pajak kcuali kita puny simpanan emas di 85 gram ke atas\nAto hrta mengendap bru kena zakat per thn"", ""video_lang"": null, ""is_favorited"": false}"
e41e767d2c9a70c90e3d5267adc4a857,youtube,UgyivORWGJ_LqyTDd_R4AaABAg.AYkbI31wO2CAYws1MVVM6T,"​​ @titasari376 la iy lah beda ...jaman skrang jmnnya dajjal penuh tipu daya dn kita ikut2 tan aj klo ga ikut tau akibatny...
Dan Jmn skrg kan emang kita  ga ikutin aturan Allah yg di bawa  utusan/ Nabi terakhir,.makanya penuh ketidak adilan,bnyk pjbt korup ugal2 lan mmperkya diri ,ga peka trhdap keadaan rakyat kcil ,bnyk trjdi pnganiayaan,bnyk ketimpangan sosial, dll...
Yaaa kita nikmatin aj smpe kpan kita akn sprti ini..😂😂",la iy lah beda jaman skrang jmnnya dajjal penuh tipu daya dn kita ikut ikut tan saja kalau tidak ikut tau akibatny dan jmn sekarang kan emang kita tidak ikutin aturan allah yang di bawa utusan nabi terakhir makanya penuh ketidak adilan bnyk pjbt korup ugal ugal lan mmperkya diri tidak peka trhdap keadaan rakyat kcil bnyk trjdi pnganiayaan bnyk ketimpangan sosial dll yaaa kita nikmatin saja smpe kpan kita akn sprti ini face with tears of joy face with tears of joy,2026-07-15T00:00:00+00:00,@Hairnwangka,https://www.youtube.com/watch?v=kDoKE0RtNK0&lc=UgyivORWGJ_LqyTDd_R4AaABAg.AYkbI31wO2CAYws1MVVM6T,0,sensus ekonomi 2026 bps,tidak_relevan,,opini,indonesia,1.0,,"Teks membahas tentang kondisi sosial, agama, dan korupsi secara umum tanpa menyinggung Sensus Ekonomi 2026 atau aplikasi Fasih BPS.",gemma-4-12b-qat-unsloth-prompt-v2,"{""video_id"": ""kDoKE0RtNK0"", ""video_title"": ""BPS Jawab Kritik Sensus Ekonomi 2026, Janjikan Hal Ini! | SEDANG VIRAL"", ""channel"": ""Liputan6"", ""parent"": ""UgyivORWGJ_LqyTDd_R4AaABAg.AYkbI31wO2CAYwnvArC7PH"", ""parent_text"": ""​ @Hairnwangka Ah..pajak jaman sekarang kok dibandingkan dengan jaman Nabi. Beda jaman lah.😂"", ""video_lang"": null, ""is_favorited"": false}"
269047f54ba5c5241a2dbeb7274e550c,youtube,Ugwr0ZBghFWp-b3OL6l4AaABAg,Ayo mahasiswa lanjutkan lagi demonstrasi supaya pemerintah tidak menjajah rakyat kecil sementara koruptor hidup senang,ayo mahasiswa lanjutkan lagi demonstrasi supaya pemerintah tidak menjajah rakyat kecil sementara koruptor hidup senang,2026-07-15T00:00:00+00:00,@bayuhendrian4733,https://www.youtube.com/watch?v=kDoKE0RtNK0&lc=Ugwr0ZBghFWp-b3OL6l4AaABAg,0,sensus ekonomi 2026 bps,tidak_relevan,,opini,indonesia,1.0,demonstrasi supaya pemerintah tidak menjajah rakyat kecil,Teks berisi ajakan demonstrasi politik dan tidak membahas Sensus Ekonomi 2026 atau aplikasi Fasih BPS.,gemma-4-12b-qat-unsloth-prompt-v2,"{""video_id"": ""kDoKE0RtNK0"", ""video_title"": ""BPS Jawab Kritik Sensus Ekonomi 2026, Janjikan Hal Ini! | SEDANG VIRAL"", ""channel"": ""Liputan6"", ""parent"": ""root"", ""parent_text"": null, ""video_lang"": null, ""is_favorited"": false}"
bb4482c2e5e25c23a6d3a37883ce770a,youtube,Ugwj2vf2mwOPxsnJRBt4AaABAg.AYaZ5K1uX_ZAYhjteRyrYO,Tau tau punya utang pajak 😂 kl gk bayar harta di sita,tau tau punya utang pajak face with tears of joy kalau tidak bayar harta di sita,2026-07-15T00:00:00+00:00,@flasbkkj9054,https://www.youtube.com/watch?v=X-4YrsQrFMg&lc=Ugwj2vf2mwOPxsnJRBt4AaABAg.AYaZ5K1uX_ZAYhjteRyrYO,0,sensus ekonomi 2026 bps,tidak_relevan,,opini,indonesia,1.0,utang pajak,Teks membahas tentang utang pajak dan penyitaan harta yang tidak berkaitan dengan Sensus Ekonomi 2026 atau aplikasi Fasih BPS.,gemma-4-12b-qat-unsloth-prompt-v2,"{""video_id"": ""X-4YrsQrFMg"", ""video_title"": ""BPS Buka Suara soal Kritik Pertanyaan Sensus Ekonomi 2026 yang Dinilai Terlalu Pribadi"", ""channel"": ""Tribunnews"", ""parent"": ""Ugwj2vf2mwOPxsnJRBt4AaABAg"", ""parent_text"": ""GK GUNA.. RAKYAT UDAH MUAK..DAN GK PERCAYA DATANYA DI AMBIL"", ""video_lang"": null, ""is_favorited"": false}"
0d9062f4063b90036b707a0af7ca46be,youtube,UgwWV_SgUkN1S4lSx9Z4AaABAg.AYasDp1cePLAYdwfrpsuTa,​ @syahrirbgm7246 TERMULL BERALIH JADI TERWOWO WOWO 😂,termull beralih jadi terwowo wowo face with tears of joy,2026-07-15T00:00:00+00:00,@hendromuljono6459,https://www.youtube.com/watch?v=X-4YrsQrFMg&lc=UgwWV_SgUkN1S4lSx9Z4AaABAg.AYasDp1cePLAYdwfrpsuTa,4,sensus ekonomi 2026 bps,tidak_relevan,,lelucon,indonesia,1.0,TERMULL BERALIH JADI TERWOWO WOWO 😂,Teks berisi lelucon atau permainan kata yang tidak berkaitan dengan Sensus Ekonomi 2026 atau aplikasi Fasih BPS.,gemma-4-12b-qat-unsloth-prompt-v2,"{""video_id"": ""X-4YrsQrFMg"", ""video_title"": ""BPS Buka Suara soal Kritik Pertanyaan Sensus Ekonomi 2026 yang Dinilai Terlalu Pribadi"", ""channel"": ""Tribunnews"", ""parent"": ""UgwWV_SgUkN1S4lSx9Z4AaABAg.AYasDp1cePLAYdW-P8GVpt"", ""parent_text"": ""Yang rugi kalian sendiri..\nKalau hidup kalian makmur saran saya ndak usah dipadeni karena ndak ada manfaatnya..\nTapi kalau hidup kaluan masih serba kekurangan mending kasih data yang benar biar dapat bantuan sosial..."", ""video_lang"": null, ""is_favorited"": false}"
71a0ff63d6ddf85d17000b76525a717e,youtube,Ugzgtjbfzgz0pjW3DrN4AaABAg.AYaihQZmDUVAYeI8yakMPv,​ @syahrirbgm7246 yang lapar teriak ke pemerintah bukan para oposisi. Tapi pendukung pemerintah itu sendiri bro. Lucu deh kamu😂😂,yang lapar teriak ke pemerintah bukan para oposisi tapi pendukung pemerintah itu sendiri bro lucu deh kamu face with tears of joy face with tears of joy,2026-07-15T00:00:00+00:00,@aasmartas9648,https://www.youtube.com/watch?v=X-4YrsQrFMg&lc=Ugzgtjbfzgz0pjW3DrN4AaABAg.AYaihQZmDUVAYeI8yakMPv,0,sensus ekonomi 2026 bps,tidak_relevan,,opini,indonesia,1.0,lapar teriak ke pemerintah bukan para oposisi,Teks membahas kritik politik terhadap pemerintah dan bukan mengenai Sensus Ekonomi 2026 atau aplikasi Fasih BPS.,gemma-4-12b-qat-unsloth-prompt-v2,"{""video_id"": ""X-4YrsQrFMg"", ""video_title"": ""BPS Buka Suara soal Kritik Pertanyaan Sensus Ekonomi 2026 yang Dinilai Terlalu Pribadi"", ""channel"": ""Tribunnews"", ""parent"": ""Ugzgtjbfzgz0pjW3DrN4AaABAg.AYaihQZmDUVAYdVoLQ3qn-"", ""parent_text"": ""Diminta data yang benar tidak mau..\nHebat kalian sudah kaya dan makmur semua...\nGiliran lapar teriak ke pemerintah..."", ""video_lang"": null, ""is_favorited"": false}"
4e3350089255ce81b56bbd54eaaf38c0,youtube,Ugwow7D4Q44Ky9sXCqB4AaABAg,Sensus MBG aja pak..,sensus mbg saja pak,2026-07-15T00:00:00+00:00,@Juanda12312,https://www.youtube.com/watch?v=X-4YrsQrFMg&lc=Ugwow7D4Q44Ky9sXCqB4AaABAg,20,sensus ekonomi 2026 bps,tidak_relevan,,opini,indonesia,1.0,Sensus MBG aja pak..,Teks membahas topik lain (MBG) yang tidak berkaitan dengan Sensus Ekonomi 2026 atau aplikasi Fasih BPS.,gemma-4-12b-qat-unsloth-prompt-v2,"{""video_id"": ""X-4YrsQrFMg"", ""video_title"": ""BPS Buka Suara soal Kritik Pertanyaan Sensus Ekonomi 2026 yang Dinilai Terlalu Pribadi"", ""channel"": ""Tribunnews"", ""parent"": ""root"", ""parent_text"": null, ""video_lang"": null, ""is_favorited"": false}"
956ac7e87c55b7714e12fb21429f24f8,youtube,UgxmdIDPTuOy9Z0l8ZN4AaABAg,Pajak lagi 😭,pajak lagi loudly crying face,2026-07-15T00:00:00+00:00,@akhmadfausan4583,https://www.youtube.com/watch?v=X-4YrsQrFMg&lc=UgxmdIDPTuOy9Z0l8ZN4AaABAg,3,sensus ekonomi 2026 bps,tidak_relevan,,opini,indonesia,1.0,Pajak lagi 😭,Teks membahas tentang pajak dan tidak berkaitan dengan Sensus Ekonomi 2026 atau aplikasi Fasih BPS.,gemma-4-12b-qat-unsloth-prompt-v2,"{""video_id"": ""X-4YrsQrFMg"", ""video_title"": ""BPS Buka Suara soal Kritik Pertanyaan Sensus Ekonomi 2026 yang Dinilai Terlalu Pribadi"", ""channel"": ""Tribunnews"", ""parent"": ""root"", ""parent_text"": null, ""video_lang"": null, ""is_favorited"": false}"
a324a4a0a2b300864db709d0dc8ec513,youtube,UgxilNSVAaja0VIXq_p4AaABAg,RAKYAT HARUS BERSATU TOLOAK GAK ADA GUNANYA.....REZIM INI SDH RUSAK,rakyat harus bersatu toloak tidak ada gunanya rezim ini sdh rusak,2026-07-15T00:00:00+00:00,@yusuf8848,https://www.youtube.com/watch?v=X-4YrsQrFMg&lc=UgxilNSVAaja0VIXq_p4AaABAg,1,sensus ekonomi 2026 bps,tidak_relevan,,opini,indonesia,1.0,REZIM INI SDH RUSAK,Teks berisi kritik politik terhadap rezim dan tidak membahas Sensus Ekonomi 2026 atau aplikasi Fasih BPS.,gemma-4-12b-qat-unsloth-prompt-v2,"{""video_id"": ""X-4YrsQrFMg"", ""video_title"": ""BPS Buka Suara soal Kritik Pertanyaan Sensus Ekonomi 2026 yang Dinilai Terlalu Pribadi"", ""channel"": ""Tribunnews"", ""parent"": ""root"", ""parent_text"": null, ""video_lang"": null, ""is_favorited"": false}"
5438991c77037c91fef867f294bd0df1,youtube,UgxTf4E_yZTTvQW-Izt4AaABAg,Pejabat kita otak uang melulu usaha bantu ngak giliran pajak gas terus,pejabat kita otak uang melulu usaha bantu ngak giliran pajak gas terus,2026-07-15T00:00:00+00:00,@DamintoMinto-q2o2,https://www.youtube.com/watch?v=X-4YrsQrFMg&lc=UgxTf4E_yZTTvQW-Izt4AaABAg,2,sensus ekonomi 2026 bps,tidak_relevan,,opini,indonesia,1.0,Pejabat kita otak uang melulu usaha bantu ngak giliran pajak gas terus,"Teks membahas tentang pejabat dan pajak secara umum, bukan mengenai Sensus Ekonomi 2026 atau aplikasi Fasih BPS.",gemma-4-12b-qat-unsloth-prompt-v2,"{""video_id"": ""X-4YrsQrFMg"", ""video_title"": ""BPS Buka Suara soal Kritik Pertanyaan Sensus Ekonomi 2026 yang Dinilai Terlalu Pribadi"", ""channel"": ""Tribunnews"", ""parent"": ""root"", ""parent_text"": null, ""video_lang"": null, ""is_favorited"": false}"
93b620ad1da11d40ebcd137ae5884c21,youtube,Ugw53bdklTkO0eqZcxZ4AaABAg,"Hasil nya dah keluar,
Rakyat hidup nya makmur",hasil nya sudah keluar rakyat hidup nya makmur,2026-07-15T00:00:00+00:00,@Ariaraja981,https://www.youtube.com/watch?v=X-4YrsQrFMg&lc=Ugw53bdklTkO0eqZcxZ4AaABAg,0,sensus ekonomi 2026 bps,tidak_relevan,,opini,indonesia,1.0,Rakyat hidup nya makmur,Teks membahas kemakmuran rakyat secara umum dan tidak berkaitan dengan Sensus Ekonomi 2026 atau aplikasi Fasih BPS.,gemma-4-12b-qat-unsloth-prompt-v2,"{""video_id"": ""X-4YrsQrFMg"", ""video_title"": ""BPS Buka Suara soal Kritik Pertanyaan Sensus Ekonomi 2026 yang Dinilai Terlalu Pribadi"", ""channel"": ""Tribunnews"", ""parent"": ""root"", ""parent_text"": null, ""video_lang"": null, ""is_favorited"": false}"
0ea438e77e94e2bad0292e718c650947,youtube,UgwH0VkfSWBR7geghbB4AaABAg,Kak itu identitas wilayah kok Ndak ad point nomor 8 dan 10 ya,kak itu identitas wilayah kok ndak ad point nomor 8 dan 10 ya,2026-07-15T00:00:00+00:00,@sriwahyuni-sw2sj,https://www.youtube.com/watch?v=ziVkMAbwvNI&lc=UgwH0VkfSWBR7geghbB4AaABAg,0,aplikasi fasih bps,tidak_relevan,,pertanyaan,campur,1.0,identitas wilayah kok Ndak ad point nomor 8 dan 10,Teks membahas tutorial aplikasi Fluent dan tidak berkaitan dengan Sensus Ekonomi 2026 atau aplikasi Fasih BPS.,gemma-4-12b-qat-unsloth-prompt-v2,"{""video_id"": ""ziVkMAbwvNI"", ""video_title"": ""Fluent Tutorial Part 2 - Introduction, Updates, Block I Identity, and Geotagging"", ""channel"": ""Himpunan Masalah Mbah"", ""parent"": ""root"", ""parent_text"": null, ""video_lang"": null, ""is_favorited"": false}"
8d3d6668725ceaa099035e852bc28f6f,youtube,UgxMrRXuUidq1XGD4h54AaABAg,TKSK DARWIN ARISANTI KOTA KENDARI,tksk darwin arisanti kota kendari,2026-07-15T00:00:00+00:00,@DarwinArisanti,https://www.youtube.com/watch?v=4VmCoYlHjbQ&lc=UgxMrRXuUidq1XGD4h54AaABAg,0,cara isi kuesioner sensus ekonomi,tidak_relevan,,sapaan,indonesia,0.5,TKSK DARWIN ARISANTI KOTA KENDARI,Teks hanya berisi identitas atau penanda kehadiran tanpa penilaian terhadap Sensus Ekonomi 2026.,gemma-4-12b-qat-unsloth-prompt-v2,"{""video_id"": ""4VmCoYlHjbQ"", ""video_title"": ""Sosialisasi & Ngisi Bareng (Ngibar) Sensus Ekonomi 2026"", ""channel"": ""BPS Kabupaten Pemalang"", ""parent"": ""root"", ""parent_text"": null, ""video_lang"": null, ""is_favorited"": false}"
55675c27c4f15e566f52eaacb9a23a34,youtube,UgznWG2gMXFxPyX9st54AaABAg.AZ22SWrFCCZAZH1qAN0t53,"tanpa mbg pun APBN tetap tekor. separuh nya habis buat bayar utang.
mbg ngambil dana pendidikan, kdmp ambil dana desa.",tanpa mbg pun apbn tetap tekor separuh nya habis untuk bayar utang mbg ngambil dana pendidikan kdmp ambil dana desa,2026-07-15T00:00:00+00:00,@dodol-trump,https://www.youtube.com/watch?v=HSxx8ubHT40&lc=UgznWG2gMXFxPyX9st54AaABAg.AZ22SWrFCCZAZH1qAN0t53,0,cara isi kuesioner sensus ekonomi,tidak_relevan,,opini,indonesia,1.0,tanpa mbg pun APBN tetap tekor,"Teks membahas tentang APBN, utang negara, dan dana pendidikan yang tidak berkaitan dengan Sensus Ekonomi 2026 atau aplikasi Fasih BPS.",gemma-4-12b-qat-unsloth-prompt-v2,"{""video_id"": ""HSxx8ubHT40"", ""video_title"": ""UNMASKING THE 2026 ECONOMIC CENSUS AGENDA: IS IT REALLY JUST FOR DATA?"", ""channel"": ""Sadar Keuangan"", ""parent"": ""UgznWG2gMXFxPyX9st54AaABAg"", ""parent_text"": ""Ini gara gara MBG uang APBN habis di korupsi, emang biadab"", ""video_lang"": null, ""is_favorited"": false}"
21ff008ddb9f66490c32f503b4efd539,youtube,UgxtNQ5QM7jhgD-X6-14AaABAg,Sebentar Lagi Ada Kesepakatan Rayat Ga Usah Bayar Pakak Karena Uang Pakak Digunalan Untuk Di Korupsi Bukan Untuk Memajukan Kesejahtraan Warga,sebentar lagi ada kesepakatan rayat tidak usah bayar pakak karena uang pakak digunalan untuk di korupsi bukan untuk memajukan kesejahtraan warga,2026-07-15T00:00:00+00:00,@AbahkuwuRamlan,https://www.youtube.com/watch?v=HSxx8ubHT40&lc=UgxtNQ5QM7jhgD-X6-14AaABAg,22,cara isi kuesioner sensus ekonomi,tidak_relevan,,opini,indonesia,1.0,Ga Usah Bayar Pakak Karena Uang Pakak Digunalan Untuk Di Korupsi,"Teks membahas tentang pajak dan korupsi secara umum, bukan tentang Sensus Ekonomi 2026 atau aplikasi Fasih BPS.",gemma-4-12b-qat-unsloth-prompt-v2,"{""video_id"": ""HSxx8ubHT40"", ""video_title"": ""UNMASKING THE 2026 ECONOMIC CENSUS AGENDA: IS IT REALLY JUST FOR DATA?"", ""channel"": ""Sadar Keuangan"", ""parent"": ""root"", ""parent_text"": null, ""video_lang"": null, ""is_favorited"": false}"
29351ea417354c8158dd9c457e5f4298,youtube,UgwdkiVRieZeDbQEXkt4AaABAg,"8:48 Liat kondisi skr, sy udah gak ngarep Indonesía emas. Buat mimpi jadi Indonesia emas aja udah gak.",8 48 liat kondisi skr sy sudah tidak ngarep indones a emas untuk mimpi jadi indonesia emas saja sudah tidak,2026-07-15T00:00:00+00:00,@surya4n,https://www.youtube.com/watch?v=HSxx8ubHT40&lc=UgwdkiVRieZeDbQEXkt4AaABAg,0,cara isi kuesioner sensus ekonomi,tidak_relevan,,opini,indonesia,1.0,sy udah gak ngarep Indonesía emas,Teks membahas kekecewaan terhadap visi Indonesia Emas dan tidak berkaitan dengan Sensus Ekonomi 2026 atau aplikasi Fasih BPS.,gemma-4-12b-qat-unsloth-prompt-v2,"{""video_id"": ""HSxx8ubHT40"", ""video_title"": ""UNMASKING THE 2026 ECONOMIC CENSUS AGENDA: IS IT REALLY JUST FOR DATA?"", ""channel"": ""Sadar Keuangan"", ""parent"": ""root"", ""parent_text"": null, ""video_lang"": null, ""is_favorited"": false}"
3f34e01c356e8dc132c38eeb39c7028c,youtube,UgyYq5AtZIUkoHkjvmN4AaABAg,Weureu sente jeung kucubung  meureun si mimin teh...😇🤣,weureu sente jeung kucubung meureun si mimin teh smiling face with halo rolling on the floor laughing,2026-07-15T00:00:00+00:00,@dedebulldozer9686,https://www.youtube.com/watch?v=HSxx8ubHT40&lc=UgyYq5AtZIUkoHkjvmN4AaABAg,0,cara isi kuesioner sensus ekonomi,tidak_relevan,,lelucon,daerah,1.0,Weureu sente jeung kucubung meureun si mimin teh,Teks menggunakan bahasa Sunda yang berisi ejekan/lelucon kepada admin dan tidak berkaitan dengan Sensus Ekonomi 2026 atau aplikasi Fasih BPS.,gemma-4-12b-qat-unsloth-prompt-v2,"{""video_id"": ""HSxx8ubHT40"", ""video_title"": ""UNMASKING THE 2026 ECONOMIC CENSUS AGENDA: IS IT REALLY JUST FOR DATA?"", ""channel"": ""Sadar Keuangan"", ""parent"": ""root"", ""parent_text"": null, ""video_lang"": null, ""is_favorited"": false}"
abe9899c3daee431ed99e8fa4201c5b1,youtube,UgwXDLcu853pQDtEHnx4AaABAg,"Korupsi ugal-ugalan
G malu tuh
Sahkan uu perampasan aset para koruptor hukum gantung  
Ok setuju  , OMON OMON.....",korupsi ugal ugalan g malu tuh sahkan uu perampasan aset para koruptor hukum gantung ok setuju omon omon,2026-07-15T00:00:00+00:00,@A5hyra,https://www.youtube.com/watch?v=HSxx8ubHT40&lc=UgwXDLcu853pQDtEHnx4AaABAg,1,cara isi kuesioner sensus ekonomi,tidak_relevan,,opini,indonesia,1.0,Korupsi ugal-ugalan G malu tuh,Teks membahas isu korupsi dan perampasan aset yang tidak berkaitan dengan Sensus Ekonomi 2026 atau aplikasi Fasih BPS.,gemma-4-12b-qat-unsloth-prompt-v2,"{""video_id"": ""HSxx8ubHT40"", ""video_title"": ""UNMASKING THE 2026 ECONOMIC CENSUS AGENDA: IS IT REALLY JUST FOR DATA?"", ""channel"": ""Sadar Keuangan"", ""parent"": ""root"", ""parent_text"": null, ""video_lang"": null, ""is_favorited"": false}"
33f581733e406940f60f1f9f48983ea2,youtube,UgzVuyw9mQJLvH8b4pJ4AaABAg,"Hahaa, Jaman Edan ketika ,Para Penguasa atau Pejabat sdh di Dasari Sifat Bejat Maka  ,Rakyatnya Pun akan Tersesaat ke dlm Ke Hancuran dn ke Gelapan Hidupnya",hahaa jaman edan ketika para penguasa atau pejabat sdh di dasari sifat bejat maka rakyatnya pun akan tersesaat ke dlm ke hancuran dn ke gelapan hidupnya,2026-07-15T00:00:00+00:00,@dewakematian6051,https://www.youtube.com/watch?v=WOOvtNfk4Vs&lc=UgzVuyw9mQJLvH8b4pJ4AaABAg,2,petugas sensus ekonomi 2026,tidak_relevan,,opini,indonesia,1.0,"Jaman Edan ketika ,Para Penguasa atau Pejabat sdh di Dasari Sifat Bejat",Teks berisi opini politik umum dan tidak membahas Sensus Ekonomi 2026 atau aplikasi Fasih BPS.,gemma-4-12b-qat-unsloth-prompt-v2,"{""video_id"": ""WOOvtNfk4Vs"", ""video_title"": ""[HEADLINE NEWS, 28/06] BPS Ajak Warga Sukseskan Sensus Ekonomi 2026"", ""channel"": ""METRO TV "", ""parent"": ""root"", ""parent_text"": null, ""video_lang"": null, ""is_favorited"": false}"
488ecea5394e8ebb8b6c060137a219ba,youtube,UgwKMwx0htp7EgjzD2x4AaABAg,"Penguasanya boleh bohong terus, boleh korupsi terus...",penguasanya boleh bohong terus boleh korupsi terus,2026-07-15T00:00:00+00:00,@enyefn3435,https://www.youtube.com/watch?v=WOOvtNfk4Vs&lc=UgwKMwx0htp7EgjzD2x4AaABAg,0,petugas sensus ekonomi 2026,tidak_relevan,,opini,indonesia,1.0,"Penguasanya boleh bohong terus, boleh korupsi terus...","Teks berisi keluhan umum terhadap penguasa dan korupsi, tidak berkaitan dengan Sensus Ekonomi 2026 atau aplikasi Fasih BPS.",gemma-4-12b-qat-unsloth-prompt-v2,"{""video_id"": ""WOOvtNfk4Vs"", ""video_title"": ""[HEADLINE NEWS, 28/06] BPS Ajak Warga Sukseskan Sensus Ekonomi 2026"", ""channel"": ""METRO TV "", ""parent"": ""root"", ""parent_text"": null, ""video_lang"": null, ""is_favorited"": false}"
d0322669b37f5f871b975398f0be8428,youtube,Ugy7Wbro_b6rnm7b7z94AaABAg.AYcyhq0nl7mAYdNs17EBcy,"Politik lagi politik lagi, bisa ga si ngomong selain politik",politik lagi politik lagi bisa tidak si ngomong selain politik,2026-07-15T00:00:00+00:00,@wajahbaru1625,https://www.youtube.com/watch?v=6DJrebErRbc&lc=Ugy7Wbro_b6rnm7b7z94AaABAg.AYcyhq0nl7mAYdNs17EBcy,2,petugas sensus ekonomi 2026,tidak_relevan,,opini,indonesia,1.0,Politik lagi politik lagi,Teks membahas tentang politik dan tidak berkaitan dengan Sensus Ekonomi 2026 atau aplikasi Fasih BPS.,gemma-4-12b-qat-unsloth-prompt-v2,"{""video_id"": ""6DJrebErRbc"", ""video_title"": ""WARGA INDONESIA HEBOH‼️PETUGAS SENSUS EKONOMI DIMARAHI SAAT DITANYA GAJI : ENGGAK BOLEH, PRIVASI!"", ""channel"": ""Ahmad Hilmi Yusuf"", ""parent"": ""Ugy7Wbro_b6rnm7b7z94AaABAg"", ""parent_text"": ""SENSUS itu si Mulyono dan Termul2nya yg sdh bawa lari Duit rakyat"", ""video_lang"": null, ""is_favorited"": false}"
a924552eea3d3ff1e7ab3bc0a7260c53,youtube,Ugy7Wbro_b6rnm7b7z94AaABAg.AYcyhq0nl7mAYnRQf2ubB0,​ @bramSDASCL1759 untuk sementara si encus yg masih terlihat nyangkut di tiang jemuran 😁,untuk sementara si encus yang masih terlihat nyangkut di tiang jemuran beaming face with smiling eyes,2026-07-15T00:00:00+00:00,@haripekanbaru5433,https://www.youtube.com/watch?v=6DJrebErRbc&lc=Ugy7Wbro_b6rnm7b7z94AaABAg.AYcyhq0nl7mAYnRQf2ubB0,0,petugas sensus ekonomi 2026,tidak_relevan,,lelucon,indonesia,0.9,si encus yg masih terlihat nyangkut di tiang jemuran,Teks berisi lelucon atau komentar tidak relevan yang tidak membahas Sensus Ekonomi 2026 atau aplikasi Fasih BPS.,gemma-4-12b-qat-unsloth-prompt-v2,"{""video_id"": ""6DJrebErRbc"", ""video_title"": ""WARGA INDONESIA HEBOH‼️PETUGAS SENSUS EKONOMI DIMARAHI SAAT DITANYA GAJI : ENGGAK BOLEH, PRIVASI!"", ""channel"": ""Ahmad Hilmi Yusuf"", ""parent"": ""Ugy7Wbro_b6rnm7b7z94AaABAg.AYcyhq0nl7mAYdxY2VWHtd"", ""parent_text"": ""Lah terus si olloh kemana kok diem aja 😅😅😅"", ""video_lang"": null, ""is_favorited"": false}"
58e9bd646914cc0cc42367bf917bcd13,youtube,Ugy7Wbro_b6rnm7b7z94AaABAg.AYcyhq0nl7mAYnS7v6UcFg,"​ @haripekanbaru5433  ah klo gitu dimana sekarang tiang jemuran nya,,,, lagian klo di encis yg nyangkut,, si kitab kurap salah kasih cerita dong , kan yg nyammngkut juga orang lain yg diserupakan,,, 😅",ah kalau begitu dimana sekarang tiang jemuran nya lagian kalau di encis yang nyangkut si kitab kurap salah memberi cerita dong kan yang nyammngkut juga orang lain yang diserupakan grinning face with sweat,2026-07-15T00:00:00+00:00,@bramSDASCL1759,https://www.youtube.com/watch?v=6DJrebErRbc&lc=Ugy7Wbro_b6rnm7b7z94AaABAg.AYcyhq0nl7mAYnS7v6UcFg,1,petugas sensus ekonomi 2026,tidak_relevan,,opini,campur,1.0,tiang jemuran nya,Teks membahas hal yang tidak berkaitan dengan Sensus Ekonomi 2026 atau aplikasi Fasih BPS.,gemma-4-12b-qat-unsloth-prompt-v2,"{""video_id"": ""6DJrebErRbc"", ""video_title"": ""WARGA INDONESIA HEBOH‼️PETUGAS SENSUS EKONOMI DIMARAHI SAAT DITANYA GAJI : ENGGAK BOLEH, PRIVASI!"", ""channel"": ""Ahmad Hilmi Yusuf"", ""parent"": ""Ugy7Wbro_b6rnm7b7z94AaABAg.AYcyhq0nl7mAYnRQf2ubB0"", ""parent_text"": ""​ @bramSDASCL1759 untuk sementara si encus yg masih terlihat nyangkut di tiang jemuran 😁"", ""video_lang"": null, ""is_favorited"": false}"
c3be880e2de3e2849795e9a3c6fdc364,youtube,Ugy7Wbro_b6rnm7b7z94AaABAg.AYcyhq0nl7mAYnaaIrF1xB,​ @bramSDASCL1759 kan encus di biblos orang Yunani bukan kadal gurun dari timur tengah 🤣,kan encus di biblos orang yunani bukan kadal gurun dari timur tengah rolling on the floor laughing,2026-07-15T00:00:00+00:00,@haripekanbaru5433,https://www.youtube.com/watch?v=6DJrebErRbc&lc=Ugy7Wbro_b6rnm7b7z94AaABAg.AYcyhq0nl7mAYnaaIrF1xB,0,petugas sensus ekonomi 2026,tidak_relevan,,lelucon,indonesia,1.0,encus di biblos orang Yunani bukan kadal gurun,Teks membahas tentang sejarah atau biologi (kadal) dan tidak berkaitan dengan Sensus Ekonomi 2026 atau aplikasi Fasih BPS.,gemma-4-12b-qat-unsloth-prompt-v2,"{""video_id"": ""6DJrebErRbc"", ""video_title"": ""WARGA INDONESIA HEBOH‼️PETUGAS SENSUS EKONOMI DIMARAHI SAAT DITANYA GAJI : ENGGAK BOLEH, PRIVASI!"", ""channel"": ""Ahmad Hilmi Yusuf"", ""parent"": ""Ugy7Wbro_b6rnm7b7z94AaABAg.AYcyhq0nl7mAYnRQf2ubB0"", ""parent_text"": ""​ @bramSDASCL1759 untuk sementara si encus yg masih terlihat nyangkut di tiang jemuran 😁"", ""video_lang"": null, ""is_favorited"": false}"
60284e07c5212ee4030b504332b5c878,youtube,Ugy7Wbro_b6rnm7b7z94AaABAg.AYcyhq0nl7mAYneVI59i4H,"​ @bramSDASCL1759 ya percaya kitab yg tanpa revisi lah drun, masak kitab Yunani yg penuh legenda dewa dewi 🤣",ya percaya kitab yang tanpa revisi lah drun masak kitab yunani yang penuh legenda dewa dewi rolling on the floor laughing,2026-07-15T00:00:00+00:00,@haripekanbaru5433,https://www.youtube.com/watch?v=6DJrebErRbc&lc=Ugy7Wbro_b6rnm7b7z94AaABAg.AYcyhq0nl7mAYneVI59i4H,0,petugas sensus ekonomi 2026,tidak_relevan,,opini,indonesia,1.0,masak kitab Yunani yg penuh legenda dewa dewi,Teks membahas topik agama dan mitologi yang tidak berkaitan dengan Sensus Ekonomi 2026 atau aplikasi Fasih BPS.,gemma-4-12b-qat-unsloth-prompt-v2,"{""video_id"": ""6DJrebErRbc"", ""video_title"": ""WARGA INDONESIA HEBOH‼️PETUGAS SENSUS EKONOMI DIMARAHI SAAT DITANYA GAJI : ENGGAK BOLEH, PRIVASI!"", ""channel"": ""Ahmad Hilmi Yusuf"", ""parent"": ""Ugy7Wbro_b6rnm7b7z94AaABAg.AYcyhq0nl7mAYnRQf2ubB0"", ""parent_text"": ""​ @bramSDASCL1759 untuk sementara si encus yg masih terlihat nyangkut di tiang jemuran 😁"", ""video_lang"": null, ""is_favorited"": false}"
dcb3bd9402212e7fd317846d37368f39,youtube,UgwxCGQRj5ib0A9bNdt4AaABAg,Akibat banyak utang negara rakyat yang di jadikan sapi perah pejabat sisanya buat memperkaya diri sendiri,akibat banyak utang negara rakyat yang di jadikan sapi perah pejabat sisanya untuk memperkaya diri sendiri,2026-07-15T00:00:00+00:00,@KakaKaka-vt9ny,https://www.youtube.com/watch?v=6DJrebErRbc&lc=UgwxCGQRj5ib0A9bNdt4AaABAg,2,petugas sensus ekonomi 2026,tidak_relevan,,opini,indonesia,1.0,utang negara rakyat yang di jadikan sapi perah pejabat,"Teks membahas tentang utang negara dan korupsi pejabat, bukan tentang Sensus Ekonomi 2026 atau aplikasi Fasih BPS.",gemma-4-12b-qat-unsloth-prompt-v2,"{""video_id"": ""6DJrebErRbc"", ""video_title"": ""WARGA INDONESIA HEBOH‼️PETUGAS SENSUS EKONOMI DIMARAHI SAAT DITANYA GAJI : ENGGAK BOLEH, PRIVASI!"", ""channel"": ""Ahmad Hilmi Yusuf"", ""parent"": ""root"", ""parent_text"": null, ""video_lang"": null, ""is_favorited"": false}"
fb920f96799b6a4887981737978ba650,youtube,UgwkOt2aawwqKAbO7-94AaABAg,Sekarang tidak ada pajak tunggu beberapa bulan kedepan yg datang petugas pajak😂😂,sekarang tidak ada pajak tunggu beberapa bulan kedepan yang datang petugas pajak face with tears of joy face with tears of joy,2026-07-15T00:00:00+00:00,@SugirwoGirwo,https://www.youtube.com/watch?v=6DJrebErRbc&lc=UgwkOt2aawwqKAbO7-94AaABAg,0,petugas sensus ekonomi 2026,tidak_relevan,,opini,indonesia,1.0,tidak ada pajak tunggu beberapa bulan kedepan yg datang petugas pajak,"Teks membahas tentang petugas pajak, bukan Sensus Ekonomi 2026 atau aplikasi Fasih BPS.",gemma-4-12b-qat-unsloth-prompt-v2,"{""video_id"": ""6DJrebErRbc"", ""video_title"": ""WARGA INDONESIA HEBOH‼️PETUGAS SENSUS EKONOMI DIMARAHI SAAT DITANYA GAJI : ENGGAK BOLEH, PRIVASI!"", ""channel"": ""Ahmad Hilmi Yusuf"", ""parent"": ""root"", ""parent_text"": null, ""video_lang"": null, ""is_favorited"": false}"
46669719e8370a089b32aa2eb90f492f,youtube,UgxkdJ0_gJcsZgsRfoB4AaABAg.AYWumHZtWTQAYXPvbJRoBn,gua bukan presiden... tapi gua pimpin perusahaan keluarga dan anak buah biar bisa sejahtera dapat pekerjaan dan menjadi sumber kehidupan..ini nama nya hidup dan kenyataan.. juga jadi pengusaha org tionghoa itu berani untung juga berani rugi.. dan mental disiplin kita sudah darah turunan dari moyang2 pedagangan,gua bukan presiden tapi gua pimpin perusahaan keluarga dan anak buah biar bisa sejahtera dapat pekerjaan dan menjadi sumber kehidupan ini nama nya hidup dan kenyataan juga jadi pengusaha orang tionghoa itu berani untung juga berani rugi dan mental disiplin kita sudah darah turunan dari moyang moyang pedagangan,2026-07-15T00:00:00+00:00,@Kinghan.11,https://www.youtube.com/watch?v=TOuikb9xt2Y&lc=UgxkdJ0_gJcsZgsRfoB4AaABAg.AYWumHZtWTQAYXPvbJRoBn,0,petugas sensus ekonomi 2026,tidak_relevan,,opini,indonesia,1.0,gua bukan presiden... tapi gua pimpin perusahaan keluarga,"Teks membahas tentang pengalaman pribadi sebagai pengusaha dan mentalitas pedagang, tidak berkaitan dengan Sensus Ekonomi 2026 atau aplikasi Fasih BPS.",gemma-4-12b-qat-unsloth-prompt-v2,"{""video_id"": ""TOuikb9xt2Y"", ""video_title"": ""Sensus Ekonomi 2026 Resmi Dimulai | Fokus"", ""channel"": ""Fokus Indosiar"", ""parent"": ""UgxkdJ0_gJcsZgsRfoB4AaABAg.AYWumHZtWTQAYXNOI7_d0O"", ""parent_text"": ""Mangkanya lo aja yg gede gitu gmn ke rakyat!"", ""video_lang"": null, ""is_favorited"": false}"
fc359ce2be827fc7458604e67ff85ed9,youtube,UgxkdJ0_gJcsZgsRfoB4AaABAg.AYWumHZtWTQAYXRINBu2Lw,​ngak berjasa tapi sudah bisa menghidupi karyawan ku puluhan kepala rumah tangga yg memperkerjakan mereka dgn layak juga membantu kesulitan mereka..juga membantu perekonomian Indonesia.. meskipun ngak byk tapi juga kita byr pajak.. maka nya bicara dgn mu itu orang yg mempunyai otak dugu,ngak berjasa tapi sudah bisa menghidupi karyawan ku puluhan kepala rumah tangga yang memperkerjakan mereka dengan layak juga membantu kesulitan mereka juga membantu perekonomian indonesia meskipun ngak byk tapi juga kita byr pajak maka nya bicara dengan mu itu orang yang mempunyai otak dugu,2026-07-15T00:00:00+00:00,@Kinghan.11,https://www.youtube.com/watch?v=TOuikb9xt2Y&lc=UgxkdJ0_gJcsZgsRfoB4AaABAg.AYWumHZtWTQAYXRINBu2Lw,0,petugas sensus ekonomi 2026,tidak_relevan,,opini,indonesia,1.0,ngak berjasa tapi sudah bisa menghidupi karyawan,"Teks membahas tentang pajak dan kontribusi ekonomi secara umum, bukan spesifik mengenai Sensus Ekonomi 2026 atau aplikasi Fasih BPS.",gemma-4-12b-qat-unsloth-prompt-v2,"{""video_id"": ""TOuikb9xt2Y"", ""video_title"": ""Sensus Ekonomi 2026 Resmi Dimulai | Fokus"", ""channel"": ""Fokus Indosiar"", ""parent"": ""UgxkdJ0_gJcsZgsRfoB4AaABAg.AYWumHZtWTQAYXNOI7_d0O"", ""parent_text"": ""Mangkanya lo aja yg gede gitu gmn ke rakyat!"", ""video_lang"": null, ""is_favorited"": false}"
b36118512b18173a772122fbddb18b75,youtube,UgxkdJ0_gJcsZgsRfoB4AaABAg.AYWumHZtWTQAYXRQ4XzlXZ,"​ @Kinghan.11 emang sudah hancur, mangkanya dibangun ulang.",11 emang sudah hancur mangkanya dibangun ulang,2026-07-15T00:00:00+00:00,@Pengabdi_SETAN_MuLyono,https://www.youtube.com/watch?v=TOuikb9xt2Y&lc=UgxkdJ0_gJcsZgsRfoB4AaABAg.AYWumHZtWTQAYXRQ4XzlXZ,2,petugas sensus ekonomi 2026,tidak_relevan,,opini,indonesia,1.0,"emang sudah hancur, mangkanya dibangun ulang","Teks tidak membahas Sensus Ekonomi 2026, aplikasi Fasih BPS, atau hal terkait lainnya.",gemma-4-12b-qat-unsloth-prompt-v2,"{""video_id"": ""TOuikb9xt2Y"", ""video_title"": ""Sensus Ekonomi 2026 Resmi Dimulai | Fokus"", ""channel"": ""Fokus Indosiar"", ""parent"": ""UgxkdJ0_gJcsZgsRfoB4AaABAg.AYWumHZtWTQAYXNOI7_d0O"", ""parent_text"": ""Mangkanya lo aja yg gede gitu gmn ke rakyat!"", ""video_lang"": null, ""is_favorited"": false}"
b50304587be7a9f78bbee5ccf5a17878,youtube,UgxkdJ0_gJcsZgsRfoB4AaABAg.AYWumHZtWTQAYXSXfR4lzQ,maka nya lu itu belajar dari orang yg tau sejarah dan perekonomian juga jadi pengusaha bukan metal tempe.. lihat itu dunia luar terutama di China..byk belajar bukan otak itu bicara tanpa tau permasalahan langsung bilang omong kosong bulsit... aku aja memimpin perusahaan itu ngak gampang apa lagi negara..,maka nya lu itu belajar dari orang yang tau sejarah dan perekonomian juga jadi pengusaha bukan metal tempe lihat itu dunia luar terutama di china byk belajar bukan otak itu bicara tanpa tau permasalahan langsung bilang omong kosong bulsit aku saja memimpin perusahaan itu ngak mudah apa lagi negara,2026-07-15T00:00:00+00:00,@Kinghan.11,https://www.youtube.com/watch?v=TOuikb9xt2Y&lc=UgxkdJ0_gJcsZgsRfoB4AaABAg.AYWumHZtWTQAYXSXfR4lzQ,0,petugas sensus ekonomi 2026,tidak_relevan,,opini,indonesia,1.0,bukan metal tempe.. lihat itu dunia luar terutama di China,Teks berisi debat pribadi mengenai latar belakang pendidikan dan pengalaman bisnis yang tidak berkaitan dengan Sensus Ekonomi 2026 atau aplikasi Fasih BPS.,gemma-4-12b-qat-unsloth-prompt-v2,"{""video_id"": ""TOuikb9xt2Y"", ""video_title"": ""Sensus Ekonomi 2026 Resmi Dimulai | Fokus"", ""channel"": ""Fokus Indosiar"", ""parent"": ""UgxkdJ0_gJcsZgsRfoB4AaABAg.AYWumHZtWTQAYXNOI7_d0O"", ""parent_text"": ""Mangkanya lo aja yg gede gitu gmn ke rakyat!"", ""video_lang"": null, ""is_favorited"": false}"
aa4fe915e2499c826072b332edf7cb12,youtube,UgxkdJ0_gJcsZgsRfoB4AaABAg.AYWumHZtWTQAYZ1isOIgxn,​ @Kinghan.11 wes yg tahu sejarah sejarah apa? Sudah jelas model kayak lo sok moralis padahal buat kerusakan di. Indonesia.,11 wes yang tahu sejarah sejarah apa sudah jelas model kayak lo sok moralis padahal untuk kerusakan di indonesia,2026-07-15T00:00:00+00:00,@Pengabdi_SETAN_MuLyono,https://www.youtube.com/watch?v=TOuikb9xt2Y&lc=UgxkdJ0_gJcsZgsRfoB4AaABAg.AYWumHZtWTQAYZ1isOIgxn,1,petugas sensus ekonomi 2026,tidak_relevan,,opini,indonesia,1.0,wes yg tahu sejarah sejarah apa?,Teks berisi serangan personal dan perdebatan sejarah yang tidak berkaitan dengan Sensus Ekonomi 2026 atau aplikasi Fasih BPS.,gemma-4-12b-qat-unsloth-prompt-v2,"{""video_id"": ""TOuikb9xt2Y"", ""video_title"": ""Sensus Ekonomi 2026 Resmi Dimulai | Fokus"", ""channel"": ""Fokus Indosiar"", ""parent"": ""UgxkdJ0_gJcsZgsRfoB4AaABAg.AYWumHZtWTQAYXNOI7_d0O"", ""parent_text"": ""Mangkanya lo aja yg gede gitu gmn ke rakyat!"", ""video_lang"": null, ""is_favorited"": false}"
4ab25005273a594aa5b867675a592a79,youtube,UgwPX65WiogwuGIuWst4AaABAg.AYXaaeUW6r0AYbEZOllF1p,"​ @Power_Ranger_Hijau jaaaaaaaaaah muke Lo mirip bemper bajaj, suse Lo ban bemo",jaah muke lo mirip bemper bajaj suse lo ban bemo,2026-07-15T00:00:00+00:00,@Funnylaughing3,https://www.youtube.com/watch?v=TOuikb9xt2Y&lc=UgwPX65WiogwuGIuWst4AaABAg.AYXaaeUW6r0AYbEZOllF1p,0,petugas sensus ekonomi 2026,tidak_relevan,,opini,indonesia,1.0,muke Lo mirip bemper bajaj,Teks berisi hinaan pribadi dan tidak berkaitan dengan Sensus Ekonomi 2026 atau aplikasi Fasih BPS.,gemma-4-12b-qat-unsloth-prompt-v2,"{""video_id"": ""TOuikb9xt2Y"", ""video_title"": ""Sensus Ekonomi 2026 Resmi Dimulai | Fokus"", ""channel"": ""Fokus Indosiar"", ""parent"": ""UgwPX65WiogwuGIuWst4AaABAg.AYXaaeUW6r0AYaD67Lcshn"", ""parent_text"": ""Malu ya lok ditanyai gajinya berapa? Kan pengangguran berat loe😂"", ""video_lang"": null, ""is_favorited"": false}"
31f6a940bff18a69cbafb66d9896bacf,youtube,UgzIFiBkfZ_VWPWxnJx4AaABAg,OMON OMON PREET BERAAKK MENCREEETTT,omon omon preet beraakk mencreeettt,2026-07-15T00:00:00+00:00,@juripenilaian3630,https://www.youtube.com/watch?v=TOuikb9xt2Y&lc=UgzIFiBkfZ_VWPWxnJx4AaABAg,12,petugas sensus ekonomi 2026,tidak_relevan,,lelucon,indonesia,1.0,OMON OMON PREET BERAAKK MENCREEETTT,Teks merupakan kata-kata tidak bermakna atau bahasa gaul yang tidak berkaitan dengan Sensus Ekonomi 2026.,gemma-4-12b-qat-unsloth-prompt-v2,"{""video_id"": ""TOuikb9xt2Y"", ""video_title"": ""Sensus Ekonomi 2026 Resmi Dimulai | Fokus"", ""channel"": ""Fokus Indosiar"", ""parent"": ""root"", ""parent_text"": null, ""video_lang"": null, ""is_favorited"": false}"
c031f6a205d94e375a92c76893063715,youtube,Ugy152wiC4Svg8LigNd4AaABAg.AYX2lMVezLvAYYKPDTL65K,dpr dan pejabat sudah aman mereka bahkan gajinya tetap dibayar seumur hidup dan bisa diwariskan,dpr dan pejabat sudah aman mereka bahkan gajinya tetap dibayar seumur hidup dan bisa diwariskan,2026-07-15T00:00:00+00:00,@kirno9444,https://www.youtube.com/watch?v=TOuikb9xt2Y&lc=Ugy152wiC4Svg8LigNd4AaABAg.AYX2lMVezLvAYYKPDTL65K,3,petugas sensus ekonomi 2026,tidak_relevan,,opini,indonesia,1.0,dpr dan pejabat sudah aman mereka bahkan gajinya tetap dibayar seumur hidup,Teks membahas tentang gaji pejabat dan tidak berkaitan dengan Sensus Ekonomi 2026 atau aplikasi Fasih BPS.,gemma-4-12b-qat-unsloth-prompt-v2,"{""video_id"": ""TOuikb9xt2Y"", ""video_title"": ""Sensus Ekonomi 2026 Resmi Dimulai | Fokus"", ""channel"": ""Fokus Indosiar"", ""parent"": ""Ugy152wiC4Svg8LigNd4AaABAg"", ""parent_text"": ""Ujung2nya yg usaha di rmh di suruh bayar pajak, anggota DPR dan para pejabat dulu yg di sensus, punya usahanya berapa? Usahanya apa aja? \nJangan rakyat kecil mau di pajakin"", ""video_lang"": null, ""is_favorited"": false}"
f26fa28b2317bb2822ca16323aa6dab4,youtube,Ugxv0JP9Ui7irKoMTU94AaABAg.AYWzIc1_L5OAYYKGddSSny,koruptors juga tambah banyak 😂,koruptors juga tambah banyak face with tears of joy,2026-07-15T00:00:00+00:00,@kirno9444,https://www.youtube.com/watch?v=TOuikb9xt2Y&lc=Ugxv0JP9Ui7irKoMTU94AaABAg.AYWzIc1_L5OAYYKGddSSny,3,petugas sensus ekonomi 2026,tidak_relevan,,opini,indonesia,1.0,koruptors juga tambah banyak,Teks membahas tentang korupsi dan tidak berkaitan dengan Sensus Ekonomi 2026 atau aplikasi Fasih BPS.,gemma-4-12b-qat-unsloth-prompt-v2,"{""video_id"": ""TOuikb9xt2Y"", ""video_title"": ""Sensus Ekonomi 2026 Resmi Dimulai | Fokus"", ""channel"": ""Fokus Indosiar"", ""parent"": ""Ugxv0JP9Ui7irKoMTU94AaABAg"", ""parent_text"": ""Tetep aja banyak yg melarat😂😂"", ""video_lang"": null, ""is_favorited"": false}"
18e1f551824b6350290f2e73bd37d100,youtube,Ugxv0JP9Ui7irKoMTU94AaABAg.AYWzIc1_L5OAY_KpOfV4__,Rakyat melarat aja mencuri jika ada kesempatan apalagi pejabat udah kaya malah nekat korupsi jika ada kesempatan juga :v,rakyat melarat saja mencuri jika ada kesempatan apalagi pejabat sudah kaya malah nekat korupsi jika ada kesempatan juga v,2026-07-15T00:00:00+00:00,@marschannel553,https://www.youtube.com/watch?v=TOuikb9xt2Y&lc=Ugxv0JP9Ui7irKoMTU94AaABAg.AYWzIc1_L5OAY_KpOfV4__,1,petugas sensus ekonomi 2026,tidak_relevan,,opini,indonesia,1.0,Rakyat melarat aja mencuri... pejabat udah kaya malah nekat korupsi,"Teks membahas isu sosial dan korupsi secara umum, tidak berkaitan dengan Sensus Ekonomi 2026 atau aplikasi Fasih BPS.",gemma-4-12b-qat-unsloth-prompt-v2,"{""video_id"": ""TOuikb9xt2Y"", ""video_title"": ""Sensus Ekonomi 2026 Resmi Dimulai | Fokus"", ""channel"": ""Fokus Indosiar"", ""parent"": ""Ugxv0JP9Ui7irKoMTU94AaABAg"", ""parent_text"": ""Tetep aja banyak yg melarat😂😂"", ""video_lang"": null, ""is_favorited"": false}"
9a4609a5dbde8014dcbb382724c65644,youtube,UgzkM97Qiw9WtIzJtXB4AaABAg,NKRI SEMAKIN NGERI . PENJAJAH DARI BANGSA BELANDA TIDAK SEKEJAM PENJAJAH DARI  PEJABAT BANGSA INDONESIA SENDIRI,nkri semakin ngeri penjajah dari bangsa belanda tidak sekejam penjajah dari pejabat bangsa indonesia sendiri,2026-07-15T00:00:00+00:00,@Msholeh2668,https://www.youtube.com/watch?v=TOuikb9xt2Y&lc=UgzkM97Qiw9WtIzJtXB4AaABAg,1,petugas sensus ekonomi 2026,tidak_relevan,,opini,indonesia,1.0,NKRI SEMAKIN NGERI . PENJAJAH DARI BANGSA BELANDA TIDAK SEKEJAM PENJAJAH DARI PEJABAT BANGSA INDONESIA SENDIRI,"Teks berisi kritik politik umum dan tidak membahas Sensus Ekonomi 2026, aplikasi Fasih BPS, atau petugas pendataan.",gemma-4-12b-qat-unsloth-prompt-v2,"{""video_id"": ""TOuikb9xt2Y"", ""video_title"": ""Sensus Ekonomi 2026 Resmi Dimulai | Fokus"", ""channel"": ""Fokus Indosiar"", ""parent"": ""root"", ""parent_text"": null, ""video_lang"": null, ""is_favorited"": false}"
f96979b399ee52316192221e8957937b,youtube,UgwHS9Gs2g-X7ZocaQ14AaABAg,Orang penting,orang penting,2026-07-15T00:00:00+00:00,@agustriyono2799,https://www.youtube.com/watch?v=TOuikb9xt2Y&lc=UgwHS9Gs2g-X7ZocaQ14AaABAg,0,petugas sensus ekonomi 2026,tidak_relevan,,sapaan,indonesia,0.5,Orang penting,Teks hanya berupa sapaan atau sebutan tanpa penilaian terhadap Sensus Ekonomi 2026.,gemma-4-12b-qat-unsloth-prompt-v2,"{""video_id"": ""TOuikb9xt2Y"", ""video_title"": ""Sensus Ekonomi 2026 Resmi Dimulai | Fokus"", ""channel"": ""Fokus Indosiar"", ""parent"": ""root"", ""parent_text"": null, ""video_lang"": null, ""is_favorited"": false}"
71c13e22694ce8aa5fd01b7cd5265b46,youtube,UgxUW2lRsQQMshJabwF4AaABAg,Tar besok makan pake apa.😂😂,tar besok makan pakai apa face with tears of joy face with tears of joy,2026-07-15T00:00:00+00:00,@MuhammadIrfan-wq7qk,https://www.youtube.com/watch?v=TOuikb9xt2Y&lc=UgxUW2lRsQQMshJabwF4AaABAg,0,petugas sensus ekonomi 2026,tidak_relevan,,lelucon,indonesia,1.0,Tar besok makan pake apa.😂😂,"Teks tidak membahas Sensus Ekonomi 2026 atau aplikasi Fasih BPS, melainkan lelucon pribadi.",gemma-4-12b-qat-unsloth-prompt-v2,"{""video_id"": ""TOuikb9xt2Y"", ""video_title"": ""Sensus Ekonomi 2026 Resmi Dimulai | Fokus"", ""channel"": ""Fokus Indosiar"", ""parent"": ""root"", ""parent_text"": null, ""video_lang"": null, ""is_favorited"": false}"
4edf97b9c1e4bd9248e6f278d53be6b7,youtube,UgwhXdW1jr1vZvYfXvV4AaABAg,Kalau mereka tau aku sebenarnya adalah ceo yg menyamar kan nanti bisa heboh sekampung😊,kalau mereka tau aku sebenarnya adalah ceo yang menyamar kan nanti bisa heboh sekampung smiling face with smiling eyes,2026-07-15T00:00:00+00:00,@rafimaulana7974,https://www.youtube.com/watch?v=TOuikb9xt2Y&lc=UgwhXdW1jr1vZvYfXvV4AaABAg,0,petugas sensus ekonomi 2026,tidak_relevan,,lelucon,indonesia,1.0,ceo yg menyamar,Teks berisi lelucon pribadi dan tidak membahas Sensus Ekonomi 2026 atau aplikasi Fasih BPS.,gemma-4-12b-qat-unsloth-prompt-v2,"{""video_id"": ""TOuikb9xt2Y"", ""video_title"": ""Sensus Ekonomi 2026 Resmi Dimulai | Fokus"", ""channel"": ""Fokus Indosiar"", ""parent"": ""root"", ""parent_text"": null, ""video_lang"": null, ""is_favorited"": false}"
0e5d25d4e84b5b29dcf5652575bf8114,youtube,UgxBnlO_gPjPmAfNko54AaABAg,"KONTEN KREATOR, NARASINYA YANG BAIK DAN BENAR, SITUASI SULIT BEGINI JANGAN KALIAN MERASA BAIK BAIK SAJA. ORANG TUAMU LAGI SUSAH.",konten kreator narasinya yang baik dan benar situasi sulit begini jangan kalian merasa baik baik saja orang tuamu lagi sulit,2026-07-15T00:00:00+00:00,@Alfaromeo-di4in,https://www.youtube.com/watch?v=eCpIyUGQlyE&lc=UgxBnlO_gPjPmAfNko54AaABAg,0,petugas sensus ekonomi 2026,tidak_relevan,,opini,indonesia,1.0,ORANG TUAMU LAGI SUSAH,Teks berisi kritik sosial terhadap kondisi ekonomi umum dan bukan membahas Sensus Ekonomi 2026 atau aplikasi Fasih BPS.,gemma-4-12b-qat-unsloth-prompt-v2,"{""video_id"": ""eCpIyUGQlyE"", ""video_title"": ""🔴BUKAN VIRAL STORY: Sensus Ekonomi 2026: Petugas Tanya Gaji? Ini Penjelasannya!"", ""channel"": ""Tribunnews"", ""parent"": ""root"", ""parent_text"": null, ""video_lang"": null, ""is_favorited"": false}"
08b490d1445f954e9548d129f2e22aa9,youtube,UgyvgR8mTKBbGkVlWJV4AaABAg.AYVnIuVmRNXAYY7I56Uy2S,Lo tanam sendiri berasnya kalau pngen murah,lo tanam sendiri berasnya kalau pngen murah,2026-07-15T00:00:00+00:00,@ridwan5659,https://www.youtube.com/watch?v=f3bbUyBMcPk&lc=UgyvgR8mTKBbGkVlWJV4AaABAg.AYVnIuVmRNXAYY7I56Uy2S,0,petugas sensus ekonomi 2026,tidak_relevan,,opini,indonesia,1.0,Lo tanam sendiri berasnya kalau pngen murah,Teks membahas tentang harga beras dan pertanian yang tidak berkaitan dengan Sensus Ekonomi 2026 atau aplikasi Fasih BPS.,gemma-4-12b-qat-unsloth-prompt-v2,"{""video_id"": ""f3bbUyBMcPk"", ""video_title"": ""Stories from SE2026 Officers While Collecting KDM Data"", ""channel"": ""BPS Jabar"", ""parent"": ""UgyvgR8mTKBbGkVlWJV4AaABAg"", ""parent_text"": ""Ekonomi ambruk harga harga sembakonya mahal   fakta di lapangan"", ""video_lang"": null, ""is_favorited"": false}"
fda1595a05948e67bdf0fdc5cd415b48,youtube,UgyGwG5UNQauHIzGxIV4AaABAg,"Sampai sekarang 80℅ pendapatan negara alias APBN dari pajak rakyat...kemana hasil hutan,laut,tambang,kebun...emas,nikel,batu bara,tembaga,minyak sawit dll",sampai sekarang 80c o pendapatan negara alias apbn dari pajak rakyat kemana hasil hutan laut tambang kebun emas nikel batu bara tembaga minyak sawit dll,2026-07-15T00:00:00+00:00,@rizkiar9486,https://www.youtube.com/watch?v=f3bbUyBMcPk&lc=UgyGwG5UNQauHIzGxIV4AaABAg,0,petugas sensus ekonomi 2026,tidak_relevan,,opini,indonesia,1.0,pendapatan negara alias APBN dari pajak rakyat,"Teks membahas tentang sumber pendapatan negara dan pajak secara umum, bukan tentang Sensus Ekonomi 2026 atau aplikasi Fasih BPS.",gemma-4-12b-qat-unsloth-prompt-v2,"{""video_id"": ""f3bbUyBMcPk"", ""video_title"": ""Stories from SE2026 Officers While Collecting KDM Data"", ""channel"": ""BPS Jabar"", ""parent"": ""root"", ""parent_text"": null, ""video_lang"": null, ""is_favorited"": false}"
7f2db72aabae39eb8597a31fedc1a520,youtube,UgxCp81fsXMVksR227l4AaABAg,Kdm pemimpin.yg.gak.muluk2.diatas.langit.kdm.pemi.pin.yg.sadar.diri,kdm pemimpin yang tidak muluk muluk diatas langit kdm pemi pin yang sadar diri,2026-07-15T00:00:00+00:00,@FadilahUmar-f1j,https://www.youtube.com/watch?v=f3bbUyBMcPk&lc=UgxCp81fsXMVksR227l4AaABAg,0,petugas sensus ekonomi 2026,tidak_relevan,,opini,indonesia,1.0,Kdm pemimpin.yg.gak.muluk2.diatas.langit,Teks berisi opini politik mengenai tokoh tertentu dan tidak berkaitan dengan Sensus Ekonomi 2026 atau aplikasi Fasih BPS.,gemma-4-12b-qat-unsloth-prompt-v2,"{""video_id"": ""f3bbUyBMcPk"", ""video_title"": ""Stories from SE2026 Officers While Collecting KDM Data"", ""channel"": ""BPS Jabar"", ""parent"": ""root"", ""parent_text"": null, ""video_lang"": null, ""is_favorited"": false}"
4797dd53b334a3a679fc821a44a8a43a,youtube,Ugx--nwahC4bpYG-I3J4AaABAg,Aduh si teteh KA gubernur wanian nyebat gubernur lucu,aduh si teteh ka gubernur wanian nyebat gubernur lucu,2026-07-15T00:00:00+00:00,@PendiFadhil,https://www.youtube.com/watch?v=f3bbUyBMcPk&lc=Ugx--nwahC4bpYG-I3J4AaABAg,0,petugas sensus ekonomi 2026,tidak_relevan,,opini,campur,1.0,Aduh si teteh KA gubernur wanian nyebat gubernur lucu,Teks membahas tentang gubernur dan tidak berkaitan dengan Sensus Ekonomi 2026 atau aplikasi Fasih BPS.,gemma-4-12b-qat-unsloth-prompt-v2,"{""video_id"": ""f3bbUyBMcPk"", ""video_title"": ""Stories from SE2026 Officers While Collecting KDM Data"", ""channel"": ""BPS Jabar"", ""parent"": ""root"", ""parent_text"": null, ""video_lang"": null, ""is_favorited"": false}"
90a1cbd04666882497efe47a40540b0c,youtube,UgxVWxFR2XTH3BQ15nd4AaABAg.AZEBItaSOoYAZH2xXxPpmi,"Pejabat krk mkn duit hram hasil.merampog.
Sdh TDK prcya LG ada ny tuhan.",pejabat krk mkn uang hram hasil merampog sdh tidak prcya lg ada ny tuhan,2026-07-15T00:00:00+00:00,@YudiSetiawan-p5j,https://www.youtube.com/watch?v=l98FpqfSe_4&lc=UgxVWxFR2XTH3BQ15nd4AaABAg.AZEBItaSOoYAZH2xXxPpmi,1,petugas sensus ekonomi 2026,tidak_relevan,,opini,indonesia,1.0,Pejabat krk mkn duit hram,Teks berisi keluhan terhadap pejabat dan korupsi yang tidak berkaitan dengan Sensus Ekonomi 2026 atau aplikasi Fasih BPS.,gemma-4-12b-qat-unsloth-prompt-v2,"{""video_id"": ""l98FpqfSe_4"", ""video_title"": ""Di Balik Sensus Ekonomi 2026, Petugas Mengaku Sering Ditolak: Tantangannya, Sering Di-ghosting | NTV"", ""channel"": ""Nusantara TV"", ""parent"": ""UgxVWxFR2XTH3BQ15nd4AaABAg"", ""parent_text"": ""jgn ada yg mau disensus, nanti dipajaki trus uang pajak dikorupsi, pemerintah sekarang isinya 99% koruptor"", ""video_lang"": null, ""is_favorited"": false}"
f373034dbfae2e4319804d6f6cb2a68e,youtube,UgyiIhG7RtVAqLgSd054AaABAg.AZDsdZZ4-nwAZGDQx4iUFn,"Bagus pak jangan mau di kenakan pajak ... 
TAPInya .. nanti kalau pakai kendaraaan jangan lewat jalan umum ya,  cari terobosan lewat jalan tanah aja.
Eh ... anaknya juga sampai sekolah di sekolah negeri, sekolah swasta aja.",bagus pak jangan mau di kenakan pajak tapinya nanti kalau pakai kendaraaan jangan lewat jalan umum ya cari terobosan lewat jalan tanah saja eh anaknya juga sampai sekolah di sekolah negeri sekolah swasta saja,2026-07-15T00:00:00+00:00,@nalarabsurd,https://www.youtube.com/watch?v=l98FpqfSe_4&lc=UgyiIhG7RtVAqLgSd054AaABAg.AZDsdZZ4-nwAZGDQx4iUFn,0,petugas sensus ekonomi 2026,tidak_relevan,,opini,indonesia,1.0,jangan mau di kenakan pajak ... TAPInya .. nanti kalau pakai kendaraaan jangan lewat jalan umum ya,"Teks membahas tentang pajak, rute kendaraan, dan sekolah anak yang tidak berkaitan dengan Sensus Ekonomi 2026 atau aplikasi Fasih BPS.",gemma-4-12b-qat-unsloth-prompt-v2,"{""video_id"": ""l98FpqfSe_4"", ""video_title"": ""Di Balik Sensus Ekonomi 2026, Petugas Mengaku Sering Ditolak: Tantangannya, Sering Di-ghosting | NTV"", ""channel"": ""Nusantara TV"", ""parent"": ""UgyiIhG7RtVAqLgSd054AaABAg"", ""parent_text"": ""Pasti di tolak !!! Kami modal usaha cari sendiri, malah mau di kenakan pajak !!!"", ""video_lang"": null, ""is_favorited"": false}"
0414ec50cd1aabf012bca9707b7d93b0,youtube,UgyiIhG7RtVAqLgSd054AaABAg.AZDsdZZ4-nwAZGKXH7VKkz,"@vinzjo3751  .. Ya dari yang bayar pajak lah, mungkin anda juga termasuk ... tetapi jalan perlu pemeliharaan, guru perlu gaji dll. Bagus anda tidak bayar pajak saya dukung, saya sangat mangkel juga dengan pemerintah yang korup merajalela. 
Tetapi konsekuen lah kalau sudah sepakat tidak bayar pajak. Jangan pakai jalan dulu sementara, jangan beli pertalite, jangan pakai bpjs, jangan sekolah negeri.",ya dari yang bayar pajak lah mungkin anda juga termasuk tetapi jalan perlu pemeliharaan guru perlu gaji dll bagus anda tidak bayar pajak saya dukung saya sangat mangkel juga dengan pemerintah yang korup merajalela tetapi konsekuen lah kalau sudah sepakat tidak bayar pajak jangan pakai jalan dulu sementara jangan beli pertalite jangan pakai bpjs jangan sekolah negeri,2026-07-15T00:00:00+00:00,@nalarabsurd,https://www.youtube.com/watch?v=l98FpqfSe_4&lc=UgyiIhG7RtVAqLgSd054AaABAg.AZDsdZZ4-nwAZGKXH7VKkz,0,petugas sensus ekonomi 2026,tidak_relevan,,opini,indonesia,1.0,,"Teks membahas tentang pajak dan korupsi pemerintah, bukan tentang Sensus Ekonomi 2026 atau aplikasi Fasih BPS.",gemma-4-12b-qat-unsloth-prompt-v2,"{""video_id"": ""l98FpqfSe_4"", ""video_title"": ""Di Balik Sensus Ekonomi 2026, Petugas Mengaku Sering Ditolak: Tantangannya, Sering Di-ghosting | NTV"", ""channel"": ""Nusantara TV"", ""parent"": ""UgyiIhG7RtVAqLgSd054AaABAg.AZDsdZZ4-nwAZGIpBWcW7T"", ""parent_text"": ""​ @nalarabsurd  Lalu selama ini uang buat bangun jalan dan fasilitas itu dari siapa ? Dari setan !!! Buat apa bayar pajak kalau uang kita di korupsi sama pejabat !!! Benahi dulu itu mental para pejabat korup baru anda boleh berbicara seperti itu !!! Aparat negara saja masih belum benar melayani masyarakat jangan salahkan kami kalau stop bayar pajak !!!"", ""video_lang"": null, ""is_favorited"": false}"
e5ac8e85f6a126343f6aa57e17005eb4,youtube,UgyiIhG7RtVAqLgSd054AaABAg.AZDsdZZ4-nwAZGM1sAwAk-,​ @nalarabsurd negara' kaya sumber daya alam kok APBN ngandelin pajak..kemana hasil tambang itu.. contoh di arab sana bebas pajak APBN dan subsidi dari sumber daya alam.. jangan sok paling bayar pajak deh.,negara kaya sumber daya alam kok apbn ngandelin pajak kemana hasil tambang itu contoh di arab sana bebas pajak apbn dan subsidi dari sumber daya alam jangan sok paling bayar pajak deh,2026-07-15T00:00:00+00:00,@RohmantoAnto-m8m,https://www.youtube.com/watch?v=l98FpqfSe_4&lc=UgyiIhG7RtVAqLgSd054AaABAg.AZDsdZZ4-nwAZGM1sAwAk-,2,petugas sensus ekonomi 2026,tidak_relevan,,opini,indonesia,1.0,APBN ngandelin pajak..kemana hasil tambang itu,"Teks membahas kebijakan pajak dan sumber daya alam negara secara umum, bukan tentang Sensus Ekonomi 2026 atau aplikasi Fasih BPS.",gemma-4-12b-qat-unsloth-prompt-v2,"{""video_id"": ""l98FpqfSe_4"", ""video_title"": ""Di Balik Sensus Ekonomi 2026, Petugas Mengaku Sering Ditolak: Tantangannya, Sering Di-ghosting | NTV"", ""channel"": ""Nusantara TV"", ""parent"": ""UgyiIhG7RtVAqLgSd054AaABAg.AZDsdZZ4-nwAZGDQx4iUFn"", ""parent_text"": ""Bagus pak jangan mau di kenakan pajak ... \nTAPInya .. nanti kalau pakai kendaraaan jangan lewat jalan umum ya,  cari terobosan lewat jalan tanah aja.\nEh ... anaknya juga sampai sekolah di sekolah negeri, sekolah swasta aja."", ""video_lang"": null, ""is_favorited"": false}"
b5d2370e6d64b3085d836221b40da1e1,youtube,Ugz4cJc7qg19Pu0j8j14AaABAg,Negara bobrok banyak koruptor hukum tidak tegas pada garong Negara akhirnya kepercayaan rakyat pada pemerintah tidak ada.,negara bobrok banyak koruptor hukum tidak tegas pada garong negara akhirnya kepercayaan rakyat pada pemerintah tidak ada,2026-07-15T00:00:00+00:00,@PakUntung-x7s,https://www.youtube.com/watch?v=l98FpqfSe_4&lc=Ugz4cJc7qg19Pu0j8j14AaABAg,4,petugas sensus ekonomi 2026,tidak_relevan,,opini,indonesia,1.0,Negara bobrok banyak koruptor,"Teks membahas korupsi dan ketidakpercayaan pada pemerintah secara umum, bukan tentang Sensus Ekonomi 2026 atau aplikasi Fasih BPS.",gemma-4-12b-qat-unsloth-prompt-v2,"{""video_id"": ""l98FpqfSe_4"", ""video_title"": ""Di Balik Sensus Ekonomi 2026, Petugas Mengaku Sering Ditolak: Tantangannya, Sering Di-ghosting | NTV"", ""channel"": ""Nusantara TV"", ""parent"": ""root"", ""parent_text"": null, ""video_lang"": null, ""is_favorited"": false}"
16481fc66d789976fb062edef949a9c1,youtube,Ugy1ed1CURWHwEdsgbJ4AaABAg,"Masyarakat wajar nggk percaya kelakuan presiden dan jajarannya begitu, apalagi sekarang semua dipajakin. Ekonomi lg nyungsep, banyak perusahaan pindah, phk masal tp ngeklaimnya tumbuh 6.5 persen, wtf !",masyarakat wajar nggk percaya kelakuan presiden dan jajarannya begitu apalagi sekarang semua dipajakin ekonomi lg nyungsep banyak perusahaan pindah phk masal tp ngeklaimnya tumbuh 6 5 persen wtf,2026-07-15T00:00:00+00:00,@anjimukti7268,https://www.youtube.com/watch?v=l98FpqfSe_4&lc=Ugy1ed1CURWHwEdsgbJ4AaABAg,1,petugas sensus ekonomi 2026,tidak_relevan,,opini,indonesia,1.0,"kelakuan presiden dan jajarannya begitu, apalagi sekarang semua dipajakin","Teks membahas ketidakpercayaan pada pemerintah dan kondisi ekonomi makro, bukan tentang Sensus Ekonomi 2026 atau aplikasi Fasih BPS.",gemma-4-12b-qat-unsloth-prompt-v2,"{""video_id"": ""l98FpqfSe_4"", ""video_title"": ""Di Balik Sensus Ekonomi 2026, Petugas Mengaku Sering Ditolak: Tantangannya, Sering Di-ghosting | NTV"", ""channel"": ""Nusantara TV"", ""parent"": ""root"", ""parent_text"": null, ""video_lang"": null, ""is_favorited"": false}"
e7077ed79100d798daac5d2b62f2ceab,youtube,Ugy2QzLJXNJzfcQUFPd4AaABAg.AYg1Eor7sbPAYjxEy99EsY,Iya tuh keluarga Genk zolo😂😂,iya tuh keluarga genk zolo face with tears of joy face with tears of joy,2026-07-15T00:00:00+00:00,@KaylaAnggraeni-nv2zq,https://www.youtube.com/watch?v=uK1TQpEl5m0&lc=Ugy2QzLJXNJzfcQUFPd4AaABAg.AYg1Eor7sbPAYjxEy99EsY,1,sensus ekonomi bps penjelasan,tidak_relevan,,lelucon,indonesia,1.0,keluarga Genk zolo,Teks berisi lelucon atau referensi budaya populer yang tidak berkaitan dengan Sensus Ekonomi 2026 atau aplikasi Fasih BPS.,gemma-4-12b-qat-unsloth-prompt-v2,"{""video_id"": ""uK1TQpEl5m0"", ""video_title"": ""Pentingnya Sensus Ekonomi, Untuk Petakan Ekonomi Masyarakat"", ""channel"": ""Bisniscom"", ""parent"": ""Ugy2QzLJXNJzfcQUFPd4AaABAg"", ""parent_text"": ""Seharusnya yg di sensus itu harta kekayaan para pejabat bukannya rakyat."", ""video_lang"": null, ""is_favorited"": false}"
a60c504397470595a71d2f7a8548a96a,youtube,UgwYo1ESqTUI2QyHAhx4AaABAg,Ingattt 80% APBN dari pajakkk..... Kekayaan alamnya ntah kemanaaaaa,ingattt 80 persen apbn dari pajakkk kekayaan alamnya ntah kemanaa,2026-07-15T00:00:00+00:00,@adryankurnaedi1204,https://www.youtube.com/watch?v=uK1TQpEl5m0&lc=UgwYo1ESqTUI2QyHAhx4AaABAg,84,sensus ekonomi bps penjelasan,tidak_relevan,,opini,indonesia,1.0,80% APBN dari pajakkk..... Kekayaan alamnya ntah kemanaaaaa,"Teks membahas tentang APBN dan kekayaan alam, bukan tentang Sensus Ekonomi 2026 atau aplikasi Fasih BPS.",gemma-4-12b-qat-unsloth-prompt-v2,"{""video_id"": ""uK1TQpEl5m0"", ""video_title"": ""Pentingnya Sensus Ekonomi, Untuk Petakan Ekonomi Masyarakat"", ""channel"": ""Bisniscom"", ""parent"": ""root"", ""parent_text"": null, ""video_lang"": null, ""is_favorited"": false}"
c921b4a1d620fc395a688a9e8d52a215,youtube,UgwYo1ESqTUI2QyHAhx4AaABAg.AYg0KOfjA-kAYhnrkx2_3C,"Salah satu duit apbn untuk beli hak siar piala dunia tvri 1.3 T, hiburan segelintir pejabat dan yang hobby bola padahal digunakan untuk subsidi bbm lebih berguna...",salah satu uang apbn untuk beli hak siar piala dunia tvri 1 3 t hiburan segelintir pejabat dan yang hobby bola padahal digunakan untuk subsidi bbm lebih berguna,2026-07-15T00:00:00+00:00,@rachman6362,https://www.youtube.com/watch?v=uK1TQpEl5m0&lc=UgwYo1ESqTUI2QyHAhx4AaABAg.AYg0KOfjA-kAYhnrkx2_3C,2,sensus ekonomi bps penjelasan,tidak_relevan,,opini,indonesia,1.0,beli hak siar piala dunia tvri 1.3 T,Teks membahas pengeluaran APBN untuk hak siar olahraga dan tidak berkaitan dengan Sensus Ekonomi 2026 atau aplikasi Fasih BPS.,gemma-4-12b-qat-unsloth-prompt-v2,"{""video_id"": ""uK1TQpEl5m0"", ""video_title"": ""Pentingnya Sensus Ekonomi, Untuk Petakan Ekonomi Masyarakat"", ""channel"": ""Bisniscom"", ""parent"": ""UgwYo1ESqTUI2QyHAhx4AaABAg"", ""parent_text"": ""Ingattt 80% APBN dari pajakkk..... Kekayaan alamnya ntah kemanaaaaa"", ""video_lang"": null, ""is_favorited"": false}"
76e9a6f53294ff383a2371abaea27d7e,youtube,UgwYo1ESqTUI2QyHAhx4AaABAg.AYg0KOfjA-kAYi_0_1OpVE,"​ @rachman6362  aku pribadi ga papalah  seumur hidup baru sekali, mayoritas rakyat Indonesia juga suka bola, bbm kan udah ada subsidi, itu yg tiap hari milyaran di buang untuk MBG pada ga di makan.",aku pribadi tidak papalah seumur hidup baru sekali mayoritas rakyat indonesia juga suka bola bbm kan sudah ada subsidi itu yang tiap hari milyaran di buang untuk mbg pada tidak di makan,2026-07-15T00:00:00+00:00,@numerouno8881,https://www.youtube.com/watch?v=uK1TQpEl5m0&lc=UgwYo1ESqTUI2QyHAhx4AaABAg.AYg0KOfjA-kAYi_0_1OpVE,1,sensus ekonomi bps penjelasan,tidak_relevan,,opini,indonesia,1.0,mbg pada ga di makan,"Teks membahas tentang subsidi BBM dan program MBG, tidak berkaitan dengan Sensus Ekonomi 2026 atau aplikasi Fasih BPS.",gemma-4-12b-qat-unsloth-prompt-v2,"{""video_id"": ""uK1TQpEl5m0"", ""video_title"": ""Pentingnya Sensus Ekonomi, Untuk Petakan Ekonomi Masyarakat"", ""channel"": ""Bisniscom"", ""parent"": ""UgwYo1ESqTUI2QyHAhx4AaABAg.AYg0KOfjA-kAYhnrkx2_3C"", ""parent_text"": ""Salah satu duit apbn untuk beli hak siar piala dunia tvri 1.3 T, hiburan segelintir pejabat dan yang hobby bola padahal digunakan untuk subsidi bbm lebih berguna..."", ""video_lang"": null, ""is_favorited"": false}"
f5accce29cfb59881800915707c3a90d,youtube,UgyXFYIWJLesq9kXhMF4AaABAg,Semakin korup sebuah negara semakin banyak aturan...,semakin korup sebuah negara semakin banyak aturan,2026-07-15T00:00:00+00:00,@roisrosidhin9391,https://www.youtube.com/watch?v=uK1TQpEl5m0&lc=UgyXFYIWJLesq9kXhMF4AaABAg,5,sensus ekonomi bps penjelasan,tidak_relevan,,opini,indonesia,1.0,Semakin korup sebuah negara semakin banyak aturan...,"Teks membahas korupsi dan regulasi negara secara umum, tidak berkaitan dengan Sensus Ekonomi 2026 atau aplikasi Fasih BPS.",gemma-4-12b-qat-unsloth-prompt-v2,"{""video_id"": ""uK1TQpEl5m0"", ""video_title"": ""Pentingnya Sensus Ekonomi, Untuk Petakan Ekonomi Masyarakat"", ""channel"": ""Bisniscom"", ""parent"": ""root"", ""parent_text"": null, ""video_lang"": null, ""is_favorited"": false}"
4f949c0a4ca7f6b05064c011003e3000,youtube,Ugz5bPDlQJtxR7dUNNh4AaABAg,"Ya Alloh kapan rakyat indonesia merdeka! 
Semoga Alloh memberi kesabaran rakyat.",ya alloh kapan rakyat indonesia merdeka semoga alloh memberi kesabaran rakyat,2026-07-15T00:00:00+00:00,@RafaCreator,https://www.youtube.com/watch?v=uK1TQpEl5m0&lc=Ugz5bPDlQJtxR7dUNNh4AaABAg,0,sensus ekonomi bps penjelasan,tidak_relevan,,opini,indonesia,1.0,kapan rakyat indonesia merdeka,Teks berisi keluhan umum tentang kondisi negara dan tidak berkaitan dengan Sensus Ekonomi 2026 atau aplikasi Fasih BPS.,gemma-4-12b-qat-unsloth-prompt-v2,"{""video_id"": ""uK1TQpEl5m0"", ""video_title"": ""Pentingnya Sensus Ekonomi, Untuk Petakan Ekonomi Masyarakat"", ""channel"": ""Bisniscom"", ""parent"": ""root"", ""parent_text"": null, ""video_lang"": null, ""is_favorited"": false}"
5a9be0d71b445d3aaa9a2aee0d03b8f7,youtube,Ugw62J5nPGES9-LKDPJ4AaABAg.AYdR7RQcyg7AYfgvnuy6MB,"Korupsi denda 150 jt aja bisa di tukar 2 bulan penjara. Coba itu rakyat kecil, sudah vonis 2 tahun itu.",korupsi denda 150 jt saja bisa di tukar 2 bulan penjara coba itu rakyat kecil sudah vonis 2 tahun itu,2026-07-15T00:00:00+00:00,@sv4qf,https://www.youtube.com/watch?v=IB7TTBQwHXk&lc=Ugw62J5nPGES9-LKDPJ4AaABAg.AYdR7RQcyg7AYfgvnuy6MB,4,sensus ekonomi bps penjelasan,tidak_relevan,,opini,indonesia,1.0,Korupsi denda 150 jt aja bisa di tukar 2 bulan penjara.,Teks membahas tentang isu hukum dan korupsi yang tidak berkaitan dengan Sensus Ekonomi 2026 atau aplikasi Fasih BPS.,gemma-4-12b-qat-unsloth-prompt-v2,"{""video_id"": ""IB7TTBQwHXk"", ""video_title"": ""Sensus Ekonomi, Ditanya Apa Saja? | Liputan 6"", ""channel"": ""Liputan6"", ""parent"": ""Ugw62J5nPGES9-LKDPJ4AaABAg"", ""parent_text"": ""Sensus Koruptor kapan dilakukan ?\nPemerintah yang sangat-sangat korup, kok malah rakyat yang disensus ?"", ""video_lang"": null, ""is_favorited"": false}"
1b7cfae6d52237a31828d7437246fe4a,youtube,Ugw62J5nPGES9-LKDPJ4AaABAg.AYdR7RQcyg7AYnevqhdr_q,"Kapan DPR ketok palu UU miskinkan koruptor😂😂😂berani gak..? 1000000% gak berani,, nyalinya cm omongan pedas ketika ada kasus kriminal,, tunjukan nyali, taring anda yg tajam miskinkan koruptor. Sy mjd rakyat jelata capek dg aturan2 yg semrawut, dr pajak, listrik, BBM,sekolah.",kapan dpr ketok palu uu miskinkan koruptor face with tears of joy face with tears of joy face with tears of joy berani tidak 100 persen tidak berani nyalinya cm omongan pedas ketika ada kasus kriminal tunjukan nyali taring anda yang tajam miskinkan koruptor sy mjd rakyat jelata capek dg aturan aturan yang semrawut dari pajak listrik bbm sekolah,2026-07-15T00:00:00+00:00,@antonbengkel1772,https://www.youtube.com/watch?v=IB7TTBQwHXk&lc=Ugw62J5nPGES9-LKDPJ4AaABAg.AYdR7RQcyg7AYnevqhdr_q,0,sensus ekonomi bps penjelasan,tidak_relevan,,opini,indonesia,1.0,DPR ketok palu UU miskinkan koruptor,"Teks membahas tentang kebijakan hukum dan korupsi, bukan tentang Sensus Ekonomi 2026 atau aplikasi Fasih BPS.",gemma-4-12b-qat-unsloth-prompt-v2,"{""video_id"": ""IB7TTBQwHXk"", ""video_title"": ""Sensus Ekonomi, Ditanya Apa Saja? | Liputan 6"", ""channel"": ""Liputan6"", ""parent"": ""Ugw62J5nPGES9-LKDPJ4AaABAg"", ""parent_text"": ""Sensus Koruptor kapan dilakukan ?\nPemerintah yang sangat-sangat korup, kok malah rakyat yang disensus ?"", ""video_lang"": null, ""is_favorited"": false}"
6ec50df7ff1a7c8b752894fd44c685d9,youtube,UgwWw2DphuZoIAS2Dcp4AaABAg,Pemimpin yang menghisap darah rakyatnya sendiri.,pemimpin yang menghisap darah rakyatnya sendiri,2026-07-15T00:00:00+00:00,@NewlifeCHen,https://www.youtube.com/watch?v=IB7TTBQwHXk&lc=UgwWw2DphuZoIAS2Dcp4AaABAg,123,sensus ekonomi bps penjelasan,tidak_relevan,,opini,indonesia,1.0,Pemimpin yang menghisap darah rakyatnya sendiri.,Teks berisi kritik terhadap pemimpin negara dan tidak berkaitan dengan Sensus Ekonomi 2026 atau aplikasi Fasih BPS.,gemma-4-12b-qat-unsloth-prompt-v2,"{""video_id"": ""IB7TTBQwHXk"", ""video_title"": ""Sensus Ekonomi, Ditanya Apa Saja? | Liputan 6"", ""channel"": ""Liputan6"", ""parent"": ""root"", ""parent_text"": null, ""video_lang"": null, ""is_favorited"": false}"
0da5fee6dcc03cf042343e3e731e9efa,youtube,UgwWw2DphuZoIAS2Dcp4AaABAg.AYcmerkgiT9AYdZfgA-nLv,Dulu di asingkan dan di copot jabatan ny oleh presiden habibi sekarang malah di pilih jadi presiden...,dulu di asingkan dan di copot jabatan ny oleh presiden habibi sekarang malah di pilih jadi presiden,2026-07-15T00:00:00+00:00,@SusSugi-x2u,https://www.youtube.com/watch?v=IB7TTBQwHXk&lc=UgwWw2DphuZoIAS2Dcp4AaABAg.AYcmerkgiT9AYdZfgA-nLv,4,sensus ekonomi bps penjelasan,tidak_relevan,,opini,indonesia,1.0,Dulu di asingkan dan di copot jabatan ny oleh presiden habibi,Teks membahas tentang tokoh politik masa lalu dan tidak berkaitan dengan Sensus Ekonomi 2026 atau aplikasi Fasih BPS.,gemma-4-12b-qat-unsloth-prompt-v2,"{""video_id"": ""IB7TTBQwHXk"", ""video_title"": ""Sensus Ekonomi, Ditanya Apa Saja? | Liputan 6"", ""channel"": ""Liputan6"", ""parent"": ""UgwWw2DphuZoIAS2Dcp4AaABAg"", ""parent_text"": ""Pemimpin yang menghisap darah rakyatnya sendiri."", ""video_lang"": null, ""is_favorited"": false}"
ea733501da3f3ee78c7bd4be54fe2fd5,youtube,UgwWw2DphuZoIAS2Dcp4AaABAg.AYcmerkgiT9AYoH5A9NEEQ,"​ @SusSugi-x2u  ya itu jaman kabinet pinter, kabinet skrng kan ytta😅",x2u ya itu jaman kabinet pinter kabinet sekarang kan ytta grinning face with sweat,2026-07-15T00:00:00+00:00,@stanzx13,https://www.youtube.com/watch?v=IB7TTBQwHXk&lc=UgwWw2DphuZoIAS2Dcp4AaABAg.AYcmerkgiT9AYoH5A9NEEQ,0,sensus ekonomi bps penjelasan,tidak_relevan,,opini,indonesia,1.0,"kabinet pinter, kabinet skrng kan ytta",Teks membahas tentang kabinet pemerintahan dan bukan tentang Sensus Ekonomi 2026 atau aplikasi Fasih BPS.,gemma-4-12b-qat-unsloth-prompt-v2,"{""video_id"": ""IB7TTBQwHXk"", ""video_title"": ""Sensus Ekonomi, Ditanya Apa Saja? | Liputan 6"", ""channel"": ""Liputan6"", ""parent"": ""UgwWw2DphuZoIAS2Dcp4AaABAg.AYcmerkgiT9AYdZfgA-nLv"", ""parent_text"": ""Dulu di asingkan dan di copot jabatan ny oleh presiden habibi sekarang malah di pilih jadi presiden..."", ""video_lang"": null, ""is_favorited"": false}"
1a87a1d5a8199583bef6bc18ee1ce765,youtube,UgwWw2DphuZoIAS2Dcp4AaABAg.AYcmerkgiT9AYlIWpQkigj,Pemerintah drakula... DPR drakula,pemerintah drakula dpr drakula,2026-07-15T00:00:00+00:00,@indrakesuma6541,https://www.youtube.com/watch?v=IB7TTBQwHXk&lc=UgwWw2DphuZoIAS2Dcp4AaABAg.AYcmerkgiT9AYlIWpQkigj,0,sensus ekonomi bps penjelasan,tidak_relevan,,opini,indonesia,1.0,Pemerintah drakula... DPR drakula,Teks berisi kritik terhadap pemerintah dan DPR yang tidak berkaitan dengan Sensus Ekonomi 2026 atau aplikasi Fasih BPS.,gemma-4-12b-qat-unsloth-prompt-v2,"{""video_id"": ""IB7TTBQwHXk"", ""video_title"": ""Sensus Ekonomi, Ditanya Apa Saja? | Liputan 6"", ""channel"": ""Liputan6"", ""parent"": ""UgwWw2DphuZoIAS2Dcp4AaABAg"", ""parent_text"": ""Pemimpin yang menghisap darah rakyatnya sendiri."", ""video_lang"": null, ""is_favorited"": false}"
863d21f79714656fdf8356f7657ad6ce,youtube,Ugx3qg8xQcFk4dGdFMt4AaABAg.AYdQCu_KvLuAYde8jXE8uQ,​ @Bobon2045 BUZZER PRABODOH SUBIADAB,buzzer prabodoh subiadab,2026-07-15T00:00:00+00:00,@KadrunBajingan-b5i,https://www.youtube.com/watch?v=IB7TTBQwHXk&lc=Ugx3qg8xQcFk4dGdFMt4AaABAg.AYdQCu_KvLuAYde8jXE8uQ,6,sensus ekonomi bps penjelasan,tidak_relevan,,opini,indonesia,1.0,BUZZER PRABODOH SUBIADAB,Teks berisi makian atau komentar politik yang tidak berkaitan dengan Sensus Ekonomi 2026 atau aplikasi Fasih BPS.,gemma-4-12b-qat-unsloth-prompt-v2,"{""video_id"": ""IB7TTBQwHXk"", ""video_title"": ""Sensus Ekonomi, Ditanya Apa Saja? | Liputan 6"", ""channel"": ""Liputan6"", ""parent"": ""Ugx3qg8xQcFk4dGdFMt4AaABAg.AYdQCu_KvLuAYdRqVHGGBy"", ""parent_text"": ""Klo elu miskin atau kelas menengah ke bawah dan gak mau disensus...jangan nyesel lu ntar gak kebagian bansos, subsidi atau insentif ekonomi lain...jangan nyesel dan protes lu nanti"", ""video_lang"": null, ""is_favorited"": false}"
09d436787c85f933630cca5fc56bb057,youtube,Ugx3qg8xQcFk4dGdFMt4AaABAg.AYdQCu_KvLuAYdewkk3Tp5,@KadrunBajingan-b5i  sepertinya beban hidupmu berat sekali...,b5i sepertinya beban hidupmu berat sekali,2026-07-15T00:00:00+00:00,@Bobon2045,https://www.youtube.com/watch?v=IB7TTBQwHXk&lc=Ugx3qg8xQcFk4dGdFMt4AaABAg.AYdQCu_KvLuAYdewkk3Tp5,0,sensus ekonomi bps penjelasan,tidak_relevan,,opini,indonesia,1.0,beban hidupmu berat sekali,Teks berisi komentar pribadi antar pengguna dan tidak membahas Sensus Ekonomi 2026 atau aplikasi Fasih BPS.,gemma-4-12b-qat-unsloth-prompt-v2,"{""video_id"": ""IB7TTBQwHXk"", ""video_title"": ""Sensus Ekonomi, Ditanya Apa Saja? | Liputan 6"", ""channel"": ""Liputan6"", ""parent"": ""Ugx3qg8xQcFk4dGdFMt4AaABAg.AYdQCu_KvLuAYde8jXE8uQ"", ""parent_text"": ""​ @Bobon2045 BUZZER PRABODOH SUBIADAB"", ""video_lang"": null, ""is_favorited"": false}"
66ec62d94283c4d3a281fdf42553d3c3,youtube,Ugx3qg8xQcFk4dGdFMt4AaABAg.AYdQCu_KvLuAYdjMtKP9Uc,"​ @Bobon2045 ealahh..kok ada ya orang modelan gini? gk makan kalo gk dapat bansos..
segitu melaratkah dirimu tanpa bansos?",ealahh kok ada ya orang modelan begini tidak makan kalau tidak dapat bansos segitu melaratkah dirimu tanpa bansos,2026-07-15T00:00:00+00:00,@ariefbudiman7895,https://www.youtube.com/watch?v=IB7TTBQwHXk&lc=Ugx3qg8xQcFk4dGdFMt4AaABAg.AYdQCu_KvLuAYdjMtKP9Uc,5,sensus ekonomi bps penjelasan,tidak_relevan,,opini,indonesia,1.0,gk makan kalo gk dapat bansos,"Teks membahas tentang bansos dan kondisi ekonomi pribadi, bukan tentang Sensus Ekonomi 2026 atau aplikasi Fasih BPS.",gemma-4-12b-qat-unsloth-prompt-v2,"{""video_id"": ""IB7TTBQwHXk"", ""video_title"": ""Sensus Ekonomi, Ditanya Apa Saja? | Liputan 6"", ""channel"": ""Liputan6"", ""parent"": ""Ugx3qg8xQcFk4dGdFMt4AaABAg.AYdQCu_KvLuAYdRqVHGGBy"", ""parent_text"": ""Klo elu miskin atau kelas menengah ke bawah dan gak mau disensus...jangan nyesel lu ntar gak kebagian bansos, subsidi atau insentif ekonomi lain...jangan nyesel dan protes lu nanti"", ""video_lang"": null, ""is_favorited"": false}"
5f4d41c250f24e75fb0c4a8897a86d65,youtube,UgyzWBudZTPdhPZFNr14AaABAg,Di pemerintahan isinya maling perampok duit rakyat koruptor,di pemerintahan isinya maling perampok uang rakyat koruptor,2026-07-15T00:00:00+00:00,@PakdeMantoo,https://www.youtube.com/watch?v=IB7TTBQwHXk&lc=UgyzWBudZTPdhPZFNr14AaABAg,5,sensus ekonomi bps penjelasan,tidak_relevan,,opini,indonesia,1.0,isinya maling perampok duit rakyat koruptor,Teks berisi kritik terhadap korupsi pemerintah secara umum dan tidak membahas Sensus Ekonomi 2026 atau aplikasi Fasih BPS.,gemma-4-12b-qat-unsloth-prompt-v2,"{""video_id"": ""IB7TTBQwHXk"", ""video_title"": ""Sensus Ekonomi, Ditanya Apa Saja? | Liputan 6"", ""channel"": ""Liputan6"", ""parent"": ""root"", ""parent_text"": null, ""video_lang"": null, ""is_favorited"": false}"
c1151f221208c7201dd2e1159974b0a2,youtube,Ugyy6SElU_X403AU2wx4AaABAg,bangsa Indonesia adalah bangsa paling bahagia di Dunia .,bangsa indonesia adalah bangsa paling bahagia di dunia,2026-07-15T00:00:00+00:00,@SimonSukamto-et5on,https://www.youtube.com/watch?v=IB7TTBQwHXk&lc=Ugyy6SElU_X403AU2wx4AaABAg,0,sensus ekonomi bps penjelasan,tidak_relevan,,opini,indonesia,1.0,bangsa Indonesia adalah bangsa paling bahagia di Dunia,Teks membahas kebahagiaan bangsa secara umum dan tidak berkaitan dengan Sensus Ekonomi 2026 atau aplikasi Fasih BPS.,gemma-4-12b-qat-unsloth-prompt-v2,"{""video_id"": ""IB7TTBQwHXk"", ""video_title"": ""Sensus Ekonomi, Ditanya Apa Saja? | Liputan 6"", ""channel"": ""Liputan6"", ""parent"": ""root"", ""parent_text"": null, ""video_lang"": null, ""is_favorited"": false}"
c44f8124e791f7267e7c62366947f0c6,youtube,UgzMEd3wczAmSS0bGSp4AaABAg.AYcXvSR4if0AYe3XqCNi4u,korupsi Desa Merah Putih,korupsi desa merah putih,2026-07-15T00:00:00+00:00,@Shinbeth0919,https://www.youtube.com/watch?v=_Xget9lvyDM&lc=UgzMEd3wczAmSS0bGSp4AaABAg.AYcXvSR4if0AYe3XqCNi4u,2,sensus ekonomi bps penjelasan,tidak_relevan,,informasi,indonesia,1.0,korupsi Desa Merah Putih,Teks membahas korupsi di desa tertentu yang tidak berkaitan dengan Sensus Ekonomi 2026 atau aplikasi Fasih BPS.,gemma-4-12b-qat-unsloth-prompt-v2,"{""video_id"": ""_Xget9lvyDM"", ""video_title"": ""BPS: Sensus Ekonomi Bukan untuk Pajak! | Sindo Malam | 29 /06"", ""channel"": ""SINDOnews"", ""parent"": ""UgzMEd3wczAmSS0bGSp4AaABAg"", ""parent_text"": ""Yg dibutuhkan rakyat saat ini adalah lapangan pekerjaan,bukan percepatan pembangunan.Lagian apa yg dibangun????🤔🤔🤔🤔"", ""video_lang"": null, ""is_favorited"": false}"
290f3724d1d03ea9957dfec7416e1616,youtube,Ugxy6lYClei2h4ML72p4AaABAg,Gas PGN naik..,gas pgn naik,2026-07-15T00:00:00+00:00,@Pakbondol7706,https://www.youtube.com/watch?v=_Xget9lvyDM&lc=Ugxy6lYClei2h4ML72p4AaABAg,0,sensus ekonomi bps penjelasan,tidak_relevan,,informasi,indonesia,1.0,Gas PGN naik..,Teks membahas kenaikan harga gas yang tidak berkaitan dengan Sensus Ekonomi 2026 atau aplikasi Fasih BPS.,gemma-4-12b-qat-unsloth-prompt-v2,"{""video_id"": ""_Xget9lvyDM"", ""video_title"": ""BPS: Sensus Ekonomi Bukan untuk Pajak! | Sindo Malam | 29 /06"", ""channel"": ""SINDOnews"", ""parent"": ""root"", ""parent_text"": null, ""video_lang"": null, ""is_favorited"": false}"
25d139c5bf229956a23cb3b34bdbfcef,youtube,UgxlZ8NSJjAJVuOf86J4AaABAg,Orang yang dapat bansos salah sasaran wajiblah kena pajak ppn 😂,orang yang dapat bansos salah sasaran wajiblah kena pajak ppn face with tears of joy,2026-07-15T00:00:00+00:00,@EuisNurhayati-e9z,https://www.youtube.com/watch?v=_Xget9lvyDM&lc=UgxlZ8NSJjAJVuOf86J4AaABAg,0,sensus ekonomi bps penjelasan,tidak_relevan,,opini,indonesia,1.0,kena pajak ppn,Teks membahas tentang pajak bansos dan tidak berkaitan dengan Sensus Ekonomi 2026 atau aplikasi Fasih BPS.,gemma-4-12b-qat-unsloth-prompt-v2,"{""video_id"": ""_Xget9lvyDM"", ""video_title"": ""BPS: Sensus Ekonomi Bukan untuk Pajak! | Sindo Malam | 29 /06"", ""channel"": ""SINDOnews"", ""parent"": ""root"", ""parent_text"": null, ""video_lang"": null, ""is_favorited"": false}"
2a1e90b59d31e2e71ce2f461b4806d71,youtube,UgxrXxLekITpGHvr6pd4AaABAg,Duit Prabowo kan banyak. Mana kontribusinya buat masy??,uang prabowo kan banyak mana kontribusinya untuk masy,2026-07-15T00:00:00+00:00,@Abelthemon,https://www.youtube.com/watch?v=_Xget9lvyDM&lc=UgxrXxLekITpGHvr6pd4AaABAg,0,sensus ekonomi bps penjelasan,tidak_relevan,,opini,indonesia,1.0,Duit Prabowo kan banyak. Mana kontribusinya buat masy??,"Teks membahas tentang anggaran pemerintah dan kontribusi tokoh politik, bukan tentang Sensus Ekonomi 2026 atau aplikasi Fasih BPS.",gemma-4-12b-qat-unsloth-prompt-v2,"{""video_id"": ""_Xget9lvyDM"", ""video_title"": ""BPS: Sensus Ekonomi Bukan untuk Pajak! | Sindo Malam | 29 /06"", ""channel"": ""SINDOnews"", ""parent"": ""root"", ""parent_text"": null, ""video_lang"": null, ""is_favorited"": false}"
970fa230090348d02b87e1bf2398b989,youtube,UgwxehVyc7AGH8na9uV4AaABAg,😂😂😂😂😂 Indonesia karena kroni kroni..merah putih.,face with tears of joy face with tears of joy face with tears of joy face with tears of joy face with tears of joy indonesia karena kroni kroni merah putih,2026-07-15T00:00:00+00:00,@SudarmadiBotok,https://www.youtube.com/watch?v=_Xget9lvyDM&lc=UgwxehVyc7AGH8na9uV4AaABAg,0,sensus ekonomi bps penjelasan,tidak_relevan,,lelucon,indonesia,1.0,😂😂😂😂😂 Indonesia karena kroni kroni..merah putih.,"Teks tidak membahas Sensus Ekonomi 2026, aplikasi Fasih BPS, atau topik terkait lainnya.",gemma-4-12b-qat-unsloth-prompt-v2,"{""video_id"": ""_Xget9lvyDM"", ""video_title"": ""BPS: Sensus Ekonomi Bukan untuk Pajak! | Sindo Malam | 29 /06"", ""channel"": ""SINDOnews"", ""parent"": ""root"", ""parent_text"": null, ""video_lang"": null, ""is_favorited"": false}"
85e3559e7d001bb327b8cebc6c95a92d,youtube,UgzhHrHkZIs-ZvDPEs94AaABAg,Prett,prett,2026-07-15T00:00:00+00:00,@kusjanto2369,https://www.youtube.com/watch?v=_Xget9lvyDM&lc=UgzhHrHkZIs-ZvDPEs94AaABAg,0,sensus ekonomi bps penjelasan,tidak_relevan,,sapaan,indonesia,0.5,Prett,Teks hanya berupa kata seru atau sapaan tanpa konteks yang berkaitan dengan Sensus Ekonomi 2026 atau aplikasi Fasih BPS.,gemma-4-12b-qat-unsloth-prompt-v2,"{""video_id"": ""_Xget9lvyDM"", ""video_title"": ""BPS: Sensus Ekonomi Bukan untuk Pajak! | Sindo Malam | 29 /06"", ""channel"": ""SINDOnews"", ""parent"": ""root"", ""parent_text"": null, ""video_lang"": null, ""is_favorited"": false}"
a3180fc892e26e1637b665c781410e62,youtube,Ugzf2iY2MyPoA5bXCft4AaABAg,2029 jgn ada yg dipilih.gak ada yg bisa dipercaya smua!,2029 jgn ada yang dipilih tidak ada yang bisa dipercaya smua,2026-07-15T00:00:00+00:00,@dreamaquascape4939,https://www.youtube.com/watch?v=5IiqNjZgs40&lc=Ugzf2iY2MyPoA5bXCft4AaABAg,0,economic census 2026 indonesia,tidak_relevan,,opini,indonesia,1.0,2029 jgn ada yg dipilih.gak ada yg bisa dipercaya smua!,Teks membahas tentang ketidakpercayaan pada pemilihan tahun 2029 dan tidak berkaitan dengan Sensus Ekonomi 2026 atau aplikasi Fasih BPS.,gemma-4-12b-qat-unsloth-prompt-v2,"{""video_id"": ""5IiqNjZgs40"", ""video_title"": ""2026 Economic Census to be Held Simultaneously Across Indonesia"", ""channel"": ""KOMPASTV MAKASSAR"", ""parent"": ""root"", ""parent_text"": null, ""video_lang"": null, ""is_favorited"": false}"
53aff8c68036ecf6742aaef2860ef803,youtube,Ugx3KdvYrYTmBNRmPGp4AaABAg,Menghadapi korupsi saja tidak kunjung selesai... weeeee...!,menghadapi korupsi saja tidak kunjung selesai wee,2026-07-15T00:00:00+00:00,@sahrudin61,https://www.youtube.com/watch?v=rYRBuJofre8&lc=Ugx3KdvYrYTmBNRmPGp4AaABAg,2,economic census 2026 indonesia,tidak_relevan,,opini,indonesia,1.0,korupsi saja tidak kunjung selesai,Teks membahas isu korupsi secara umum dan tidak berkaitan dengan Sensus Ekonomi 2026 atau aplikasi Fasih BPS.,gemma-4-12b-qat-unsloth-prompt-v2,"{""video_id"": ""rYRBuJofre8"", ""video_title"": ""Sensus Ekonomi 2026 di Kediri Didukung Pemkab, Wujudkan Data Akurat untuk Pembangunan!"", ""channel"": ""KOMPASTV JAWA TIMUR"", ""parent"": ""root"", ""parent_text"": null, ""video_lang"": null, ""is_favorited"": false}"
fa484423604881bdbf375a40886d0d2a,youtube,Ugw8yytViiUciPZ5COB4AaABAg,PRETTT,prettt,2026-07-15T00:00:00+00:00,@regol-z3k,https://www.youtube.com/watch?v=rYRBuJofre8&lc=Ugw8yytViiUciPZ5COB4AaABAg,0,economic census 2026 indonesia,tidak_relevan,,sapaan,indonesia,0.5,PRETTT,Teks hanya berupa ekspresi atau sapaan tanpa konteks yang berkaitan dengan Sensus Ekonomi 2026.,gemma-4-12b-qat-unsloth-prompt-v2,"{""video_id"": ""rYRBuJofre8"", ""video_title"": ""Sensus Ekonomi 2026 di Kediri Didukung Pemkab, Wujudkan Data Akurat untuk Pembangunan!"", ""channel"": ""KOMPASTV JAWA TIMUR"", ""parent"": ""root"", ""parent_text"": null, ""video_lang"": null, ""is_favorited"": false}"
f2519b2de4db313bdf8cd2c5332ead86,youtube,UgxxzzIPcOqu7xJBNNx4AaABAg,Maav mau nanya KLO ngejek itu disebut usaha engga?,maav mau nanya kalau ngejek itu disebut usaha tidak,2026-07-15T00:00:00+00:00,@NenengYahya-y5f,https://www.youtube.com/watch?v=-eHCWal4BME&lc=UgxxzzIPcOqu7xJBNNx4AaABAg,0,bps economic census tutorial,tidak_relevan,,pertanyaan,indonesia,1.0,Maav mau nanya KLO ngejek itu disebut usaha engga?,"Teks tidak membahas Sensus Ekonomi 2026, aplikasi Fasih BPS, atau topik terkait lainnya.",gemma-4-12b-qat-unsloth-prompt-v2,"{""video_id"": ""-eHCWal4BME"", ""video_title"": ""Tutorial on How to Correctly Fill Out the 2026 Economic Census Stickers"", ""channel"": ""MH Channel Official"", ""parent"": ""root"", ""parent_text"": null, ""video_lang"": null, ""is_favorited"": false}"
ae346ca421b0df862c91b40bfd22da00,youtube,UgynvKxtEUUcCdbFWG54AaABAg.AYcPfN9-nOSAYhM30ckvgO,Sbnarnya kalah tapi gegara lampu yg di layar lebar pd pengumuman di matikan bbrapa detik setelah layar hidup lagi yg tadinya no 1 57% jdi pindah ke no 2 itu nyata saya nonton sampe selesai,sbnarnya kalah tapi gegara lampu yang di layar lebar pd pengumuman di matikan bbrapa detik setelah layar hidup lagi yang tadinya no 1 57 persen jdi pindah ke no 2 itu nyata saya nonton sampe selesai,2026-07-15T00:00:00+00:00,@MulyaRedja,https://www.youtube.com/watch?v=K_TOUqU6G5w&lc=UgynvKxtEUUcCdbFWG54AaABAg.AYcPfN9-nOSAYhM30ckvgO,1,bps economic census tutorial,tidak_relevan,,opini,indonesia,1.0,lampu yg di layar lebar pd pengumuman di matikan,"Teks membahas tentang gangguan teknis pada layar pengumuman di sebuah acara, bukan tentang Sensus Ekonomi 2026 atau aplikasi Fasih BPS.",gemma-4-12b-qat-unsloth-prompt-v2,"{""video_id"": ""K_TOUqU6G5w"", ""video_title"": ""OUTRAGE! BPS ECONOMIC CENSUS REJECTED BY SOME CITIZENS, IS IT JUST A PRETEXT FOR TAXES?"", ""channel"": ""Ahmad Hilmi Yusuf"", ""parent"": ""UgynvKxtEUUcCdbFWG54AaABAg"", ""parent_text"": ""Emang bukan setan lagi,tapi iblis,modal sendiri ,rakyat susah salah rakyat bahagia kaya salah,emangnya cuma pemerinta parah mafia koroptor2 yg di bebaskan hidup di Indonesia,,ini akibat pilih pemimpin yg salah"", ""video_lang"": null, ""is_favorited"": false}"
83f8791b03f2cf591964b3cbafc5bad8,youtube,Ugzx2u2qM4Ln6YCqQqt4AaABAg.AYcMFlxIgYhAYd9ZC_eqD9,Ss7,ss7,2026-07-15T00:00:00+00:00,@Helena-dy1bn,https://www.youtube.com/watch?v=K_TOUqU6G5w&lc=Ugzx2u2qM4Ln6YCqQqt4AaABAg.AYcMFlxIgYhAYd9ZC_eqD9,0,bps economic census tutorial,tidak_relevan,,sapaan,indonesia,0.5,Ss7,Teks hanya berupa kode atau penanda kehadiran tanpa makna yang jelas terkait topik Sensus Ekonomi 2026.,gemma-4-12b-qat-unsloth-prompt-v2,"{""video_id"": ""K_TOUqU6G5w"", ""video_title"": ""OUTRAGE! BPS ECONOMIC CENSUS REJECTED BY SOME CITIZENS, IS IT JUST A PRETEXT FOR TAXES?"", ""channel"": ""Ahmad Hilmi Yusuf"", ""parent"": ""Ugzx2u2qM4Ln6YCqQqt4AaABAg"", ""parent_text"": ""Sensus para pejabat dan anggota DPR dong"", ""video_lang"": null, ""is_favorited"": false}"
a2f38b98688fcde0664c3247ad0e1de5,youtube,UgzM3ZxmSA8rLnskExt4AaABAg.AYcXr-qUjmuAYhLfs-SJ-B,Pki bangkit lagi kebih kejam bro..😮,pki bangkit lagi kebih kejam bro face with open mouth,2026-07-15T00:00:00+00:00,@MulyaRedja,https://www.youtube.com/watch?v=K_TOUqU6G5w&lc=UgzM3ZxmSA8rLnskExt4AaABAg.AYcXr-qUjmuAYhLfs-SJ-B,0,bps economic census tutorial,tidak_relevan,,opini,indonesia,1.0,Pki bangkit lagi kebih kejam bro..,Teks membahas isu politik/ideologi yang tidak berkaitan dengan Sensus Ekonomi 2026 atau aplikasi Fasih BPS.,gemma-4-12b-qat-unsloth-prompt-v2,"{""video_id"": ""K_TOUqU6G5w"", ""video_title"": ""OUTRAGE! BPS ECONOMIC CENSUS REJECTED BY SOME CITIZENS, IS IT JUST A PRETEXT FOR TAXES?"", ""channel"": ""Ahmad Hilmi Yusuf"", ""parent"": ""UgzM3ZxmSA8rLnskExt4AaABAg"", ""parent_text"": ""Ini namanya rampok. Setan.."", ""video_lang"": null, ""is_favorited"": false}"
f07cc194a01a847e6621bd835939158b,youtube,Ugwz5svv8F-f3e-OlOh4AaABAg,"Punya usaha itu kalau sukses itu biasa , tapi kalau jadi PNS gaji 3 jt tapi punya mobil mewah itu baru ngk biasa.",punya usaha itu kalau sukses itu biasa tapi kalau jadi pns gaji 3 jt tapi punya mobil mewah itu baru ngk biasa,2026-07-15T00:00:00+00:00,@wempynon8627,https://www.youtube.com/watch?v=K_TOUqU6G5w&lc=Ugwz5svv8F-f3e-OlOh4AaABAg,27,bps economic census tutorial,tidak_relevan,,opini,indonesia,1.0,"Punya usaha itu kalau sukses itu biasa , tapi kalau jadi PNS gaji 3 jt tapi punya mobil mewah itu baru ngk biasa.","Teks membahas tentang gaya hidup dan gaji PNS, tidak berkaitan dengan Sensus Ekonomi 2026 atau aplikasi Fasih BPS.",gemma-4-12b-qat-unsloth-prompt-v2,"{""video_id"": ""K_TOUqU6G5w"", ""video_title"": ""OUTRAGE! BPS ECONOMIC CENSUS REJECTED BY SOME CITIZENS, IS IT JUST A PRETEXT FOR TAXES?"", ""channel"": ""Ahmad Hilmi Yusuf"", ""parent"": ""root"", ""parent_text"": null, ""video_lang"": null, ""is_favorited"": false}"
f2afd2f12a6b5eadc5b0f86963364ff5,youtube,UgxpZK0R8dmXHEiTcxR4AaABAg,"Kaya cemburu banget ya itu baju oren klo rakyat mampu... oadahal modal ga menta situ apa lgi ngutang ke elu. Ga boleh bgt klo rakyat idup makmur sedikit, lsngsung aja mau menta jatah... giliran rakyat ada yg mati bunuh diri karena kebelit utang pemerintah abai.",kaya cemburu sangat ya itu baju oren kalau rakyat mampu oadahal modal tidak menta situ apa lgi ngutang ke elu tidak boleh sangat kalau rakyat idup makmur sedikit lsngsung saja mau menta jatah giliran rakyat ada yang mati bunuh diri karena kebelit utang pemerintah abai,2026-07-15T00:00:00+00:00,@Raita-n4c,https://www.youtube.com/watch?v=K_TOUqU6G5w&lc=UgxpZK0R8dmXHEiTcxR4AaABAg,3,bps economic census tutorial,tidak_relevan,,opini,indonesia,1.0,baju oren,"Teks membahas kritik terhadap aparat penegak hukum dan utang pemerintah, tidak berkaitan dengan Sensus Ekonomi 2026 atau aplikasi Fasih BPS.",gemma-4-12b-qat-unsloth-prompt-v2,"{""video_id"": ""K_TOUqU6G5w"", ""video_title"": ""OUTRAGE! BPS ECONOMIC CENSUS REJECTED BY SOME CITIZENS, IS IT JUST A PRETEXT FOR TAXES?"", ""channel"": ""Ahmad Hilmi Yusuf"", ""parent"": ""root"", ""parent_text"": null, ""video_lang"": null, ""is_favorited"": false}"
d774f231a2981972b7442c6b102ec88d,youtube,UgxPl1CNGKjsH6aDo6h4AaABAg,"Sehat selalu Bu nur,,,,semoga sukses usaha nya",sehat selalu bu nur semoga sukses usaha nya,2026-07-15T00:00:00+00:00,@DewiSusanti-u4y,https://www.youtube.com/watch?v=QTjBfvXV89M&lc=UgxPl1CNGKjsH6aDo6h4AaABAg,0,@BPSStatistics,tidak_relevan,,sapaan,indonesia,0.5,Sehat selalu Bu nur,Teks merupakan ucapan doa dan sapaan pribadi yang tidak berkaitan dengan Sensus Ekonomi 2026 atau aplikasi Fasih BPS.,gemma-4-12b-qat-unsloth-prompt-v2,"{""video_id"": ""QTjBfvXV89M"", ""video_title"": ""[ICFF 2026] The Left Behind - BPS Aceh Province"", ""channel"": ""BPS Statistics"", ""parent"": ""root"", ""parent_text"": null, ""video_lang"": null, ""is_favorited"": false}"
e58c1b5aa5e850219ac9023875645de8,youtube,Ugwh_FaoiwMwlv4-crR4AaABAg,Konten yg mengandung irisan bawang 🥹,konten yang mengandung irisan bawang face holding back tears,2026-07-15T00:00:00+00:00,@ibaldaus,https://www.youtube.com/watch?v=QTjBfvXV89M&lc=Ugwh_FaoiwMwlv4-crR4AaABAg,0,@BPSStatistics,tidak_relevan,,opini,indonesia,1.0,Konten yg mengandung irisan bawang,"Teks tidak membahas Sensus Ekonomi 2026, aplikasi Fasih BPS, atau kegiatan pendataan BPS.",gemma-4-12b-qat-unsloth-prompt-v2,"{""video_id"": ""QTjBfvXV89M"", ""video_title"": ""[ICFF 2026] The Left Behind - BPS Aceh Province"", ""channel"": ""BPS Statistics"", ""parent"": ""root"", ""parent_text"": null, ""video_lang"": null, ""is_favorited"": false}"
f9ac6d3da740e310e9908d59f5f77a57,youtube,Ugw3QjGFLkBv2RXmlQl4AaABAg,#REFORMASI_JILID II 🔥,ii fire,2026-07-15T00:00:00+00:00,@Alasna2795,https://www.youtube.com/watch?v=ptXNZfMUZOk&lc=Ugw3QjGFLkBv2RXmlQl4AaABAg,0,@BPSStatistics,tidak_relevan,,opini,indonesia,1.0,#REFORMASI_JILID II,"Teks tidak membahas Sensus Ekonomi 2026, aplikasi Fasih BPS, atau kegiatan pendataan terkait.",gemma-4-12b-qat-unsloth-prompt-v2,"{""video_id"": ""ptXNZfMUZOk"", ""video_title"": ""[ICFF 2026] Things That Leave but Always Return - BPS Riau Province"", ""channel"": ""BPS Statistics"", ""parent"": ""root"", ""parent_text"": null, ""video_lang"": null, ""is_favorited"": false}"
58d40453f0d5cb1ec46f8ba3b47ca00c,youtube,Ugx9DGkdrsN7QNphg2t4AaABAg,"Inisih juaranya, alurnya jelas, aktingnya necurel, sinematiknya dapet bgt, paket lengkap!",inisih juaranya alurnya jelas aktingnya necurel sinematiknya dapet sangat paket lengkap,2026-07-15T00:00:00+00:00,@ElfionaNathasaAdenantaBrKetare,https://www.youtube.com/watch?v=gZDiyXH9Mwc&lc=Ugx9DGkdrsN7QNphg2t4AaABAg,1,@BPSStatistics,tidak_relevan,,opini,indonesia,1.0,"Inisih juaranya, alurnya jelas, aktingnya necurel, sinematiknya dapet bgt, paket lengkap!",Teks berisi pujian untuk sebuah karya film/video dan tidak berkaitan dengan Sensus Ekonomi 2026 atau aplikasi Fasih BPS.,gemma-4-12b-qat-unsloth-prompt-v2,"{""video_id"": ""gZDiyXH9Mwc"", ""video_title"": ""[ICFF 2026] Unrecorded Legacy - BPS Riau Islands Province"", ""channel"": ""BPS Statistics"", ""parent"": ""root"", ""parent_text"": null, ""video_lang"": null, ""is_favorited"": false}"
06fb567070e975b75533919ec3588f8e,youtube,Ugy-qcepwYmTEsCHl4l4AaABAg,"Semua pemain keren actingnya. yg mengintip di jendela mi sutradara andalanku..good job smuanya, ditunggu debut di layar lebar anugerah icff 2026 🎉❤",semua pemain keren actingnya yang mengintip di jendela mi sutradara andalanku good job smuanya ditunggu debut di layar lebar anugerah icff 2026 party popper red heart,2026-07-15T00:00:00+00:00,@fsr0618,https://www.youtube.com/watch?v=ElJhjUsznXQ&lc=Ugy-qcepwYmTEsCHl4l4AaABAg,0,@BPSStatistics,tidak_relevan,,opini,indonesia,1.0,Semua pemain keren actingnya,Teks membahas tentang akting pemain dalam sebuah video film/pertunjukan dan tidak berkaitan dengan Sensus Ekonomi 2026 atau aplikasi Fasih BPS.,gemma-4-12b-qat-unsloth-prompt-v2,"{""video_id"": ""ElJhjUsznXQ"", ""video_title"": ""[ICFF 2026] Cultivating Love - BPS of Southeast Sulawesi Province"", ""channel"": ""BPS Statistics"", ""parent"": ""root"", ""parent_text"": null, ""video_lang"": null, ""is_favorited"": false}"
bdc832e678f3894dca8aa347bae39962,youtube,Ugy1Tl8ZWTXK--lI9Bl4AaABAg,❤❤❤❤ kereen memang ini aktor aktornya🎉🎉🎉🎉,red heart red heart red heart red heart kereen memang ini aktor aktornya party popper party popper party popper party popper,2026-07-15T00:00:00+00:00,@Labaru1945,https://www.youtube.com/watch?v=ElJhjUsznXQ&lc=Ugy1Tl8ZWTXK--lI9Bl4AaABAg,0,@BPSStatistics,tidak_relevan,,opini,indonesia,1.0,kereen memang ini aktor aktornya,"Teks berisi pujian terhadap aktor dalam video, bukan mengenai Sensus Ekonomi 2026 atau aplikasi Fasih BPS.",gemma-4-12b-qat-unsloth-prompt-v2,"{""video_id"": ""ElJhjUsznXQ"", ""video_title"": ""[ICFF 2026] Cultivating Love - BPS of Southeast Sulawesi Province"", ""channel"": ""BPS Statistics"", ""parent"": ""root"", ""parent_text"": null, ""video_lang"": null, ""is_favorited"": false}"
7b26f1679ccd789e05c37c47508b2ad4,youtube,UgxErhFj0TxnXlK-tdB4AaABAg,"Nonton film ini lagi dan masih merasa perasaan teraduk-aduk, pantas lolos 15 besar🎉",nonton film ini lagi dan masih merasa perasaan teraduk aduk pantas lolos 15 besar party popper,2026-07-15T00:00:00+00:00,@haerulsalehwahid651,https://www.youtube.com/watch?v=ElJhjUsznXQ&lc=UgxErhFj0TxnXlK-tdB4AaABAg,0,@BPSStatistics,tidak_relevan,,opini,indonesia,1.0,Nonton film ini lagi dan masih merasa perasaan teraduk-aduk,Teks berisi ulasan terhadap sebuah film dan tidak berkaitan dengan Sensus Ekonomi 2026 atau aplikasi Fasih BPS.,gemma-4-12b-qat-unsloth-prompt-v2,"{""video_id"": ""ElJhjUsznXQ"", ""video_title"": ""[ICFF 2026] Cultivating Love - BPS of Southeast Sulawesi Province"", ""channel"": ""BPS Statistics"", ""parent"": ""root"", ""parent_text"": null, ""video_lang"": null, ""is_favorited"": false}"
c2309b11280f92db5349d1885cb5e236,youtube,UgyWIwQSPTx3lajozzN4AaABAg,"Realistis filmnya, keren actingnya, luarr biasaahhh🔥",realistis filmnya keren actingnya luarr biasaahhh fire,2026-07-15T00:00:00+00:00,@irma.suryani74,https://www.youtube.com/watch?v=ElJhjUsznXQ&lc=UgyWIwQSPTx3lajozzN4AaABAg,0,@BPSStatistics,tidak_relevan,,opini,indonesia,1.0,"Realistis filmnya, keren actingnya, luarr biasaahhh🔥","Teks berisi pujian terhadap film dan akting, tidak berkaitan dengan Sensus Ekonomi 2026 atau aplikasi Fasih BPS.",gemma-4-12b-qat-unsloth-prompt-v2,"{""video_id"": ""ElJhjUsznXQ"", ""video_title"": ""[ICFF 2026] Cultivating Love - BPS of Southeast Sulawesi Province"", ""channel"": ""BPS Statistics"", ""parent"": ""root"", ""parent_text"": null, ""video_lang"": null, ""is_favorited"": false}"
c7d89e5b8826bd1df1c542004dd316cb,youtube,UgxCA4R7S9v-PrQSn0t4AaABAg,"Itu i mas penjual roti sering ku liat ki duduk2 di samping polda. alleeee, pantas nda hbs rotinya dr pagi sampe malam. tegur2 sae pi itu Pak Sigit. Kasian anak istrinya orang kodong",itu i mas penjual roti sering ku liat ki duduk duduk di samping polda allee pantas nda hbs rotinya dari pagi sampe malam tegur tegur sae pi itu pak sigit kasian anak istrinya orang kodong,2026-07-15T00:00:00+00:00,@muhammadayyash4487,https://www.youtube.com/watch?v=ElJhjUsznXQ&lc=UgxCA4R7S9v-PrQSn0t4AaABAg,0,@BPSStatistics,tidak_relevan,,opini,campur,1.0,penjual roti sering ku liat ki duduk2,Teks membahas tentang pedagang roti dan tidak berkaitan dengan Sensus Ekonomi 2026 atau aplikasi Fasih BPS.,gemma-4-12b-qat-unsloth-prompt-v2,"{""video_id"": ""ElJhjUsznXQ"", ""video_title"": ""[ICFF 2026] Cultivating Love - BPS of Southeast Sulawesi Province"", ""channel"": ""BPS Statistics"", ""parent"": ""root"", ""parent_text"": null, ""video_lang"": null, ""is_favorited"": false}"
bd2b5a19e09b8b68f9fbc872a618026d,youtube,Ugzpktzx59WBgP4Vmxl4AaABAg,"Pas sekali memang motornya, detail sekaliii",pas sekali memang motornya detail sekaliii,2026-07-15T00:00:00+00:00,@hayulwaode3083,https://www.youtube.com/watch?v=ElJhjUsznXQ&lc=Ugzpktzx59WBgP4Vmxl4AaABAg,0,@BPSStatistics,tidak_relevan,,opini,indonesia,1.0,"Pas sekali memang motornya, detail sekaliii",Teks membahas tentang motor dan tidak berkaitan dengan Sensus Ekonomi 2026 atau aplikasi Fasih BPS.,gemma-4-12b-qat-unsloth-prompt-v2,"{""video_id"": ""ElJhjUsznXQ"", ""video_title"": ""[ICFF 2026] Cultivating Love - BPS of Southeast Sulawesi Province"", ""channel"": ""BPS Statistics"", ""parent"": ""root"", ""parent_text"": null, ""video_lang"": null, ""is_favorited"": false}"
066f3bc971698d2d151e645ccfa8a791,youtube,UgyHFVm6wvyeK5d_y-p4AaABAg,Sampe d trauma makan telur pa 😂,sampe d trauma makan telur pa face with tears of joy,2026-07-15T00:00:00+00:00,@WaOdeMuliani-o7y,https://www.youtube.com/watch?v=ElJhjUsznXQ&lc=UgyHFVm6wvyeK5d_y-p4AaABAg,0,@BPSStatistics,tidak_relevan,,opini,indonesia,1.0,Sampe d trauma makan telur pa,"Teks tidak membahas Sensus Ekonomi 2026, aplikasi Fasih BPS, atau kegiatan BPS lainnya.",gemma-4-12b-qat-unsloth-prompt-v2,"{""video_id"": ""ElJhjUsznXQ"", ""video_title"": ""[ICFF 2026] Cultivating Love - BPS of Southeast Sulawesi Province"", ""channel"": ""BPS Statistics"", ""parent"": ""root"", ""parent_text"": null, ""video_lang"": null, ""is_favorited"": false}"
d782eab6c4d4da3454137eb0bdcf3796,youtube,Ugz2L3wsUvFJ98-j6jF4AaABAg,"Coba pas bertengkar anaknya da video jg,,, 😅",coba pas bertengkar anaknya da video juga grinning face with sweat,2026-07-15T00:00:00+00:00,@muhammadnurkamal1890,https://www.youtube.com/watch?v=ElJhjUsznXQ&lc=Ugz2L3wsUvFJ98-j6jF4AaABAg,0,@BPSStatistics,tidak_relevan,,opini,indonesia,1.0,Coba pas bertengkar anaknya da video jg,"Teks tidak membahas Sensus Ekonomi 2026, aplikasi Fasih BPS, atau kegiatan petugas BPS.",gemma-4-12b-qat-unsloth-prompt-v2,"{""video_id"": ""ElJhjUsznXQ"", ""video_title"": ""[ICFF 2026] Cultivating Love - BPS of Southeast Sulawesi Province"", ""channel"": ""BPS Statistics"", ""parent"": ""root"", ""parent_text"": null, ""video_lang"": null, ""is_favorited"": false}"
31e119b49647685730b1c55d86f2044b,youtube,UgxZm3KlRODb4-RtfnV4AaABAg,Jos lah...1980 an baru tau Kendari Sulawesi Tenggara tahun itu komunikasi dari Jawa masih pakai surat lewat PT. POS,jos lah 1980 an baru tau kendari sulawesi tenggara tahun itu komunikasi dari jawa masih pakai surat lewat pt pos,2026-07-15T00:00:00+00:00,@Anwar_Bna.2002.,https://www.youtube.com/watch?v=ElJhjUsznXQ&lc=UgxZm3KlRODb4-RtfnV4AaABAg,0,@BPSStatistics,tidak_relevan,,opini,indonesia,1.0,komunikasi dari Jawa masih pakai surat lewat PT. POS,Teks membahas kenangan sejarah komunikasi tahun 1980-an dan tidak berkaitan dengan Sensus Ekonomi 2026 atau aplikasi Fasih BPS.,gemma-4-12b-qat-unsloth-prompt-v2,"{""video_id"": ""ElJhjUsznXQ"", ""video_title"": ""[ICFF 2026] Cultivating Love - BPS of Southeast Sulawesi Province"", ""channel"": ""BPS Statistics"", ""parent"": ""root"", ""parent_text"": null, ""video_lang"": null, ""is_favorited"": false}"
580ab0eaeea051f03ac84908db2f512b,youtube,UgzA4PcfH-a_Xb-D2FN4AaABAg,"Paaa,,, belikan pi saya rotiii",paaa belikan pi saya rotiii,2026-07-15T00:00:00+00:00,@mulianikadir988,https://www.youtube.com/watch?v=ElJhjUsznXQ&lc=UgzA4PcfH-a_Xb-D2FN4AaABAg,0,@BPSStatistics,tidak_relevan,,sapaan,indonesia,0.5,belikan pi saya rotiii,"Teks tidak membahas Sensus Ekonomi 2026 atau aplikasi Fasih BPS, melainkan permintaan makanan pribadi.",gemma-4-12b-qat-unsloth-prompt-v2,"{""video_id"": ""ElJhjUsznXQ"", ""video_title"": ""[ICFF 2026] Cultivating Love - BPS of Southeast Sulawesi Province"", ""channel"": ""BPS Statistics"", ""parent"": ""root"", ""parent_text"": null, ""video_lang"": null, ""is_favorited"": false}"
fb6acdd683f33295ef742f82c658edc0,youtube,UgzxV-QMJJGzwgMSL2B4AaABAg,Hampir pak sigit trauma makan telur 1 bulan,hampir pak sigit trauma makan telur 1 bulan,2026-07-15T00:00:00+00:00,@thynosigit4430,https://www.youtube.com/watch?v=ElJhjUsznXQ&lc=UgzxV-QMJJGzwgMSL2B4AaABAg,0,@BPSStatistics,tidak_relevan,,opini,indonesia,1.0,trauma makan telur,"Teks tidak membahas Sensus Ekonomi 2026, aplikasi Fasih BPS, atau kegiatan petugas BPS.",gemma-4-12b-qat-unsloth-prompt-v2,"{""video_id"": ""ElJhjUsznXQ"", ""video_title"": ""[ICFF 2026] Cultivating Love - BPS of Southeast Sulawesi Province"", ""channel"": ""BPS Statistics"", ""parent"": ""root"", ""parent_text"": null, ""video_lang"": null, ""is_favorited"": false}"
9d869850cbd007dd5b98c4a009e236f8,youtube,UgypZA-gywewvo00y0V4AaABAg,"emosi banget liat istrinya pak sigit. nelpon gak pake salam, suami pulang kerja masih juga dimarahin, padahal baru juga buka pintu",emosi sangat liat istrinya pak sigit nelpon tidak pakai salam suami pulang kerja masih juga dimarahin padahal baru juga buka pintu,2026-07-15T00:00:00+00:00,@erravibriane7459,https://www.youtube.com/watch?v=ElJhjUsznXQ&lc=UgypZA-gywewvo00y0V4AaABAg,0,@BPSStatistics,tidak_relevan,,opini,indonesia,1.0,emosi banget liat istrinya pak sigit,Teks membahas drama pribadi atau konten video dan tidak berkaitan dengan Sensus Ekonomi 2026 atau aplikasi Fasih BPS.,gemma-4-12b-qat-unsloth-prompt-v2,"{""video_id"": ""ElJhjUsznXQ"", ""video_title"": ""[ICFF 2026] Cultivating Love - BPS of Southeast Sulawesi Province"", ""channel"": ""BPS Statistics"", ""parent"": ""root"", ""parent_text"": null, ""video_lang"": null, ""is_favorited"": false}"
52c329aaebb301c198881e0847129bd4,youtube,UgzXzH4zWdXMKsQ9A6l4AaABAg,Kerensi 🔥🔥,kerensi fire fire,2026-07-15T00:00:00+00:00,@ahnanprastito3326,https://www.youtube.com/watch?v=ElJhjUsznXQ&lc=UgzXzH4zWdXMKsQ9A6l4AaABAg,0,@BPSStatistics,tidak_relevan,,sapaan,indonesia,0.5,Kerensi 🔥🔥,Teks tidak mengandung informasi atau penilaian terkait Sensus Ekonomi 2026 atau aplikasi Fasih BPS.,gemma-4-12b-qat-unsloth-prompt-v2,"{""video_id"": ""ElJhjUsznXQ"", ""video_title"": ""[ICFF 2026] Cultivating Love - BPS of Southeast Sulawesi Province"", ""channel"": ""BPS Statistics"", ""parent"": ""root"", ""parent_text"": null, ""video_lang"": null, ""is_favorited"": false}"
76ac04b219529562b3462bb0dbc430b9,youtube,UgzKBGePLnNmfdwqN1F4AaABAg,"mantap bu metha dan mas a'an..
sumi dan penagih hutangnya...
sukses selalu... ❤‍🔥",mantap bu metha dan mas a an sumi dan penagih hutangnya sukses selalu heart on fire,2026-07-15T00:00:00+00:00,@christinawidiyaningrum8826,https://www.youtube.com/watch?v=VfFWXjYcEYI&lc=UgzKBGePLnNmfdwqN1F4AaABAg,0,@BPSStatistics,tidak_relevan,,opini,indonesia,1.0,mantap bu metha dan mas a'an.. sumi dan penagih hutangnya...,Teks berisi pujian personal kepada individu tertentu dan tidak berkaitan dengan Sensus Ekonomi 2026 atau aplikasi Fasih BPS.,gemma-4-12b-qat-unsloth-prompt-v2,"{""video_id"": ""VfFWXjYcEYI"", ""video_title"": ""[ICFF 2026] Urip Iku Urup - BPS Provinsi Daerah Istimewa Yogyakarta"", ""channel"": ""BPS Statistics"", ""parent"": ""root"", ""parent_text"": null, ""video_lang"": null, ""is_favorited"": false}"
98c8e61d9b3b25a296f15d2f1da31a8f,youtube,Ugxuu6qiQZPyDkFVzGV4AaABAg,Proviciat mb Meta❤ sehat semangat dan sukses selalu,proviciat mb meta red heart sehat semangat dan sukses selalu,2026-07-15T00:00:00+00:00,@mariaendang4584,https://www.youtube.com/watch?v=VfFWXjYcEYI&lc=Ugxuu6qiQZPyDkFVzGV4AaABAg,0,@BPSStatistics,tidak_relevan,,sapaan,indonesia,0.5,Proviciat mb Meta❤ sehat semangat dan sukses selalu,Teks merupakan sapaan pribadi kepada individu dan tidak membahas Sensus Ekonomi 2026 atau aplikasi Fasih BPS.,gemma-4-12b-qat-unsloth-prompt-v2,"{""video_id"": ""VfFWXjYcEYI"", ""video_title"": ""[ICFF 2026] Urip Iku Urup - BPS Provinsi Daerah Istimewa Yogyakarta"", ""channel"": ""BPS Statistics"", ""parent"": ""root"", ""parent_text"": null, ""video_lang"": null, ""is_favorited"": false}"
6b47ffa6904635707bcd32f1b78086ca,youtube,Ugw_lhYdt9D4fYZ8pFx4AaABAg,Pemerannya menjiwai banget. Top.,pemerannya menjiwai sangat top,2026-07-15T00:00:00+00:00,@zunadibpssleman1161,https://www.youtube.com/watch?v=VfFWXjYcEYI&lc=Ugw_lhYdt9D4fYZ8pFx4AaABAg,0,@BPSStatistics,tidak_relevan,,opini,indonesia,1.0,Pemerannya menjiwai banget. Top.,"Teks berisi pujian terhadap akting pemeran dalam video, bukan mengenai Sensus Ekonomi 2026 atau aplikasi Fasih BPS.",gemma-4-12b-qat-unsloth-prompt-v2,"{""video_id"": ""VfFWXjYcEYI"", ""video_title"": ""[ICFF 2026] Urip Iku Urup - BPS Provinsi Daerah Istimewa Yogyakarta"", ""channel"": ""BPS Statistics"", ""parent"": ""root"", ""parent_text"": null, ""video_lang"": null, ""is_favorited"": false}"
f9e1ca2ab6e358b3aee539de9cc6ec8e,youtube,Ugz7m366FSNAN4qWaQV4AaABAg,Om Prast keren euy ...,om prast keren euy,2026-07-15T00:00:00+00:00,@ratihprayogi,https://www.youtube.com/watch?v=VfFWXjYcEYI&lc=Ugz7m366FSNAN4qWaQV4AaABAg,0,@BPSStatistics,tidak_relevan,,sapaan,indonesia,0.5,Om Prast keren euy,Teks berisi pujian kepada individu tertentu dan tidak berkaitan dengan Sensus Ekonomi 2026 atau aplikasi Fasih BPS.,gemma-4-12b-qat-unsloth-prompt-v2,"{""video_id"": ""VfFWXjYcEYI"", ""video_title"": ""[ICFF 2026] Urip Iku Urup - BPS Provinsi Daerah Istimewa Yogyakarta"", ""channel"": ""BPS Statistics"", ""parent"": ""root"", ""parent_text"": null, ""video_lang"": null, ""is_favorited"": false}"
1f541dbb31673c950156f35ec7477b4c,youtube,UgxLL37Z6iJ7Lz3c9Q14AaABAg,Keren tenan drama pendeknya yang mengangkat tradisional Jawa. Sukses selalu.,keren tenan drama pendeknya yang mengangkat tradisional jawa sukses selalu,2026-07-15T00:00:00+00:00,@bagussusanto4791,https://www.youtube.com/watch?v=VfFWXjYcEYI&lc=UgxLL37Z6iJ7Lz3c9Q14AaABAg,0,@BPSStatistics,tidak_relevan,,opini,campur,1.0,Keren tenan drama pendeknya yang mengangkat tradisional Jawa,Teks membahas konten drama pendek budaya Jawa dan tidak berkaitan dengan Sensus Ekonomi 2026 atau aplikasi Fasih BPS.,gemma-4-12b-qat-unsloth-prompt-v2,"{""video_id"": ""VfFWXjYcEYI"", ""video_title"": ""[ICFF 2026] Urip Iku Urup - BPS Provinsi Daerah Istimewa Yogyakarta"", ""channel"": ""BPS Statistics"", ""parent"": ""root"", ""parent_text"": null, ""video_lang"": null, ""is_favorited"": false}"
8059bdf94228fa042d79332fcbee8b78,youtube,UgyNIEJb6_kedg0eM454AaABAg,"mantap,..keren keren actingnya",mantap keren keren actingnya,2026-07-15T00:00:00+00:00,@nurhidayati6723,https://www.youtube.com/watch?v=VfFWXjYcEYI&lc=UgyNIEJb6_kedg0eM454AaABAg,0,@BPSStatistics,tidak_relevan,,opini,indonesia,1.0,"mantap,..keren keren actingnya",Teks berisi pujian terhadap akting dalam video dan tidak berkaitan dengan Sensus Ekonomi 2026 atau aplikasi Fasih BPS.,gemma-4-12b-qat-unsloth-prompt-v2,"{""video_id"": ""VfFWXjYcEYI"", ""video_title"": ""[ICFF 2026] Urip Iku Urup - BPS Provinsi Daerah Istimewa Yogyakarta"", ""channel"": ""BPS Statistics"", ""parent"": ""root"", ""parent_text"": null, ""video_lang"": null, ""is_favorited"": false}"
946d1e7d93da296147d65931b222381e,youtube,UgzsYUmQssugKcrnNHB4AaABAg,"Luar biasa, keren acting nya, JOSS tenan.....lanjutkan.❤",luar biasa keren acting nya joss tenan lanjutkan red heart,2026-07-15T00:00:00+00:00,@ireneparyunisusilaningsih2501,https://www.youtube.com/watch?v=VfFWXjYcEYI&lc=UgzsYUmQssugKcrnNHB4AaABAg,0,@BPSStatistics,tidak_relevan,,opini,campur,1.0,"Luar biasa, keren acting nya, JOSS tenan.....lanjutkan.❤",Teks berisi pujian terhadap akting dalam video dan tidak berkaitan dengan Sensus Ekonomi 2026 atau aplikasi Fasih BPS.,gemma-4-12b-qat-unsloth-prompt-v2,"{""video_id"": ""VfFWXjYcEYI"", ""video_title"": ""[ICFF 2026] Urip Iku Urup - BPS Provinsi Daerah Istimewa Yogyakarta"", ""channel"": ""BPS Statistics"", ""parent"": ""root"", ""parent_text"": null, ""video_lang"": null, ""is_favorited"": false}"
a2d02c7a4f50f2236b501a1c71aee56c,youtube,Ugxx5nEB2YDoyOVj95J4AaABAg,Keren Bu Metha...aktinge bagus kro narine luwes tur apik..berkarya digreja asumpta jadi guru nari anaku...Melu seneng kro bangga❤,keren bu metha aktinge bagus kro narine luwes tur apik berkarya digreja asumpta jadi guru nari anaku melu seneng kro bangga red heart,2026-07-15T00:00:00+00:00,@novitaHerliana-bf3oe,https://www.youtube.com/watch?v=VfFWXjYcEYI&lc=Ugxx5nEB2YDoyOVj95J4AaABAg,0,@BPSStatistics,tidak_relevan,,opini,campur,1.0,Keren Bu Metha...aktinge bagus,Teks berisi pujian terhadap akting seseorang dan tidak berkaitan dengan Sensus Ekonomi 2026 atau aplikasi Fasih BPS.,gemma-4-12b-qat-unsloth-prompt-v2,"{""video_id"": ""VfFWXjYcEYI"", ""video_title"": ""[ICFF 2026] Urip Iku Urup - BPS Provinsi Daerah Istimewa Yogyakarta"", ""channel"": ""BPS Statistics"", ""parent"": ""root"", ""parent_text"": null, ""video_lang"": null, ""is_favorited"": false}"
4286d198e34f4adda6fd62a4b51cab73,youtube,UgzQZConZLUpP_jHOEN4AaABAg,"Unik cerita nya😅, keren pemainnya...❤",unik cerita nya grinning face with sweat keren pemainnya red heart,2026-07-15T00:00:00+00:00,@arifwidyadarma7326,https://www.youtube.com/watch?v=VfFWXjYcEYI&lc=UgzQZConZLUpP_jHOEN4AaABAg,0,@BPSStatistics,tidak_relevan,,opini,indonesia,1.0,"Unik cerita nya😅, keren pemainnya...❤",Teks berisi pujian terhadap konten video (cerita dan pemain) dan tidak berkaitan dengan Sensus Ekonomi 2026 atau aplikasi Fasih BPS.,gemma-4-12b-qat-unsloth-prompt-v2,"{""video_id"": ""VfFWXjYcEYI"", ""video_title"": ""[ICFF 2026] Urip Iku Urup - BPS Provinsi Daerah Istimewa Yogyakarta"", ""channel"": ""BPS Statistics"", ""parent"": ""root"", ""parent_text"": null, ""video_lang"": null, ""is_favorited"": false}"
42936b182a19ef8b55566fdb21f4c00c,youtube,UgykN4UjlrKo1A7QruR4AaABAg,gacoorrr om prast🤟🏻,gacoorrr om prast love you gesture light skin tone,2026-07-15T00:00:00+00:00,@hajinaufalprayogi,https://www.youtube.com/watch?v=VfFWXjYcEYI&lc=UgykN4UjlrKo1A7QruR4AaABAg,0,@BPSStatistics,tidak_relevan,,sapaan,campur,0.5,gacoorrr om prast,Teks merupakan ungkapan kekaguman personal yang tidak berkaitan dengan Sensus Ekonomi 2026 atau aplikasi Fasih BPS.,gemma-4-12b-qat-unsloth-prompt-v2,"{""video_id"": ""VfFWXjYcEYI"", ""video_title"": ""[ICFF 2026] Urip Iku Urup - BPS Provinsi Daerah Istimewa Yogyakarta"", ""channel"": ""BPS Statistics"", ""parent"": ""root"", ""parent_text"": null, ""video_lang"": null, ""is_favorited"": false}"
2059fce504c098b553009bd8f1db20a7,youtube,UgwaEKO-hxGZOlUW4QF4AaABAg,Keren mama Methaa❤kapan kapan ajak ak ya mom😊 mama e jeremy,keren mama methaa red heart kapan kapan ajak ak ya mom smiling face with smiling eyes mama e jeremy,2026-07-15T00:00:00+00:00,@itarosita8637,https://www.youtube.com/watch?v=VfFWXjYcEYI&lc=UgwaEKO-hxGZOlUW4QF4AaABAg,0,@BPSStatistics,tidak_relevan,,sapaan,indonesia,0.5,Keren mama Methaa,Teks berisi komentar pribadi kepada individu dan tidak membahas Sensus Ekonomi 2026 atau aplikasi Fasih BPS.,gemma-4-12b-qat-unsloth-prompt-v2,"{""video_id"": ""VfFWXjYcEYI"", ""video_title"": ""[ICFF 2026] Urip Iku Urup - BPS Provinsi Daerah Istimewa Yogyakarta"", ""channel"": ""BPS Statistics"", ""parent"": ""root"", ""parent_text"": null, ""video_lang"": null, ""is_favorited"": false}"
1bf7a12a00acd7d5e019ce61cdf339cf,youtube,UgxqHPjKDLzO1wYtMMl4AaABAg,Menjiwai banget para pemainnya...Mantap ❤,menjiwai sangat para pemainnya mantap red heart,2026-07-15T00:00:00+00:00,@yulianticahya8165,https://www.youtube.com/watch?v=VfFWXjYcEYI&lc=UgxqHPjKDLzO1wYtMMl4AaABAg,0,@BPSStatistics,tidak_relevan,,opini,indonesia,1.0,Menjiwai banget para pemainnya...Mantap ❤,"Teks berisi pujian terhadap akting pemain dalam video, bukan mengenai Sensus Ekonomi 2026 atau aplikasi Fasih BPS.",gemma-4-12b-qat-unsloth-prompt-v2,"{""video_id"": ""VfFWXjYcEYI"", ""video_title"": ""[ICFF 2026] Urip Iku Urup - BPS Provinsi Daerah Istimewa Yogyakarta"", ""channel"": ""BPS Statistics"", ""parent"": ""root"", ""parent_text"": null, ""video_lang"": null, ""is_favorited"": false}"
d80c01b98fc664369ee0b974a77f7384,youtube,UgzRyZkLmzG_QQz2SVx4AaABAg,"Mantap mb Fara, mb Metha yolo wadi ternyata bisa akting bagus, semoga sukses tuk sela njutnya dan me jadi juaranya. Aamiin.",mantap mb fara mb metha yolo wadi ternyata bisa akting bagus semoga sukses tuk sela njutnya dan me jadi juaranya aamiin,2026-07-15T00:00:00+00:00,@triningfajar3860,https://www.youtube.com/watch?v=VfFWXjYcEYI&lc=UgzRyZkLmzG_QQz2SVx4AaABAg,0,@BPSStatistics,tidak_relevan,,opini,indonesia,1.0,"Mantap mb Fara, mb Metha yolo wadi ternyata bisa akting bagus",Teks berisi pujian terhadap akting individu dalam video dan tidak berkaitan dengan Sensus Ekonomi 2026 atau aplikasi Fasih BPS.,gemma-4-12b-qat-unsloth-prompt-v2,"{""video_id"": ""VfFWXjYcEYI"", ""video_title"": ""[ICFF 2026] Urip Iku Urup - BPS Provinsi Daerah Istimewa Yogyakarta"", ""channel"": ""BPS Statistics"", ""parent"": ""root"", ""parent_text"": null, ""video_lang"": null, ""is_favorited"": false}"
94230b13a63c37ad1d9d242a7358ee08,youtube,UgxO3bm31cpFmEsuQHt4AaABAg,"Unik cerita nya😅, keren akting pemainnya...",unik cerita nya grinning face with sweat keren akting pemainnya,2026-07-15T00:00:00+00:00,@ipd34,https://www.youtube.com/watch?v=VfFWXjYcEYI&lc=UgxO3bm31cpFmEsuQHt4AaABAg,0,@BPSStatistics,tidak_relevan,,opini,indonesia,1.0,"Unik cerita nya😅, keren akting pemainnya...",Teks membahas konten video (cerita dan akting) dan tidak berkaitan dengan Sensus Ekonomi 2026 atau aplikasi Fasih BPS.,gemma-4-12b-qat-unsloth-prompt-v2,"{""video_id"": ""VfFWXjYcEYI"", ""video_title"": ""[ICFF 2026] Urip Iku Urup - BPS Provinsi Daerah Istimewa Yogyakarta"", ""channel"": ""BPS Statistics"", ""parent"": ""root"", ""parent_text"": null, ""video_lang"": null, ""is_favorited"": false}"
f17b6470abd94ad1f62331dde96f1f0d,youtube,Ugz1PpGvjN1aoqq3hPZ4AaABAg,"Eh kaget saya ... Ternyataaa bakatnya luar biasa ...
Keren.. Menginspirasi.. 
🧡🧡🧡🔥",eh kaget saya ternyataaa bakatnya luar biasa keren menginspirasi orange heart orange heart orange heart fire,2026-07-15T00:00:00+00:00,@yodyacipta,https://www.youtube.com/watch?v=VfFWXjYcEYI&lc=Ugz1PpGvjN1aoqq3hPZ4AaABAg,0,@BPSStatistics,tidak_relevan,,opini,indonesia,1.0,Ternyataaa bakatnya luar biasa ... Keren.. Menginspirasi..,"Teks berisi pujian terhadap bakat seseorang dalam video, bukan mengenai Sensus Ekonomi 2026 atau aplikasi Fasih BPS.",gemma-4-12b-qat-unsloth-prompt-v2,"{""video_id"": ""VfFWXjYcEYI"", ""video_title"": ""[ICFF 2026] Urip Iku Urup - BPS Provinsi Daerah Istimewa Yogyakarta"", ""channel"": ""BPS Statistics"", ""parent"": ""root"", ""parent_text"": null, ""video_lang"": null, ""is_favorited"": false}"
323460f1b9d74bfe6c5726e00ce88063,youtube,UgwylDEZ8a3_XJdUlVR4AaABAg,weeeeh..mirip metha iki..wkwk,weeh mirip metha iki wkwk,2026-07-15T00:00:00+00:00,@zai.almeera5417,https://www.youtube.com/watch?v=VfFWXjYcEYI&lc=UgwylDEZ8a3_XJdUlVR4AaABAg,0,@BPSStatistics,tidak_relevan,,lelucon,campur,1.0,mirip metha iki..wkwk,Teks berisi komentar santai/lelucon yang tidak berkaitan dengan Sensus Ekonomi 2026 atau aplikasi Fasih BPS.,gemma-4-12b-qat-unsloth-prompt-v2,"{""video_id"": ""VfFWXjYcEYI"", ""video_title"": ""[ICFF 2026] Urip Iku Urup - BPS Provinsi Daerah Istimewa Yogyakarta"", ""channel"": ""BPS Statistics"", ""parent"": ""root"", ""parent_text"": null, ""video_lang"": null, ""is_favorited"": false}"
727db3b39378f0a137b56d97f29617cb,youtube,UgxqvmkzgBzaVAK_qlx4AaABAg,KOK MINTA GOYANGAN 😂,kok minta goyangan face with tears of joy,2026-07-15T00:00:00+00:00,@SlametSupriyadi-g7x,https://www.youtube.com/watch?v=VfFWXjYcEYI&lc=UgxqvmkzgBzaVAK_qlx4AaABAg,0,@BPSStatistics,tidak_relevan,,lelucon,indonesia,1.0,KOK MINTA GOYANGAN 😂,"Teks tidak membahas Sensus Ekonomi 2026, aplikasi Fasih BPS, atau kegiatan pendataan.",gemma-4-12b-qat-unsloth-prompt-v2,"{""video_id"": ""VfFWXjYcEYI"", ""video_title"": ""[ICFF 2026] Urip Iku Urup - BPS Provinsi Daerah Istimewa Yogyakarta"", ""channel"": ""BPS Statistics"", ""parent"": ""root"", ""parent_text"": null, ""video_lang"": null, ""is_favorited"": false}"
e4da99f37d8350388e1b2a8ea5e4e519,youtube,UgwvNKhoPJS53l3nJHt4AaABAg,"Mantap. Akting nya joss, terutama yg pengen r*b* meneh 😅👍🏼👍🏼",mantap akting nya joss terutama yang pengen r b meneh grinning face with sweat thumbs up medium light skin tone thumbs up medium light skin tone,2026-07-15T00:00:00+00:00,@iwanfajar6312,https://www.youtube.com/watch?v=VfFWXjYcEYI&lc=UgwvNKhoPJS53l3nJHt4AaABAg,0,@BPSStatistics,tidak_relevan,,opini,campur,1.0,Mantap. Akting nya joss,Teks berisi pujian terhadap akting dalam video dan tidak berkaitan dengan Sensus Ekonomi 2026 atau aplikasi Fasih BPS.,gemma-4-12b-qat-unsloth-prompt-v2,"{""video_id"": ""VfFWXjYcEYI"", ""video_title"": ""[ICFF 2026] Urip Iku Urup - BPS Provinsi Daerah Istimewa Yogyakarta"", ""channel"": ""BPS Statistics"", ""parent"": ""root"", ""parent_text"": null, ""video_lang"": null, ""is_favorited"": false}"
1f8d69e5460ca6fd0475d8f227203a52,youtube,UgwgOOlRmxkFe3m3VB14AaABAg,😂😂😂....pemerintahan bebal dan gemblunk....plus DPR bandit...kumplit sudah perusak negara ini...😂😂...cuma UU hukuman mati dan pemiskinan koruptor jalan satu satunya selamatkan negri ini...reformasi no revolusi yess...!!!,face with tears of joy face with tears of joy face with tears of joy pemerintahan bebal dan gemblunk plus dpr bandit kumplit sudah perusak negara ini face with tears of joy face with tears of joy cuma uu hukuman mati dan pemiskinan koruptor jalan satu satunya selamatkan negri ini reformasi no revolusi yess,2026-07-15T00:00:00+00:00,@HenryBakry,https://www.youtube.com/watch?v=Gxub8fPpz5Y&lc=UgwgOOlRmxkFe3m3VB14AaABAg,3,sensus ekonomi 2026 bps,tidak_relevan,,opini,indonesia,1.0,pemerintahan bebal dan gemblunk,"Teks berisi kritik terhadap pemerintah dan DPR secara umum, tidak membahas Sensus Ekonomi 2026 atau aplikasi Fasih BPS.",gemma-4-12b-qat-unsloth-prompt-v2,"{""video_id"": ""Gxub8fPpz5Y"", ""video_title"": ""BPS RI Partners with BSSN & PERURI to Secure the 2026 Economic Census"", ""channel"": ""KOMPASTV JAWA BARAT"", ""parent"": ""root"", ""parent_text"": null, ""video_lang"": null, ""is_favorited"": false}"
dbdbf215b947b367a9010ac5440d79e8,youtube,UgwgOOlRmxkFe3m3VB14AaABAg.AYUFpAbo_emAYdZaDy3tLz,"Cuma omon2,sekolah gratis,kesehatan gratis,itu cma omon2,apalagi hukuman mati bagi koruptor😂",cuma omon omon sekolah gratis kesehatan gratis itu cma omon omon apalagi hukuman mati bagi koruptor face with tears of joy,2026-07-15T00:00:00+00:00,@hibebfarid526,https://www.youtube.com/watch?v=Gxub8fPpz5Y&lc=UgwgOOlRmxkFe3m3VB14AaABAg.AYUFpAbo_emAYdZaDy3tLz,0,sensus ekonomi 2026 bps,tidak_relevan,,opini,indonesia,1.0,"Cuma omon2,sekolah gratis,kesehatan gratis","Teks membahas kebijakan publik umum dan korupsi, bukan tentang Sensus Ekonomi 2026 atau aplikasi Fasih BPS.",gemma-4-12b-qat-unsloth-prompt-v2,"{""video_id"": ""Gxub8fPpz5Y"", ""video_title"": ""BPS RI Partners with BSSN & PERURI to Secure the 2026 Economic Census"", ""channel"": ""KOMPASTV JAWA BARAT"", ""parent"": ""UgwgOOlRmxkFe3m3VB14AaABAg"", ""parent_text"": ""😂😂😂....pemerintahan bebal dan gemblunk....plus DPR bandit...kumplit sudah perusak negara ini...😂😂...cuma UU hukuman mati dan pemiskinan koruptor jalan satu satunya selamatkan negri ini...reformasi no revolusi yess...!!!"", ""video_lang"": null, ""is_favorited"": false}"
5de069f210fdfed150314735967eee81,youtube,UgxGbavuNChweJJyWmJ4AaABAg.AYRPYpQJrpTAYRdvD3u2oj,Bapak kau di tolak ..mnding anda pindah negara beban ortu,bapak kau di tolak mnding anda pindah negara beban ortu,2026-07-15T00:00:00+00:00,@riochannelchannel4637,https://www.youtube.com/watch?v=Gxub8fPpz5Y&lc=UgxGbavuNChweJJyWmJ4AaABAg.AYRPYpQJrpTAYRdvD3u2oj,0,sensus ekonomi 2026 bps,tidak_relevan,,opini,indonesia,1.0,Bapak kau di tolak ..mnding anda pindah negara beban ortu,Teks berisi hinaan pribadi dan tidak berkaitan dengan Sensus Ekonomi 2026 atau aplikasi Fasih BPS.,gemma-4-12b-qat-unsloth-prompt-v2,"{""video_id"": ""Gxub8fPpz5Y"", ""video_title"": ""BPS RI Partners with BSSN & PERURI to Secure the 2026 Economic Census"", ""channel"": ""KOMPASTV JAWA BARAT"", ""parent"": ""UgxGbavuNChweJJyWmJ4AaABAg"", ""parent_text"": ""Tolak Sensus Ekonomi"", ""video_lang"": null, ""is_favorited"": false}"
bfae187ba51be51e83eef074b4a64606,youtube,Ugy4Jv2h7qyp5aqgIF14AaABAg.AYRAmKrE_J8AYRKXai5dog,GARA GARA SI BOCAH TUA NAKAL😅,gara gara si bocah tua nakal grinning face with sweat,2026-07-15T00:00:00+00:00,@teguhsusanto3720,https://www.youtube.com/watch?v=Gxub8fPpz5Y&lc=Ugy4Jv2h7qyp5aqgIF14AaABAg.AYRAmKrE_J8AYRKXai5dog,0,sensus ekonomi 2026 bps,tidak_relevan,,lelucon,indonesia,0.9,GARA GARA SI BOCAH TUA NAKAL,"Teks tidak membahas Sensus Ekonomi 2026, aplikasi Fasih BPS, atau topik terkait lainnya.",gemma-4-12b-qat-unsloth-prompt-v2,"{""video_id"": ""Gxub8fPpz5Y"", ""video_title"": ""BPS RI Partners with BSSN & PERURI to Secure the 2026 Economic Census"", ""channel"": ""KOMPASTV JAWA BARAT"", ""parent"": ""Ugy4Jv2h7qyp5aqgIF14AaABAg"", ""parent_text"": ""DATA INDONESIA SUDAH MASUK BOP AMERIKA APA LAGI YANG DI LINDUNGI"", ""video_lang"": null, ""is_favorited"": false}"
b34360fcf4d673506b814799ac3810b6,youtube,UgxbuwHtGQdYKpYjbBN4AaABAg.AYT6l7PGrdOAYaj_yBmM17,Pajak tekor buat mbg kdmp.,pajak tekor untuk mbg kdmp,2026-07-15T00:00:00+00:00,@hadisubiyantoro9055,https://www.youtube.com/watch?v=rVwGhZ4DYLk&lc=UgxbuwHtGQdYKpYjbBN4AaABAg.AYT6l7PGrdOAYaj_yBmM17,0,sensus ekonomi 2026 bps,tidak_relevan,,opini,indonesia,1.0,Pajak tekor buat mbg kdmp.,Teks membahas tentang pajak dan istilah yang tidak berkaitan dengan Sensus Ekonomi 2026 atau aplikasi Fasih BPS.,gemma-4-12b-qat-unsloth-prompt-v2,"{""video_id"": ""rVwGhZ4DYLk"", ""video_title"": ""BPS Deputy Head Reviews 2026 Economic Census Implementation | JURNAL NUSANTARA"", ""channel"": ""KOMPASTV"", ""parent"": ""UgxbuwHtGQdYKpYjbBN4AaABAg"", ""parent_text"": ""Insight dari sensus ini bakal kepakai banget buat pemulihan daya beli dan pengembangan industri jadi buat masyarakat santai aja ikuti alurnya yang super mudah"", ""video_lang"": null, ""is_favorited"": false}"
772ead558e6f8235af3094545f747b24,youtube,UgyKNpLViD8Tj09AiWF4AaABAg,"Terlanjur pilih tidak ditemukan,, 😅",terlanjur pilih tidak ditemukan grinning face with sweat,2026-07-15T00:00:00+00:00,@molidaya732,https://www.youtube.com/watch?v=vl52WsnKFgU&lc=UgyKNpLViD8Tj09AiWF4AaABAg,1,aplikasi fasih bps,tidak_relevan,,opini,indonesia,1.0,Terlanjur pilih tidak ditemukan,"Teks tidak membahas Sensus Ekonomi 2026, aplikasi Fasih BPS, atau topik terkait lainnya.",gemma-4-12b-qat-unsloth-prompt-v2,"{""video_id"": ""vl52WsnKFgU"", ""video_title"": ""How to Force Submit Business Listings Without Dedicated Commercial Buildings (Home-Based Businesses)"", ""channel"": ""MH Channel Official"", ""parent"": ""root"", ""parent_text"": null, ""video_lang"": null, ""is_favorited"": true}"
dca9253f599f89e2d82af72fa8b4745d,youtube,UgyKNpLViD8Tj09AiWF4AaABAg.AZC1DXHoWiyAZC1sNOXfY0,Harus di perbaiki kak,harus di perbaiki kak,2026-07-15T00:00:00+00:00,@mhchannelofficial28,https://www.youtube.com/watch?v=vl52WsnKFgU&lc=UgyKNpLViD8Tj09AiWF4AaABAg.AZC1DXHoWiyAZC1sNOXfY0,0,aplikasi fasih bps,tidak_relevan,,opini,indonesia,1.0,Harus di perbaiki kak,"Teks tidak membahas Sensus Ekonomi 2026, aplikasi Fasih BPS, atau petugas pendataan.",gemma-4-12b-qat-unsloth-prompt-v2,"{""video_id"": ""vl52WsnKFgU"", ""video_title"": ""How to Force Submit Business Listings Without Dedicated Commercial Buildings (Home-Based Businesses)"", ""channel"": ""MH Channel Official"", ""parent"": ""UgyKNpLViD8Tj09AiWF4AaABAg"", ""parent_text"": ""Terlanjur pilih tidak ditemukan,, 😅"", ""video_lang"": null, ""is_favorited"": false}"
a30e4330397bd83081d6087b23a882c3,youtube,Ugx8LiIyKvuzPTboTjl4AaABAg,"Sangat membantu, terimakasih kak..",sangat membantu terimakasih kak,2026-07-15T00:00:00+00:00,@AndreasBudiman-o5v,https://www.youtube.com/watch?v=3F8suSmXme4&lc=Ugx8LiIyKvuzPTboTjl4AaABAg,1,aplikasi fasih bps,tidak_relevan,,opini,indonesia,1.0,"Sangat membantu, terimakasih kak..",Teks berisi apresiasi terhadap konten video YouTube dan tidak berkaitan dengan Sensus Ekonomi 2026 atau aplikasi Fasih BPS.,gemma-4-12b-qat-unsloth-prompt-v2,"{""video_id"": ""3F8suSmXme4"", ""video_title"": ""|| EFFICIENT TREATMENT & USE FOR 1 HOUSE WITH 2 FAMILIES AND A BUSINESS ‼️ || DOOR-TO-DOOR OVERVI..."", ""channel"": ""Uzma Ulya"", ""parent"": ""root"", ""parent_text"": null, ""video_lang"": null, ""is_favorited"": true}"
9b91664324748d780bd8d761e116a520,youtube,Ugx8LiIyKvuzPTboTjl4AaABAg.AY7MsaDMqYwAY7dwQ_XmGb,Terima kasih kembali,terima memberi kembali,2026-07-15T00:00:00+00:00,@uzmaulya7507,https://www.youtube.com/watch?v=3F8suSmXme4&lc=Ugx8LiIyKvuzPTboTjl4AaABAg.AY7MsaDMqYwAY7dwQ_XmGb,0,aplikasi fasih bps,tidak_relevan,,sapaan,indonesia,0.5,Terima kasih kembali,Teks merupakan sapaan terima kasih yang tidak berkaitan dengan Sensus Ekonomi 2026 atau aplikasi Fasih BPS.,gemma-4-12b-qat-unsloth-prompt-v2,"{""video_id"": ""3F8suSmXme4"", ""video_title"": ""|| EFFICIENT TREATMENT & USE FOR 1 HOUSE WITH 2 FAMILIES AND A BUSINESS ‼️ || DOOR-TO-DOOR OVERVI..."", ""channel"": ""Uzma Ulya"", ""parent"": ""Ugx8LiIyKvuzPTboTjl4AaABAg"", ""parent_text"": ""Sangat membantu, terimakasih kak.."", ""video_lang"": null, ""is_favorited"": false}"
8a4a615afa0e3e8e13ff8eff56b4e354,youtube,UgyRCpd_xyWcyWtgNQt4AaABAg,"Sehat selalu ka, teruslah update ka, sangat membantu 🫶😭 makasih ya ka",sehat selalu ka teruslah update ka sangat membantu heart hands loudly crying face makasih ya ka,2026-07-15T00:00:00+00:00,@atinarachmatiaa6832,https://www.youtube.com/watch?v=3F8suSmXme4&lc=UgyRCpd_xyWcyWtgNQt4AaABAg,1,aplikasi fasih bps,tidak_relevan,,sapaan,indonesia,0.5,Sehat selalu ka,"Teks berisi sapaan dan ucapan terima kasih kepada kreator konten video, tidak berkaitan dengan Sensus Ekonomi 2026 atau aplikasi Fasih BPS.",gemma-4-12b-qat-unsloth-prompt-v2,"{""video_id"": ""3F8suSmXme4"", ""video_title"": ""|| EFFICIENT TREATMENT & USE FOR 1 HOUSE WITH 2 FAMILIES AND A BUSINESS ‼️ || DOOR-TO-DOOR OVERVI..."", ""channel"": ""Uzma Ulya"", ""parent"": ""root"", ""parent_text"": null, ""video_lang"": null, ""is_favorited"": true}"
427ee16d14797c6460dcd1be58bd6efa,youtube,UgyRCpd_xyWcyWtgNQt4AaABAg.AY9cKtcTF-aAY9iqSA_MVL,🫶🏻,heart hands light skin tone,2026-07-15T00:00:00+00:00,@uzmaulya7507,https://www.youtube.com/watch?v=3F8suSmXme4&lc=UgyRCpd_xyWcyWtgNQt4AaABAg.AY9cKtcTF-aAY9iqSA_MVL,0,aplikasi fasih bps,tidak_relevan,,sapaan,indonesia,0.5,🫶🏻,Teks hanya berupa emoji tanpa kaitan dengan Sensus Ekonomi 2026 atau aplikasi Fasih BPS.,gemma-4-12b-qat-unsloth-prompt-v2,"{""video_id"": ""3F8suSmXme4"", ""video_title"": ""|| EFFICIENT TREATMENT & USE FOR 1 HOUSE WITH 2 FAMILIES AND A BUSINESS ‼️ || DOOR-TO-DOOR OVERVI..."", ""channel"": ""Uzma Ulya"", ""parent"": ""UgyRCpd_xyWcyWtgNQt4AaABAg"", ""parent_text"": ""Sehat selalu ka, teruslah update ka, sangat membantu 🫶😭 makasih ya ka"", ""video_lang"": null, ""is_favorited"": false}"
262c6cc88a2e2058d8f9b7e3ec49ce0d,youtube,Ugx0SA9W8asfBsaK-Wl4AaABAg,"Mksh bnget penjelasannya lak, sangat membantu sekali",mksh bnget penjelasannya lak sangat membantu sekali,2026-07-15T00:00:00+00:00,@HafChannel-11,https://www.youtube.com/watch?v=3F8suSmXme4&lc=Ugx0SA9W8asfBsaK-Wl4AaABAg,1,aplikasi fasih bps,tidak_relevan,,opini,indonesia,1.0,"Mksh bnget penjelasannya lak, sangat membantu sekali",Teks berisi ucapan terima kasih atas penjelasan konten video YouTube dan tidak berkaitan dengan Sensus Ekonomi 2026 atau aplikasi Fasih BPS.,gemma-4-12b-qat-unsloth-prompt-v2,"{""video_id"": ""3F8suSmXme4"", ""video_title"": ""|| EFFICIENT TREATMENT & USE FOR 1 HOUSE WITH 2 FAMILIES AND A BUSINESS ‼️ || DOOR-TO-DOOR OVERVI..."", ""channel"": ""Uzma Ulya"", ""parent"": ""root"", ""parent_text"": null, ""video_lang"": null, ""is_favorited"": true}"
5b5bda9eaec67e331e29d2d30c5592d2,youtube,UgyaoxUKjBJ47h2DeGp4AaABAg,Mat pagi kak.. bisa tolong buatkan usaha puskesmas..,mat pagi kak bisa tolong buatkan usaha puskesmas,2026-07-15T00:00:00+00:00,@LindaRonsumbre-b4i,https://www.youtube.com/watch?v=3F8suSmXme4&lc=UgyaoxUKjBJ47h2DeGp4AaABAg,1,aplikasi fasih bps,tidak_relevan,,sapaan,indonesia,0.5,Mat pagi kak.. bisa tolong buatkan usaha puskesmas..,"Teks tidak membahas Sensus Ekonomi 2026 atau aplikasi Fasih BPS, melainkan permintaan pembuatan usaha.",gemma-4-12b-qat-unsloth-prompt-v2,"{""video_id"": ""3F8suSmXme4"", ""video_title"": ""|| EFFICIENT TREATMENT & USE FOR 1 HOUSE WITH 2 FAMILIES AND A BUSINESS ‼️ || DOOR-TO-DOOR OVERVI..."", ""channel"": ""Uzma Ulya"", ""parent"": ""root"", ""parent_text"": null, ""video_lang"": null, ""is_favorited"": true}"
396289d05e71a0a09be7924a82991889,youtube,UgzbrKchhkiqoz9GgtR4AaABAg.AXyfVbj0n2FAYCKEwslOri,"​ @uzmaulya7507 kak video yg punya sawah doang dan yg kerja di sawah orang . Sawah sendiri ada , bantu sawah kluarga juga adaa",kak video yang punya sawah saja dan yang kerja di sawah orang sawah sendiri ada bantu sawah kluarga juga adaa,2026-07-15T00:00:00+00:00,@AraAra-dd9lk,https://www.youtube.com/watch?v=3F8suSmXme4&lc=UgzbrKchhkiqoz9GgtR4AaABAg.AXyfVbj0n2FAYCKEwslOri,0,aplikasi fasih bps,tidak_relevan,,opini,indonesia,1.0,kak video yg punya sawah doang,Teks membahas tentang kepemilikan sawah dan tidak berkaitan dengan Sensus Ekonomi 2026 atau aplikasi Fasih BPS.,gemma-4-12b-qat-unsloth-prompt-v2,"{""video_id"": ""3F8suSmXme4"", ""video_title"": ""|| EFFICIENT TREATMENT & USE FOR 1 HOUSE WITH 2 FAMILIES AND A BUSINESS ‼️ || DOOR-TO-DOOR OVERVI..."", ""channel"": ""Uzma Ulya"", ""parent"": ""UgzbrKchhkiqoz9GgtR4AaABAg.AXyfVbj0n2FAXz9eV8gF1F"", ""parent_text"": ""semoga bermanfaat kaka"", ""video_lang"": null, ""is_favorited"": false}"
1d22b07078b0ad42a1c13d205d952477,youtube,UgyAp3F5QYqIpcBtrzt4AaABAg,Kak...contohkan untuk usaha sopir yang mempunyai muatan sendiri(jual beli bahan bangunan),kak contohkan untuk usaha sopir yang mempunyai muatan sendiri jual beli bahan bangunan,2026-07-15T00:00:00+00:00,@alfannurulhuda7277,https://www.youtube.com/watch?v=3F8suSmXme4&lc=UgyAp3F5QYqIpcBtrzt4AaABAg,1,aplikasi fasih bps,tidak_relevan,,pertanyaan,indonesia,1.0,contohkan untuk usaha sopir,Teks berisi pertanyaan tentang contoh usaha transportasi dan tidak berkaitan dengan Sensus Ekonomi 2026 atau aplikasi Fasih BPS.,gemma-4-12b-qat-unsloth-prompt-v2,"{""video_id"": ""3F8suSmXme4"", ""video_title"": ""|| EFFICIENT TREATMENT & USE FOR 1 HOUSE WITH 2 FAMILIES AND A BUSINESS ‼️ || DOOR-TO-DOOR OVERVI..."", ""channel"": ""Uzma Ulya"", ""parent"": ""root"", ""parent_text"": null, ""video_lang"": null, ""is_favorited"": true}"
ae4d095cc587432dc8f9ce806415b6b5,youtube,UgxHJF_mi3Dcq1mG49l4AaABAg,ka buatkan contoh untuk usaha di ruko ruko kakk,ka buatkan contoh untuk usaha di ruko ruko kakk,2026-07-15T00:00:00+00:00,@HapitaSabila,https://www.youtube.com/watch?v=3F8suSmXme4&lc=UgxHJF_mi3Dcq1mG49l4AaABAg,1,aplikasi fasih bps,tidak_relevan,,pertanyaan,indonesia,1.0,buatkan contoh untuk usaha di ruko ruko,Teks berisi permintaan contoh usaha di ruko dan tidak berkaitan dengan Sensus Ekonomi 2026 atau aplikasi Fasih BPS.,gemma-4-12b-qat-unsloth-prompt-v2,"{""video_id"": ""3F8suSmXme4"", ""video_title"": ""|| EFFICIENT TREATMENT & USE FOR 1 HOUSE WITH 2 FAMILIES AND A BUSINESS ‼️ || DOOR-TO-DOOR OVERVI..."", ""channel"": ""Uzma Ulya"", ""parent"": ""root"", ""parent_text"": null, ""video_lang"": null, ""is_favorited"": true}"
6b199c59f1fd44e3767b6f376cbcc93c,youtube,UgxkPp55vk6bUujB5Yt4AaABAg.AY-Qsqm88V8AYBDgVuadpI,Sama q jg dpt sklh 3,sama q juga dpt sklh 3,2026-07-15T00:00:00+00:00,@destinawati7424,https://www.youtube.com/watch?v=3F8suSmXme4&lc=UgxkPp55vk6bUujB5Yt4AaABAg.AY-Qsqm88V8AYBDgVuadpI,0,aplikasi fasih bps,tidak_relevan,,informasi,indonesia,1.0,Sama q jg dpt sklh 3,Teks membahas tentang sekolah dan tidak berkaitan dengan Sensus Ekonomi 2026 atau aplikasi Fasih BPS.,gemma-4-12b-qat-unsloth-prompt-v2,"{""video_id"": ""3F8suSmXme4"", ""video_title"": ""|| EFFICIENT TREATMENT & USE FOR 1 HOUSE WITH 2 FAMILIES AND A BUSINESS ‼️ || DOOR-TO-DOOR OVERVI..."", ""channel"": ""Uzma Ulya"", ""parent"": ""UgxkPp55vk6bUujB5Yt4AaABAg"", ""parent_text"": ""Ass.. Kak.. Tolong contohkan untuk sekolahan"", ""video_lang"": null, ""is_favorited"": false}"
eafbec2ef2fdacd928d9d4407f88add6,youtube,UgzIzj82oUjME7zmvC14AaABAg.AYSnXlceB8gAYStEqBOluB,bingung di rincian mana Kaka?,bingung di rincian mana kaka,2026-07-15T00:00:00+00:00,@uzmaulya7507,https://www.youtube.com/watch?v=3F8suSmXme4&lc=UgzIzj82oUjME7zmvC14AaABAg.AYSnXlceB8gAYStEqBOluB,0,aplikasi fasih bps,tidak_relevan,,pertanyaan,indonesia,1.0,bingung di rincian mana Kaka?,"Teks tidak membahas Sensus Ekonomi 2026, aplikasi Fasih BPS, atau petugas pendataan.",gemma-4-12b-qat-unsloth-prompt-v2,"{""video_id"": ""3F8suSmXme4"", ""video_title"": ""|| EFFICIENT TREATMENT & USE FOR 1 HOUSE WITH 2 FAMILIES AND A BUSINESS ‼️ || DOOR-TO-DOOR OVERVI..."", ""channel"": ""Uzma Ulya"", ""parent"": ""UgzIzj82oUjME7zmvC14AaABAg"", ""parent_text"": ""Mau tanya kk.. aku masih bingung nih cara pengisian kuesioner untuk 2 kk 1 bangunan"", ""video_lang"": null, ""is_favorited"": false}"
557553ec31dd28911dbec627c35d5919,youtube,UgyQYd-xcQHWks_UZbR4AaABAg.AYk1dIjBFduAZ4ntNMDTZv,masuk ka,masuk ka,2026-07-15T00:00:00+00:00,@uzmaulya7507,https://www.youtube.com/watch?v=3F8suSmXme4&lc=UgyQYd-xcQHWks_UZbR4AaABAg.AYk1dIjBFduAZ4ntNMDTZv,0,aplikasi fasih bps,tidak_relevan,,sapaan,indonesia,0.5,masuk ka,Teks merupakan sapaan atau penanda kehadiran yang tidak berkaitan dengan Sensus Ekonomi 2026 atau aplikasi Fasih BPS.,gemma-4-12b-qat-unsloth-prompt-v2,"{""video_id"": ""3F8suSmXme4"", ""video_title"": ""|| EFFICIENT TREATMENT & USE FOR 1 HOUSE WITH 2 FAMILIES AND A BUSINESS ‼️ || DOOR-TO-DOOR OVERVI..."", ""channel"": ""Uzma Ulya"", ""parent"": ""UgyQYd-xcQHWks_UZbR4AaABAg"", ""parent_text"": ""Mat pagi kak,, kalau puskesmas masuk usaha atau tidak. 🙏"", ""video_lang"": null, ""is_favorited"": false}"
8f2142918629f4933ef39297820f8b65,youtube,UgxAgXzuvtTveN56WEB4AaABAg.AYlJEBYaz2UAZ4ndM3LYZi,Alhamdulillah aman kak,alhamdulillah aman kak,2026-07-15T00:00:00+00:00,@duaputri1808,https://www.youtube.com/watch?v=3F8suSmXme4&lc=UgxAgXzuvtTveN56WEB4AaABAg.AYlJEBYaz2UAZ4ndM3LYZi,0,aplikasi fasih bps,tidak_relevan,,sapaan,indonesia,0.5,Alhamdulillah aman kak,Teks tidak membahas Sensus Ekonomi 2026 atau aplikasi Fasih BPS dan hanya berisi sapaan/konfirmasi umum.,gemma-4-12b-qat-unsloth-prompt-v2,"{""video_id"": ""3F8suSmXme4"", ""video_title"": ""|| EFFICIENT TREATMENT & USE FOR 1 HOUSE WITH 2 FAMILIES AND A BUSINESS ‼️ || DOOR-TO-DOOR OVERVI..."", ""channel"": ""Uzma Ulya"", ""parent"": ""UgxAgXzuvtTveN56WEB4AaABAg"", ""parent_text"": ""Malam kk.. mohon dibalas yaa\nBgm cara mengatasi kabupaten/kota yg tidak muncul di fasih \nTerimakasih"", ""video_lang"": null, ""is_favorited"": false}"
84b3cde72d06ac38ec449e2d1bcf6709,youtube,UgyeZ-NVj81WHgN400p4AaABAg.AY60v3CrZFqAY6f4KnAB3L,satu stikernya,satu stikernya,2026-07-15T00:00:00+00:00,@uzmaulya7507,https://www.youtube.com/watch?v=3F8suSmXme4&lc=UgyeZ-NVj81WHgN400p4AaABAg.AY60v3CrZFqAY6f4KnAB3L,0,aplikasi fasih bps,tidak_relevan,,sapaan,indonesia,0.5,satu stikernya,Teks tidak berkaitan dengan Sensus Ekonomi 2026 atau aplikasi Fasih BPS.,gemma-4-12b-qat-unsloth-prompt-v2,"{""video_id"": ""3F8suSmXme4"", ""video_title"": ""|| EFFICIENT TREATMENT & USE FOR 1 HOUSE WITH 2 FAMILIES AND A BUSINESS ‼️ || DOOR-TO-DOOR OVERVI..."", ""channel"": ""Uzma Ulya"", ""parent"": ""UgyeZ-NVj81WHgN400p4AaABAg"", ""parent_text"": ""Kalau ada 2 KK dalam 1 rumah, untuk penempelan striker gmn?"", ""video_lang"": null, ""is_favorited"": false}"
2e73a1f1ee23c8616c02043b99d688d0,youtube,UgxrDfNMHdeUxlSEY5h4AaABAg.AY8wGliVZ_iAY9_DJ4xlTL,galatnya kenapa,galatnya kenapa,2026-07-15T00:00:00+00:00,@uzmaulya7507,https://www.youtube.com/watch?v=3F8suSmXme4&lc=UgxrDfNMHdeUxlSEY5h4AaABAg.AY8wGliVZ_iAY9_DJ4xlTL,0,aplikasi fasih bps,tidak_relevan,,pertanyaan,indonesia,1.0,galatnya kenapa,"Teks tidak membahas Sensus Ekonomi 2026, aplikasi Fasih BPS, atau topik terkait lainnya.",gemma-4-12b-qat-unsloth-prompt-v2,"{""video_id"": ""3F8suSmXme4"", ""video_title"": ""|| EFFICIENT TREATMENT & USE FOR 1 HOUSE WITH 2 FAMILIES AND A BUSINESS ‼️ || DOOR-TO-DOOR OVERVI..."", ""channel"": ""Uzma Ulya"", ""parent"": ""UgxrDfNMHdeUxlSEY5h4AaABAg"", ""parent_text"": ""ibu itu kolomm yang 18.b jadi galatt ituuu gimana penyelesaian nya?"", ""video_lang"": null, ""is_favorited"": false}"
369f9ed4a5f1608d739e6f6b44476892,youtube,UgwSgUHnjeUiSzENeH94AaABAg,maaf ya teh..vidionya terlalu kepinggir jadi susah di liatnya,maaf ya teh vidionya terlalu kepinggir jadi sulit di liatnya,2026-07-15T00:00:00+00:00,@desmawatipiliang7314,https://www.youtube.com/watch?v=3F8suSmXme4&lc=UgwSgUHnjeUiSzENeH94AaABAg,1,aplikasi fasih bps,tidak_relevan,,opini,indonesia,1.0,vidionya terlalu kepinggir,Teks membahas kualitas visual video YouTube dan tidak berkaitan dengan Sensus Ekonomi 2026 atau aplikasi Fasih BPS.,gemma-4-12b-qat-unsloth-prompt-v2,"{""video_id"": ""3F8suSmXme4"", ""video_title"": ""|| EFFICIENT TREATMENT & USE FOR 1 HOUSE WITH 2 FAMILIES AND A BUSINESS ‼️ || DOOR-TO-DOOR OVERVI..."", ""channel"": ""Uzma Ulya"", ""parent"": ""root"", ""parent_text"": null, ""video_lang"": null, ""is_favorited"": true}"
8ffd332a7d1b12f03ae95a6e83919427,youtube,UgwSgUHnjeUiSzENeH94AaABAg.AY82cODyKNmAYMjTgBKEtq,mohon maaf,mohon maaf,2026-07-15T00:00:00+00:00,@uzmaulya7507,https://www.youtube.com/watch?v=3F8suSmXme4&lc=UgwSgUHnjeUiSzENeH94AaABAg.AY82cODyKNmAYMjTgBKEtq,0,aplikasi fasih bps,tidak_relevan,,sapaan,indonesia,0.5,mohon maaf,Teks merupakan ungkapan permohonan maaf yang tidak berkaitan dengan Sensus Ekonomi 2026 atau aplikasi Fasih BPS.,gemma-4-12b-qat-unsloth-prompt-v2,"{""video_id"": ""3F8suSmXme4"", ""video_title"": ""|| EFFICIENT TREATMENT & USE FOR 1 HOUSE WITH 2 FAMILIES AND A BUSINESS ‼️ || DOOR-TO-DOOR OVERVI..."", ""channel"": ""Uzma Ulya"", ""parent"": ""UgwSgUHnjeUiSzENeH94AaABAg"", ""parent_text"": ""maaf ya teh..vidionya terlalu kepinggir jadi susah di liatnya"", ""video_lang"": null, ""is_favorited"": false}"
989850da7022a709514af4991e4b996d,youtube,Ugzg5MwyvLHYgrIYqy94AaABAg,Kak kalau suami istri nikah siri dan kk nya beda gimana kk,kak kalau suami istri nikah siri dan kk nya beda bagaimana kk,2026-07-15T00:00:00+00:00,@FadeykaS,https://www.youtube.com/watch?v=3F8suSmXme4&lc=Ugzg5MwyvLHYgrIYqy94AaABAg,1,aplikasi fasih bps,tidak_relevan,,pertanyaan,indonesia,1.0,suami istri nikah siri dan kk nya beda gimana kk,"Teks membahas tentang status pernikahan dan KK, tidak berkaitan dengan Sensus Ekonomi 2026 atau aplikasi Fasih BPS.",gemma-4-12b-qat-unsloth-prompt-v2,"{""video_id"": ""3F8suSmXme4"", ""video_title"": ""|| EFFICIENT TREATMENT & USE FOR 1 HOUSE WITH 2 FAMILIES AND A BUSINESS ‼️ || DOOR-TO-DOOR OVERVI..."", ""channel"": ""Uzma Ulya"", ""parent"": ""root"", ""parent_text"": null, ""video_lang"": null, ""is_favorited"": true}"
608612f04e7b67646c856ebf1f9334e5,youtube,UgzeD3WMKiFg0zcVAMN4AaABAg.AYVIcJm5-jsAYVUfetAwHW,"iya ka, dengan nomor id/meteran yang sama",iya ka dengan nomor id meteran yang sama,2026-07-15T00:00:00+00:00,@uzmaulya7507,https://www.youtube.com/watch?v=3F8suSmXme4&lc=UgzeD3WMKiFg0zcVAMN4AaABAg.AYVIcJm5-jsAYVUfetAwHW,0,aplikasi fasih bps,tidak_relevan,,informasi,indonesia,1.0,nomor id/meteran yang sama,Teks membahas tentang nomor meteran listrik/air dan tidak berkaitan dengan Sensus Ekonomi 2026 atau aplikasi Fasih BPS.,gemma-4-12b-qat-unsloth-prompt-v2,"{""video_id"": ""3F8suSmXme4"", ""video_title"": ""|| EFFICIENT TREATMENT & USE FOR 1 HOUSE WITH 2 FAMILIES AND A BUSINESS ‼️ || DOOR-TO-DOOR OVERVI..."", ""channel"": ""Uzma Ulya"", ""parent"": ""UgzeD3WMKiFg0zcVAMN4AaABAg"", ""parent_text"": ""Yang di ibunya apakah perlu di isi juga nomor meteran listrik"", ""video_lang"": null, ""is_favorited"": false}"
d0c4e3c8eb9ca1bddc96ef694e48dedd,youtube,Ugz-9Y951UdwRqhFbGx4AaABAg.AY0wQSmKzVfAY8aPIKfgUf,iya betul saya juga butuh bu,iya betul saya juga butuh bu,2026-07-15T00:00:00+00:00,@kaduagungkarangkancana7404,https://www.youtube.com/watch?v=3F8suSmXme4&lc=Ugz-9Y951UdwRqhFbGx4AaABAg.AY0wQSmKzVfAY8aPIKfgUf,0,aplikasi fasih bps,tidak_relevan,,opini,indonesia,1.0,iya betul saya juga butuh bu,"Teks tidak membahas Sensus Ekonomi 2026, aplikasi Fasih BPS, atau topik terkait lainnya.",gemma-4-12b-qat-unsloth-prompt-v2,"{""video_id"": ""3F8suSmXme4"", ""video_title"": ""|| EFFICIENT TREATMENT & USE FOR 1 HOUSE WITH 2 FAMILIES AND A BUSINESS ‼️ || DOOR-TO-DOOR OVERVI..."", ""channel"": ""Uzma Ulya"", ""parent"": ""Ugz-9Y951UdwRqhFbGx4AaABAg"", ""parent_text"": ""kak tolong dibahas isian fasih yang buat PML"", ""video_lang"": null, ""is_favorited"": false}"
ca84fc19e610f1779d8957d4d15f5db0,youtube,UgwOFcBo26lBFlDKDwd4AaABAg,Cek 18b,cek 18b,2026-07-15T00:00:00+00:00,@youtubetukangkuliindramayu,https://www.youtube.com/watch?v=3F8suSmXme4&lc=UgwOFcBo26lBFlDKDwd4AaABAg,1,aplikasi fasih bps,tidak_relevan,,sapaan,indonesia,0.5,Cek 18b,Teks tidak berkaitan dengan Sensus Ekonomi 2026 atau aplikasi Fasih BPS.,gemma-4-12b-qat-unsloth-prompt-v2,"{""video_id"": ""3F8suSmXme4"", ""video_title"": ""|| EFFICIENT TREATMENT & USE FOR 1 HOUSE WITH 2 FAMILIES AND A BUSINESS ‼️ || DOOR-TO-DOOR OVERVI..."", ""channel"": ""Uzma Ulya"", ""parent"": ""root"", ""parent_text"": null, ""video_lang"": null, ""is_favorited"": true}"
0648846b467a597343d69668e78aca67,youtube,UgwXZ1aWDJ-O_HxwXSh4AaABAg,Kak itu buku apaa mau 😢😢😢,kak itu buku apaa mau crying face crying face crying face,2026-07-15T00:00:00+00:00,@AraAra-dd9lk,https://www.youtube.com/watch?v=3F8suSmXme4&lc=UgwXZ1aWDJ-O_HxwXSh4AaABAg,1,aplikasi fasih bps,tidak_relevan,,pertanyaan,indonesia,1.0,buku apaa,Teks menanyakan buku dalam video dan tidak berkaitan dengan Sensus Ekonomi 2026 atau aplikasi Fasih BPS.,gemma-4-12b-qat-unsloth-prompt-v2,"{""video_id"": ""3F8suSmXme4"", ""video_title"": ""|| EFFICIENT TREATMENT & USE FOR 1 HOUSE WITH 2 FAMILIES AND A BUSINESS ‼️ || DOOR-TO-DOOR OVERVI..."", ""channel"": ""Uzma Ulya"", ""parent"": ""root"", ""parent_text"": null, ""video_lang"": null, ""is_favorited"": true}"
6f76922aad39ffc121d1d473dbccbb0d,youtube,Ugz3YXTygTESyouEtRR4AaABAg.AYBgiFJSVheAYBgkcWjHHX,Daun pisang,daun pisang,2026-07-15T00:00:00+00:00,@nunukaja,https://www.youtube.com/watch?v=AHfpntSFSZc&lc=Ugz3YXTygTESyouEtRR4AaABAg.AYBgiFJSVheAYBgkcWjHHX,1,aplikasi fasih bps,tidak_relevan,,sapaan,indonesia,0.5,Daun pisang,Teks tidak mengandung informasi atau penilaian terkait Sensus Ekonomi 2026 atau aplikasi Fasih BPS.,gemma-4-12b-qat-unsloth-prompt-v2,"{""video_id"": ""AHfpntSFSZc"", ""video_title"": ""CHECK FASIH DATA CONSISTENCY‼️|| FOR PPL & PML || REJECT AND APPROVE ‼️SE2026"", ""channel"": ""Uzma Ulya"", ""parent"": ""Ugz3YXTygTESyouEtRR4AaABAg"", ""parent_text"": ""Bu maaf, tau ga kbli untuk daun posing"", ""video_lang"": null, ""is_favorited"": true}"
f205400d0591f7ac457e8ecf1fe7e5f4,youtube,UgwdMTqzXIwzdNUtjLN4AaABAg,"Maaf tanya Mbak,,,,,kbli buat tenda2 di pantai seperti glamping itu berapa ya mbak",maaf tanya mbak kbli untuk tenda tenda di pantai seperti glamping itu berapa ya mbak,2026-07-15T00:00:00+00:00,@HermanBoy87,https://www.youtube.com/watch?v=xhooR0uPb5c&lc=UgwdMTqzXIwzdNUtjLN4AaABAg,1,aplikasi fasih bps,tidak_relevan,,pertanyaan,indonesia,1.0,kbli buat tenda2 di pantai seperti glamping itu berapa ya,Teks menanyakan kode KBLI untuk usaha glamping dan tidak berkaitan dengan Sensus Ekonomi 2026 atau aplikasi Fasih BPS.,gemma-4-12b-qat-unsloth-prompt-v2,"{""video_id"": ""xhooR0uPb5c"", ""video_title"": ""|| DO THIS TO KEEP YOUR FASIH DATA SAFE ‼️ || HOW TO BACK UP DATA || HOW TO SAVE TEMPORARILY ||"", ""channel"": ""Uzma Ulya"", ""parent"": ""root"", ""parent_text"": null, ""video_lang"": null, ""is_favorited"": true}"
1fc3c95a732e432773460fece06c030d,youtube,UgwdMTqzXIwzdNUtjLN4AaABAg.AZ1Xy4HHzIBAZ1Ye2I-LaS,55209,55209,2026-07-15T00:00:00+00:00,@uzmaulya7507,https://www.youtube.com/watch?v=xhooR0uPb5c&lc=UgwdMTqzXIwzdNUtjLN4AaABAg.AZ1Xy4HHzIBAZ1Ye2I-LaS,1,aplikasi fasih bps,tidak_relevan,,sapaan,indonesia,0.5,55209,Teks hanya berisi deretan angka yang tidak mengandung informasi atau penilaian terkait Sensus Ekonomi 2026 atau aplikasi Fasih BPS.,gemma-4-12b-qat-unsloth-prompt-v2,"{""video_id"": ""xhooR0uPb5c"", ""video_title"": ""|| DO THIS TO KEEP YOUR FASIH DATA SAFE ‼️ || HOW TO BACK UP DATA || HOW TO SAVE TEMPORARILY ||"", ""channel"": ""Uzma Ulya"", ""parent"": ""UgwdMTqzXIwzdNUtjLN4AaABAg"", ""parent_text"": ""Maaf tanya Mbak,,,,,kbli buat tenda2 di pantai seperti glamping itu berapa ya mbak"", ""video_lang"": null, ""is_favorited"": false}"
a2a88f936ee326b4c11c996212676f3f,youtube,UgyqToN2uSpO-sVpnMN4AaABAg.AYbKA0wDbMzAYbNsq6SGa7,Masih begadang mbak😅,masih begadang mbak grinning face with sweat,2026-07-15T00:00:00+00:00,@yudiruswandi1772,https://www.youtube.com/watch?v=xhooR0uPb5c&lc=UgyqToN2uSpO-sVpnMN4AaABAg.AYbKA0wDbMzAYbNsq6SGa7,0,aplikasi fasih bps,tidak_relevan,,sapaan,indonesia,0.5,Masih begadang mbak,Teks hanya berisi sapaan atau komentar pribadi yang tidak berkaitan dengan Sensus Ekonomi 2026 atau aplikasi Fasih BPS.,gemma-4-12b-qat-unsloth-prompt-v2,"{""video_id"": ""xhooR0uPb5c"", ""video_title"": ""|| DO THIS TO KEEP YOUR FASIH DATA SAFE ‼️ || HOW TO BACK UP DATA || HOW TO SAVE TEMPORARILY ||"", ""channel"": ""Uzma Ulya"", ""parent"": ""UgyqToN2uSpO-sVpnMN4AaABAg"", ""parent_text"": ""Masih begadang..mana besok evaluasi satu kecamatan."", ""video_lang"": null, ""is_favorited"": false}"
7f8c9383b7e9fc5344c0a7abea3e749b,youtube,UgxZV7w95lLD3lk8NTp4AaABAg,Bahas sakernas agustus 2026 dong kak,bahas sakernas agustus 2026 dong kak,2026-07-15T00:00:00+00:00,@MuslichaNajia,https://www.youtube.com/watch?v=xhooR0uPb5c&lc=UgxZV7w95lLD3lk8NTp4AaABAg,1,aplikasi fasih bps,tidak_relevan,,pertanyaan,indonesia,1.0,Bahas sakernas agustus 2026 dong kak,Teks membahas program statistik lain (Sakernas) yang tidak termasuk dalam cakupan Sensus Ekonomi 2026 atau aplikasi Fasih BPS.,gemma-4-12b-qat-unsloth-prompt-v2,"{""video_id"": ""xhooR0uPb5c"", ""video_title"": ""|| DO THIS TO KEEP YOUR FASIH DATA SAFE ‼️ || HOW TO BACK UP DATA || HOW TO SAVE TEMPORARILY ||"", ""channel"": ""Uzma Ulya"", ""parent"": ""root"", ""parent_text"": null, ""video_lang"": null, ""is_favorited"": true}"
d43be82c39dfa4922f6e8d8b9f9ed338,youtube,UgxZV7w95lLD3lk8NTp4AaABAg.AYy6yCd43_eAZ1Yft10QRv,ikut sakernas kah ?,ikut sakernas kah,2026-07-15T00:00:00+00:00,@uzmaulya7507,https://www.youtube.com/watch?v=xhooR0uPb5c&lc=UgxZV7w95lLD3lk8NTp4AaABAg.AYy6yCd43_eAZ1Yft10QRv,0,aplikasi fasih bps,tidak_relevan,,pertanyaan,indonesia,1.0,ikut sakernas kah ?,Teks menanyakan tentang Sakernas yang bukan merupakan bagian dari Sensus Ekonomi 2026 atau aplikasi Fasih BPS.,gemma-4-12b-qat-unsloth-prompt-v2,"{""video_id"": ""xhooR0uPb5c"", ""video_title"": ""|| DO THIS TO KEEP YOUR FASIH DATA SAFE ‼️ || HOW TO BACK UP DATA || HOW TO SAVE TEMPORARILY ||"", ""channel"": ""Uzma Ulya"", ""parent"": ""UgxZV7w95lLD3lk8NTp4AaABAg"", ""parent_text"": ""Bahas sakernas agustus 2026 dong kak"", ""video_lang"": null, ""is_favorited"": false}"
29c1f1496ab7fedb860e27dc5fc87c2e,youtube,UgwmTcMUsMwhzDvC4h94AaABAg.AYapbCPM_UxAYarB5xHIhX,Bangunan campuran,bangunan campuran,2026-07-15T00:00:00+00:00,@SuryadiJava,https://www.youtube.com/watch?v=xhooR0uPb5c&lc=UgwmTcMUsMwhzDvC4h94AaABAg.AYapbCPM_UxAYarB5xHIhX,0,aplikasi fasih bps,tidak_relevan,,informasi,indonesia,1.0,Bangunan campuran,"Teks tidak membicarakan Sensus Ekonomi 2026, aplikasi Fasih BPS, atau topik terkait lainnya.",gemma-4-12b-qat-unsloth-prompt-v2,"{""video_id"": ""xhooR0uPb5c"", ""video_title"": ""|| DO THIS TO KEEP YOUR FASIH DATA SAFE ‼️ || HOW TO BACK UP DATA || HOW TO SAVE TEMPORARILY ||"", ""channel"": ""Uzma Ulya"", ""parent"": ""UgwmTcMUsMwhzDvC4h94AaABAg"", ""parent_text"": ""Mau bertanya,,, ini saya baru dapat,,, ada responden punya usaha jual sayur masak,,, jualnya tuh di teras rumah pake meja,,, mejanya ga di bongkar bongkar,,,, itu masuk BKU???"", ""video_lang"": null, ""is_favorited"": false}"
a40f8088ea225f8b870fbfca7f0951d0,youtube,Ugwe9GNU4WTn1r-1Gxd4AaABAg,Sah kan tuh aset koruptor jgn slalu rakyat yg jd korban.,sah kan tuh aset koruptor jgn slalu rakyat yang jd korban,2026-07-15T00:00:00+00:00,@usernaurr,https://www.youtube.com/watch?v=yrAE3dsPU24&lc=Ugwe9GNU4WTn1r-1Gxd4AaABAg,10,cara isi kuesioner sensus ekonomi,tidak_relevan,,opini,indonesia,1.0,aset koruptor jgn slalu rakyat yg jd korban,Teks membahas isu korupsi dan ketidakadilan sosial yang tidak berkaitan dengan Sensus Ekonomi 2026 atau aplikasi Fasih BPS.,gemma-4-12b-qat-unsloth-prompt-v2,"{""video_id"": ""yrAE3dsPU24"", ""video_title"": ""BERI BOCORAN❗ WARGA YANG SUDAH DI SURVEY SENSUS EKONOMI MEMBERIKAN INFO PERTANYAAN YANG AKAN DITANYA"", ""channel"": ""SJO TV INFORMASI"", ""parent"": ""root"", ""parent_text"": null, ""video_lang"": null, ""is_favorited"": false}"
dae57ca57a31061e3b3ff6eb777cf652,youtube,UgyaN_fhUj27mygdzDl4AaABAg,Di suruh bayar pajak untuk mengurangi beban hutang negara..jadi hutang negara di bebankan ke rakyat..DPR RI dan DPRD  sisa pajak bisa di bagi bagi..,di suruh bayar pajak untuk mengurangi beban hutang negara jadi hutang negara di bebankan ke rakyat dpr ri dan dprd sisa pajak bisa di bagi bagi,2026-07-15T00:00:00+00:00,@SriMulyani-du4nx,https://www.youtube.com/watch?v=yrAE3dsPU24&lc=UgyaN_fhUj27mygdzDl4AaABAg,11,cara isi kuesioner sensus ekonomi,tidak_relevan,,opini,indonesia,1.0,Di suruh bayar pajak untuk mengurangi beban hutang negara,"Teks membahas tentang pajak dan hutang negara secara umum, bukan mengenai Sensus Ekonomi 2026 atau aplikasi Fasih BPS.",gemma-4-12b-qat-unsloth-prompt-v2,"{""video_id"": ""yrAE3dsPU24"", ""video_title"": ""BERI BOCORAN❗ WARGA YANG SUDAH DI SURVEY SENSUS EKONOMI MEMBERIKAN INFO PERTANYAAN YANG AKAN DITANYA"", ""channel"": ""SJO TV INFORMASI"", ""parent"": ""root"", ""parent_text"": null, ""video_lang"": null, ""is_favorited"": false}"
00d61e4f8d484600a4c04cabc06f8dd4,youtube,UgyXOe08M2g80dLzmup4AaABAg,"Hanya ada satu kebijakan yg mensejahterakan rakyat, yaitu hapus Aturan Pajak dan berlakukan Aturan Zakat Fardhu. Zakat Fardhu masuk ke pemerintah sedangkan Zakat sunnah boleh langsung ke fakir miskin.",hanya ada satu kebijakan yang mensejahterakan rakyat yaitu hapus aturan pajak dan berlakukan aturan zakat fardhu zakat fardhu masuk ke pemerintah sedangkan zakat sunnah boleh langsung ke fakir miskin,2026-07-15T00:00:00+00:00,@wisnumardenda5871,https://www.youtube.com/watch?v=yrAE3dsPU24&lc=UgyXOe08M2g80dLzmup4AaABAg,0,cara isi kuesioner sensus ekonomi,tidak_relevan,,opini,indonesia,1.0,hapus Aturan Pajak dan berlakukan Aturan Zakat Fardhu,"Teks membahas kebijakan pajak dan zakat secara umum, tidak berkaitan dengan Sensus Ekonomi 2026 atau aplikasi Fasih BPS.",gemma-4-12b-qat-unsloth-prompt-v2,"{""video_id"": ""yrAE3dsPU24"", ""video_title"": ""BERI BOCORAN❗ WARGA YANG SUDAH DI SURVEY SENSUS EKONOMI MEMBERIKAN INFO PERTANYAAN YANG AKAN DITANYA"", ""channel"": ""SJO TV INFORMASI"", ""parent"": ""root"", ""parent_text"": null, ""video_lang"": null, ""is_favorited"": false}"
747e02053322e7ef2ef5f53f0d4e8a15,youtube,Ugx2q8fRRvKZDw038OJ4AaABAg,Kelas menengah mencret,kelas menengah mencret,2026-07-15T00:00:00+00:00,@AhmadRobany,https://www.youtube.com/watch?v=yrAE3dsPU24&lc=Ugx2q8fRRvKZDw038OJ4AaABAg,0,cara isi kuesioner sensus ekonomi,tidak_relevan,,opini,indonesia,1.0,Kelas menengah mencret,"Teks tidak membahas Sensus Ekonomi 2026, aplikasi Fasih BPS, atau hal terkait lainnya.",gemma-4-12b-qat-unsloth-prompt-v2,"{""video_id"": ""yrAE3dsPU24"", ""video_title"": ""BERI BOCORAN❗ WARGA YANG SUDAH DI SURVEY SENSUS EKONOMI MEMBERIKAN INFO PERTANYAAN YANG AKAN DITANYA"", ""channel"": ""SJO TV INFORMASI"", ""parent"": ""root"", ""parent_text"": null, ""video_lang"": null, ""is_favorited"": false}"
603494add62b7f7a2e4a6e07c5c1e3aa,youtube,UgyycDms_TF-3Ee_ObJ4AaABAg,Belum punya uang untuk,belum punya uang untuk,2026-07-15T00:00:00+00:00,@hasnahhasnah8027,https://www.youtube.com/watch?v=yrAE3dsPU24&lc=UgyycDms_TF-3Ee_ObJ4AaABAg,0,cara isi kuesioner sensus ekonomi,tidak_relevan,,opini,indonesia,1.0,Belum punya uang untuk,"Teks tidak membicarakan Sensus Ekonomi 2026, aplikasi Fasih BPS, atau hal terkait lainnya.",gemma-4-12b-qat-unsloth-prompt-v2,"{""video_id"": ""yrAE3dsPU24"", ""video_title"": ""BERI BOCORAN❗ WARGA YANG SUDAH DI SURVEY SENSUS EKONOMI MEMBERIKAN INFO PERTANYAAN YANG AKAN DITANYA"", ""channel"": ""SJO TV INFORMASI"", ""parent"": ""root"", ""parent_text"": null, ""video_lang"": null, ""is_favorited"": false}"
190648363e3aa9df0dcf0c0f1c74b12b,youtube,Ugxik1nY7d-xHAU3Svh4AaABAg.AYIbJ58HF4iAYJbhfT5_Yk,​ @Gjchannel123 sleman yogya sayankku,sleman yogya sayankku,2026-07-15T00:00:00+00:00,@risyatirisyati7026,https://www.youtube.com/watch?v=yrAE3dsPU24&lc=Ugxik1nY7d-xHAU3Svh4AaABAg.AYIbJ58HF4iAYJbhfT5_Yk,0,cara isi kuesioner sensus ekonomi,tidak_relevan,,sapaan,indonesia,0.5,sleman yogya sayankku,Teks hanya berisi sapaan dan lokasi tanpa membahas Sensus Ekonomi 2026 atau aplikasi Fasih BPS.,gemma-4-12b-qat-unsloth-prompt-v2,"{""video_id"": ""yrAE3dsPU24"", ""video_title"": ""BERI BOCORAN❗ WARGA YANG SUDAH DI SURVEY SENSUS EKONOMI MEMBERIKAN INFO PERTANYAAN YANG AKAN DITANYA"", ""channel"": ""SJO TV INFORMASI"", ""parent"": ""Ugxik1nY7d-xHAU3Svh4AaABAg.AYIbJ58HF4iAYJ_8r2cGcG"", ""parent_text"": ""daerah mana kak"", ""video_lang"": null, ""is_favorited"": false}"
61f9232013e864c8d6ad5177aefeb4fe,youtube,Ugy1Q3Ni47jaGZlYMmF4AaABAg,Anda harus percaya Indonesia yg di pimpin Wowo.percaya bakal hancur lebur,anda harus percaya indonesia yang di pimpin wowo percaya bakal hancur lebur,2026-07-15T00:00:00+00:00,@raufrauf9546,https://www.youtube.com/watch?v=6DJrebErRbc&lc=Ugy1Q3Ni47jaGZlYMmF4AaABAg,0,petugas sensus ekonomi 2026,tidak_relevan,,opini,indonesia,1.0,Anda harus percaya Indonesia yg di pimpin Wowo.percaya bakal hancur lebur,Teks berisi opini politik mengenai kepemimpinan negara dan tidak berkaitan dengan Sensus Ekonomi 2026 atau aplikasi Fasih BPS.,gemma-4-12b-qat-unsloth-prompt-v2,"{""video_id"": ""6DJrebErRbc"", ""video_title"": ""WARGA INDONESIA HEBOH‼️PETUGAS SENSUS EKONOMI DIMARAHI SAAT DITANYA GAJI : ENGGAK BOLEH, PRIVASI!"", ""channel"": ""Ahmad Hilmi Yusuf"", ""parent"": ""root"", ""parent_text"": null, ""video_lang"": null, ""is_favorited"": false}"
308217e8a8c5d1306df7be514c31eb99,youtube,Ugy9omeMGIfz6XKyYLB4AaABAg.AYcoD2IR_CTAYipRqDaOYq,"​ @novinovianti4502 kalo ngutak Ngatik jatah DPR udah pasti gak dikasih ijin itu MBGnya,makanya DPR pada diam berarti tidak mengusik jatah mereka",kalau ngutak ngatik jatah dpr sudah pasti tidak dikasih ijin itu mbgnya makanya dpr pada diam berarti tidak mengusik jatah mereka,2026-07-15T00:00:00+00:00,@boy-eh5lc,https://www.youtube.com/watch?v=IB7TTBQwHXk&lc=Ugy9omeMGIfz6XKyYLB4AaABAg.AYcoD2IR_CTAYipRqDaOYq,1,petugas sensus ekonomi 2026,tidak_relevan,,opini,indonesia,1.0,ngutak Ngatik jatah DPR,"Teks membahas tentang jatah DPR dan kebijakan MBG, tidak berkaitan dengan Sensus Ekonomi 2026 atau aplikasi Fasih BPS.",gemma-4-12b-qat-unsloth-prompt-v2,"{""video_id"": ""IB7TTBQwHXk"", ""video_title"": ""Sensus Ekonomi, Ditanya Apa Saja? | Liputan 6"", ""channel"": ""Liputan6"", ""parent"": ""Ugy9omeMGIfz6XKyYLB4AaABAg.AYcoD2IR_CTAYg8mU4s58k"", ""parent_text"": ""​ @boy-eh5lc  kenapa ga potong dari Gaji² anggota DPR aja,\nKan sebulan bisa 100 juta,blom lagi tunjangan yg lain 😢"", ""video_lang"": null, ""is_favorited"": false}"
7c5aa9f3b18440dccfa3728d5f1d5e93,youtube,UgyraeVNomNDaI7-6Qx4AaABAg.AYkJXC50dxQAYkhu4Q0-mj,Kalo sudah punya banyak uang banyak perusahaan y wajib bayar PBB kalo tidak mau ya menjadi saja rakyat miskin supaya dapat santunan dari negara,kalau sudah punya banyak uang banyak perusahaan y wajib bayar pbb kalau tidak mau ya menjadi saja rakyat miskin supaya dapat santunan dari negara,2026-07-15T00:00:00+00:00,@sikinwijaya9674,https://www.youtube.com/watch?v=Juyobu3K4hQ&lc=UgyraeVNomNDaI7-6Qx4AaABAg.AYkJXC50dxQAYkhu4Q0-mj,0,petugas sensus ekonomi 2026,tidak_relevan,,opini,indonesia,1.0,bayar PBB,"Teks membahas tentang pajak PBB dan bantuan sosial, bukan tentang Sensus Ekonomi 2026 atau aplikasi Fasih BPS.",gemma-4-12b-qat-unsloth-prompt-v2,"{""video_id"": ""Juyobu3K4hQ"", ""video_title"": ""Petugas Sensus Ekonomi Datang, Warga Perlu Tahu Ini | Fokus"", ""channel"": ""Fokus Indosiar"", ""parent"": ""UgyraeVNomNDaI7-6Qx4AaABAg"", ""parent_text"": ""Modus pemerintah adanya sensus penduduk mencari data penghasilan rakyat siap siap kelanjutan bisa di pajakin"", ""video_lang"": null, ""is_favorited"": false}"
4c324528161d3449e6154824548a42df,youtube,Ugzz7M6e9mUVqUMs7xF4AaABAg,"Pak presiden harus mendengar suara rakyat yg ingin mendapatkan bantuan dari pemerintah per KK , dan itu baru membuat rakyat bisa tersenyum jgn MBG dan koperasi merah putihh terus yg di anak emaskan ,❤❤❤❤❤",pak presiden harus mendengar suara rakyat yang ingin mendapatkan bantuan dari pemerintah per kk dan itu baru membuat rakyat bisa tersenyum jgn mbg dan koperasi merah putihh terus yang di anak emaskan red heart red heart red heart red heart red heart,2026-07-15T00:00:00+00:00,@ZulkarnaenLkjr-s6m,https://www.youtube.com/watch?v=Juyobu3K4hQ&lc=Ugzz7M6e9mUVqUMs7xF4AaABAg,2,petugas sensus ekonomi 2026,tidak_relevan,,opini,indonesia,1.0,Pak presiden harus mendengar suara rakyat yg ingin mendapatkan bantuan dari pemerintah per KK,"Teks membahas permintaan bantuan sosial dan kritik kebijakan pemerintah, bukan tentang Sensus Ekonomi 2026 atau aplikasi Fasih BPS.",gemma-4-12b-qat-unsloth-prompt-v2,"{""video_id"": ""Juyobu3K4hQ"", ""video_title"": ""Petugas Sensus Ekonomi Datang, Warga Perlu Tahu Ini | Fokus"", ""channel"": ""Fokus Indosiar"", ""parent"": ""root"", ""parent_text"": null, ""video_lang"": null, ""is_favorited"": false}"
fb04db287918cc4cf41be430ca26b7d2,youtube,Ugxw4G6qbJs3tPfqt8B4AaABAg,ini ular cobra tapi sudah jinak nggak papa di pegang . pegang2 nggak papa nggak akan menggigit . begitu terlena menggigit . paham ya,ini ular cobra tapi sudah jinak tidak papa di pegang pegang pegang tidak papa tidak akan menggigit begitu terlena menggigit paham ya,2026-07-15T00:00:00+00:00,@mayangsari7296,https://www.youtube.com/watch?v=Juyobu3K4hQ&lc=Ugxw4G6qbJs3tPfqt8B4AaABAg,1,petugas sensus ekonomi 2026,tidak_relevan,,opini,indonesia,1.0,ini ular cobra tapi sudah jinak,Teks membahas tentang ular dan tidak berkaitan dengan Sensus Ekonomi 2026 atau aplikasi Fasih BPS.,gemma-4-12b-qat-unsloth-prompt-v2,"{""video_id"": ""Juyobu3K4hQ"", ""video_title"": ""Petugas Sensus Ekonomi Datang, Warga Perlu Tahu Ini | Fokus"", ""channel"": ""Fokus Indosiar"", ""parent"": ""root"", ""parent_text"": null, ""video_lang"": null, ""is_favorited"": false}"
9dbc1bbd90a50de24ac096eca6fc501e,youtube,Ugy4VwPPPwQ2nhnxVsB4AaABAg,di negara RI 🇲🇨 banyak manusia Api neraka kekal suka rampok UANG manusia di negara Konoha Indonesia 🇲🇨 ini   !!!!!,di negara ri monaco banyak manusia api neraka kekal suka rampok uang manusia di negara konoha indonesia monaco ini,2026-07-15T00:00:00+00:00,@JolingChandra-b3l7f,https://www.youtube.com/watch?v=Juyobu3K4hQ&lc=Ugy4VwPPPwQ2nhnxVsB4AaABAg,0,petugas sensus ekonomi 2026,tidak_relevan,,opini,indonesia,1.0,banyak manusia Api neraka kekal suka rampok UANG,Teks berisi makian dan keluhan umum tentang kriminalitas yang tidak berkaitan dengan Sensus Ekonomi 2026 atau aplikasi Fasih BPS.,gemma-4-12b-qat-unsloth-prompt-v2,"{""video_id"": ""Juyobu3K4hQ"", ""video_title"": ""Petugas Sensus Ekonomi Datang, Warga Perlu Tahu Ini | Fokus"", ""channel"": ""Fokus Indosiar"", ""parent"": ""root"", ""parent_text"": null, ""video_lang"": null, ""is_favorited"": false}"
f7f5ae9fdd68eae71e6cf0e577cd883a,youtube,UgzBIJXTIUzgUzBTdeF4AaABAg.AYfqr4qJO9xAYfxBpkMoyK,Mang kalau ada utang mau dibayar pemerintah,mang kalau ada utang mau dibayar pemerintah,2026-07-15T00:00:00+00:00,@JenggoWinoto,https://www.youtube.com/watch?v=uK1TQpEl5m0&lc=UgzBIJXTIUzgUzBTdeF4AaABAg.AYfqr4qJO9xAYfxBpkMoyK,0,petugas sensus ekonomi 2026,tidak_relevan,,opini,indonesia,1.0,utang mau dibayar pemerintah,Teks membahas tentang utang pemerintah yang tidak berkaitan dengan Sensus Ekonomi 2026 atau aplikasi Fasih BPS.,gemma-4-12b-qat-unsloth-prompt-v2,"{""video_id"": ""uK1TQpEl5m0"", ""video_title"": ""Pentingnya Sensus Ekonomi, Untuk Petakan Ekonomi Masyarakat"", ""channel"": ""Bisniscom"", ""parent"": ""UgzBIJXTIUzgUzBTdeF4AaABAg"", ""parent_text"": ""Sensus ekonomi yg ditanyakan hy pekerjaan,  aset , usaha n penghasilan responden tp bgmna responden mendptkan modal usaha  n brp byk utang responden tdk ditanyakan pd hal  utk mendptkan modal n utang responden itu adlh bagian dr kegiatan ekonomi.😂😂😂"", ""video_lang"": null, ""is_favorited"": false}"
f6ebb65aa38fe1de5ba587dc6a16756c,youtube,UgwlPh82-uTn5r0sb0J4AaABAg,Saya lebih percaya gajah terbang dari pada omongan pejabat sekarang😂😂😂,saya lebih percaya gajah terbang dari pada omongan pejabat sekarang face with tears of joy face with tears of joy face with tears of joy,2026-07-15T00:00:00+00:00,@Iris_endava,https://www.youtube.com/watch?v=uK1TQpEl5m0&lc=UgwlPh82-uTn5r0sb0J4AaABAg,6,petugas sensus ekonomi 2026,tidak_relevan,,opini,indonesia,1.0,lebih percaya gajah terbang,Teks berisi kritik terhadap pejabat secara umum dan tidak berkaitan dengan Sensus Ekonomi 2026 atau aplikasi Fasih BPS.,gemma-4-12b-qat-unsloth-prompt-v2,"{""video_id"": ""uK1TQpEl5m0"", ""video_title"": ""Pentingnya Sensus Ekonomi, Untuk Petakan Ekonomi Masyarakat"", ""channel"": ""Bisniscom"", ""parent"": ""root"", ""parent_text"": null, ""video_lang"": null, ""is_favorited"": false}"
223991bed30c69f734b880703f92be98,youtube,UgzJgzQnmE8Itw-DeMh4AaABAg,Terrrrrr haaaaa ru 🤧🤧,terr haa ru sneezing face sneezing face,2026-07-15T00:00:00+00:00,@PAIJEM-z1c,https://www.youtube.com/watch?v=l6JHQ8bl98M&lc=UgzJgzQnmE8Itw-DeMh4AaABAg,0,@BPSStatistics,tidak_relevan,,sapaan,daerah,0.5,Terrrrrr haaaaa ru,Teks tidak mengandung informasi atau penilaian terkait Sensus Ekonomi 2026 atau aplikasi Fasih BPS.,gemma-4-12b-qat-unsloth-prompt-v2,"{""video_id"": ""l6JHQ8bl98M"", ""video_title"": ""[ICFF 2026] The Postponed (Postal Service to the Future) - BPS Ogan Komering Ulu Timur Regency"", ""channel"": ""BPS Statistics"", ""parent"": ""root"", ""parent_text"": null, ""video_lang"": null, ""is_favorited"": false}"
fd99b37216a7c90084538a8032aba2e4,youtube,Ugzp1CL_FohFntfeBrd4AaABAg,"Bagus ceritanya, memang begitulah zaman sekarang,orang tua akan khawatir anaknya tidak bisa apa apa karena sekarang sulit mencari kerja, jika tak memiliki  koneksi dan modal",bagus ceritanya memang begitulah zaman sekarang orang tua akan khawatir anaknya tidak bisa apa saja karena sekarang sulit mencari kerja jika tidak memiliki koneksi dan modal,2026-07-15T00:00:00+00:00,@netral_zzz,https://www.youtube.com/watch?v=l6JHQ8bl98M&lc=Ugzp1CL_FohFntfeBrd4AaABAg,0,@BPSStatistics,tidak_relevan,,opini,indonesia,1.0,"sulit mencari kerja, jika tak memiliki koneksi dan modal","Teks membahas tentang kesulitan mencari kerja dan modal secara umum, bukan tentang Sensus Ekonomi 2026 atau aplikasi Fasih BPS.",gemma-4-12b-qat-unsloth-prompt-v2,"{""video_id"": ""l6JHQ8bl98M"", ""video_title"": ""[ICFF 2026] The Postponed (Postal Service to the Future) - BPS Ogan Komering Ulu Timur Regency"", ""channel"": ""BPS Statistics"", ""parent"": ""root"", ""parent_text"": null, ""video_lang"": null, ""is_favorited"": false}"
38b1a54fb23dd513ba6df6c208dd5181,youtube,UgxXBF_ph5GJeIAmrmh4AaABAg,Cen cen,cen cen,2026-07-15T00:00:00+00:00,@useradj1232,https://www.youtube.com/watch?v=l6JHQ8bl98M&lc=UgxXBF_ph5GJeIAmrmh4AaABAg,0,@BPSStatistics,tidak_relevan,,sapaan,daerah,0.5,Cen cen,Teks merupakan sapaan dalam bahasa daerah yang tidak mengandung penilaian terhadap Sensus Ekonomi 2026 atau aplikasi Fasih BPS.,gemma-4-12b-qat-unsloth-prompt-v2,"{""video_id"": ""l6JHQ8bl98M"", ""video_title"": ""[ICFF 2026] The Postponed (Postal Service to the Future) - BPS Ogan Komering Ulu Timur Regency"", ""channel"": ""BPS Statistics"", ""parent"": ""root"", ""parent_text"": null, ""video_lang"": null, ""is_favorited"": false}"
e4649eb7bb92d31eabbb4f57738238bf,youtube,Ugx5skWYhXQgpMA3B8d4AaABAg,"Bener-bener dibikin gak bosen sama scene per scene dan jalan ceritanya. Musiknya juga keren bisa collab sama local band gitu. Sukses Tak Kasat Mata, to the top 3 and beyond✈️✈️",benar benar dibikin tidak bosen sama scene per scene dan jalan ceritanya musiknya juga keren bisa collab sama local band begitu sukses tidak kasat mata to the top 3 and beyond airplane airplane,2026-07-15T00:00:00+00:00,@funfannyyy,https://www.youtube.com/watch?v=ttA7j1H7tEw&lc=Ugx5skWYhXQgpMA3B8d4AaABAg,1,@BPSStatistics,tidak_relevan,,opini,indonesia,1.0,Bener-bener dibikin gak bosen sama scene per scene,Teks berisi pujian terhadap karya seni video (film pendek) dan bukan membahas Sensus Ekonomi 2026 atau aplikasi Fasih BPS.,gemma-4-12b-qat-unsloth-prompt-v2,"{""video_id"": ""ttA7j1H7tEw"", ""video_title"": ""[ICFF 2026] Invisible - BPS of South Kalimantan Province"", ""channel"": ""BPS Statistics"", ""parent"": ""root"", ""parent_text"": null, ""video_lang"": null, ""is_favorited"": false}"
15fb11d0a31aba321b5d20dc5e7fa91a,youtube,UgxtfsbJ9QyUWL0GkaR4AaABAg,Natural kaya gak akting keren ide ceritanya,natural kaya tidak akting keren ide ceritanya,2026-07-15T00:00:00+00:00,@yuriadiilmi7251,https://www.youtube.com/watch?v=ttA7j1H7tEw&lc=UgxtfsbJ9QyUWL0GkaR4AaABAg,0,@BPSStatistics,tidak_relevan,,opini,indonesia,1.0,Natural kaya gak akting keren ide ceritanya,"Teks berisi pujian terhadap akting dan cerita dalam sebuah video, tidak berkaitan dengan Sensus Ekonomi 2026 atau aplikasi Fasih BPS.",gemma-4-12b-qat-unsloth-prompt-v2,"{""video_id"": ""ttA7j1H7tEw"", ""video_title"": ""[ICFF 2026] Invisible - BPS of South Kalimantan Province"", ""channel"": ""BPS Statistics"", ""parent"": ""root"", ""parent_text"": null, ""video_lang"": null, ""is_favorited"": false}"
5dac0fee5a6253e33523185985699008,youtube,UgynDHBAg41bVHjUVSJ4AaABAg,Keren sekali alur ceritanya apalagi pemeran yang luar biasa ❤,keren sekali alur ceritanya apalagi pemeran yang luar biasa red heart,2026-07-15T00:00:00+00:00,@nurmayanti2006,https://www.youtube.com/watch?v=on2jHLGIza0&lc=UgynDHBAg41bVHjUVSJ4AaABAg,0,@BPSStatistics,tidak_relevan,,opini,indonesia,1.0,Keren sekali alur ceritanya,Teks berisi pujian terhadap konten video (film/cerita) dan tidak berkaitan dengan Sensus Ekonomi 2026 atau aplikasi Fasih BPS.,gemma-4-12b-qat-unsloth-prompt-v2,"{""video_id"": ""on2jHLGIza0"", ""video_title"": ""[ICFF 2026] Rannu, Hope - BPS Majene Regency"", ""channel"": ""BPS Statistics"", ""parent"": ""root"", ""parent_text"": null, ""video_lang"": null, ""is_favorited"": false}"
4530e467a761b1a17606df3ef5234994,youtube,UgxCY5fMLp1dPq4qhVh4AaABAg,The best rannu,the best rannu,2026-07-15T00:00:00+00:00,@srihartati68,https://www.youtube.com/watch?v=on2jHLGIza0&lc=UgxCY5fMLp1dPq4qhVh4AaABAg,0,@BPSStatistics,tidak_relevan,,opini,asing,1.0,The best rannu,"Teks tidak membahas Sensus Ekonomi 2026, aplikasi Fasih BPS, atau kegiatan petugas BPS.",gemma-4-12b-qat-unsloth-prompt-v2,"{""video_id"": ""on2jHLGIza0"", ""video_title"": ""[ICFF 2026] Rannu, Hope - BPS Majene Regency"", ""channel"": ""BPS Statistics"", ""parent"": ""root"", ""parent_text"": null, ""video_lang"": null, ""is_favorited"": false}"
409ff0e957e44e7d50eb817c03e67b1e,youtube,UgymT4huqpNqlcVhKEx4AaABAg.AYR32A89hRkAYRT1HHzpet,Pemainnya juga 😊,pemainnya juga smiling face with smiling eyes,2026-07-15T00:00:00+00:00,@diartikoni,https://www.youtube.com/watch?v=on2jHLGIza0&lc=UgymT4huqpNqlcVhKEx4AaABAg.AYR32A89hRkAYRT1HHzpet,0,@BPSStatistics,tidak_relevan,,opini,indonesia,1.0,Pemainnya juga 😊,Teks membahas tentang pemain dalam video dan tidak berkaitan dengan Sensus Ekonomi 2026 atau aplikasi Fasih BPS.,gemma-4-12b-qat-unsloth-prompt-v2,"{""video_id"": ""on2jHLGIza0"", ""video_title"": ""[ICFF 2026] Rannu, Hope - BPS Majene Regency"", ""channel"": ""BPS Statistics"", ""parent"": ""UgymT4huqpNqlcVhKEx4AaABAg"", ""parent_text"": ""Keren bgt penulis skrip nya🔥🔥🔥🔥"", ""video_lang"": null, ""is_favorited"": false}"
455dc1a36e4beefb742099b9c30c2a3a,youtube,Ugx00-bIAOobfh2qpvp4AaABAg,Pengen beli kopinya Seno buat bantu operasi katarak Mak e...sukses ya,pengen beli kopinya seno untuk bantu operasi katarak mak e sukses ya,2026-07-15T00:00:00+00:00,@hermantohermanto3500,https://www.youtube.com/watch?v=eX1csP5V4Kw&lc=Ugx00-bIAOobfh2qpvp4AaABAg,0,@BPSStatistics,tidak_relevan,,opini,indonesia,1.0,Pengen beli kopinya Seno buat bantu operasi katarak Mak e,Teks membahas tentang pembelian kopi dan urusan pribadi yang tidak berkaitan dengan Sensus Ekonomi 2026 atau aplikasi Fasih BPS.,gemma-4-12b-qat-unsloth-prompt-v2,"{""video_id"": ""eX1csP5V4Kw"", ""video_title"": ""[ICFF 2026] NAWASENA (Bringer of New Hope) - BPS East Java Province"", ""channel"": ""BPS Statistics"", ""parent"": ""root"", ""parent_text"": null, ""video_lang"": null, ""is_favorited"": false}"
f4dec0b7f6eb5dd6e0160c795426341f,youtube,UgxGWtV8ectpJaGjwlp4AaABAg,"Hidup memang serba sulit, jangankan untuk pendidikan tinggi, untuk hidup saja sulit. semoga kedepan  ada bantalan untuk masyarakat berpenghasilan rendah dan menengah.",hidup memang serba sulit jangankan untuk pendidikan tinggi untuk hidup saja sulit semoga kedepan ada bantalan untuk masyarakat berpenghasilan rendah dan menengah,2026-07-15T00:00:00+00:00,@-mohammadfarikhin,https://www.youtube.com/watch?v=eX1csP5V4Kw&lc=UgxGWtV8ectpJaGjwlp4AaABAg,0,@BPSStatistics,tidak_relevan,,opini,indonesia,1.0,Hidup memang serba sulit,"Teks membahas kesulitan hidup dan ekonomi secara umum, bukan tentang Sensus Ekonomi 2026 atau aplikasi Fasih BPS.",gemma-4-12b-qat-unsloth-prompt-v2,"{""video_id"": ""eX1csP5V4Kw"", ""video_title"": ""[ICFF 2026] NAWASENA (Bringer of New Hope) - BPS East Java Province"", ""channel"": ""BPS Statistics"", ""parent"": ""root"", ""parent_text"": null, ""video_lang"": null, ""is_favorited"": false}"
ffe7c252d2a5d4695bc9ce3c66af789e,youtube,UgwoLyyEYAQsuK58rRJ4AaABAg,Artis e keren keren,artis e keren keren,2026-07-15T00:00:00+00:00,@SalmaAliyaPutri,https://www.youtube.com/watch?v=eX1csP5V4Kw&lc=UgwoLyyEYAQsuK58rRJ4AaABAg,0,@BPSStatistics,tidak_relevan,,opini,indonesia,1.0,Artis e keren keren,Teks membahas tentang artis dan tidak berkaitan dengan Sensus Ekonomi 2026 atau aplikasi Fasih BPS.,gemma-4-12b-qat-unsloth-prompt-v2,"{""video_id"": ""eX1csP5V4Kw"", ""video_title"": ""[ICFF 2026] NAWASENA (Bringer of New Hope) - BPS East Java Province"", ""channel"": ""BPS Statistics"", ""parent"": ""root"", ""parent_text"": null, ""video_lang"": null, ""is_favorited"": false}"
cfc65af3576bc74b58f788972f847d31,youtube,UgwXRme3giqo7Uek4nV4AaABAg,😢😢aktingnya bagus bangettt😢😢mewek aku tuuuuu,crying face crying face aktingnya bagus bangettt crying face crying face mewek aku tuu,2026-07-15T00:00:00+00:00,@putrirachma4480,https://www.youtube.com/watch?v=eX1csP5V4Kw&lc=UgwXRme3giqo7Uek4nV4AaABAg,0,@BPSStatistics,tidak_relevan,,opini,indonesia,1.0,aktingnya bagus bangettt,Teks berisi pujian terhadap akting dalam video musik dan tidak berkaitan dengan Sensus Ekonomi 2026 atau aplikasi Fasih BPS.,gemma-4-12b-qat-unsloth-prompt-v2,"{""video_id"": ""eX1csP5V4Kw"", ""video_title"": ""[ICFF 2026] NAWASENA (Bringer of New Hope) - BPS East Java Province"", ""channel"": ""BPS Statistics"", ""parent"": ""root"", ""parent_text"": null, ""video_lang"": null, ""is_favorited"": false}"
15bc81e5c5bc74c12a21ebe3bc4197b2,youtube,UgwdCWOJSo_5GYhjamF4AaABAg,Essip. Semoga ibunya Seno cepat sembuh dan kembali normal wk wk wk wk,essip semoga ibunya seno cepat sembuh dan kembali normal wk wk wk wk,2026-07-15T00:00:00+00:00,@handoyowijoyo2699,https://www.youtube.com/watch?v=eX1csP5V4Kw&lc=UgwdCWOJSo_5GYhjamF4AaABAg,0,@BPSStatistics,tidak_relevan,,sapaan,indonesia,0.5,Essip. Semoga ibunya Seno cepat sembuh,Teks berisi ucapan doa pribadi dan tidak berkaitan dengan Sensus Ekonomi 2026 atau aplikasi Fasih BPS.,gemma-4-12b-qat-unsloth-prompt-v2,"{""video_id"": ""eX1csP5V4Kw"", ""video_title"": ""[ICFF 2026] NAWASENA (Bringer of New Hope) - BPS East Java Province"", ""channel"": ""BPS Statistics"", ""parent"": ""root"", ""parent_text"": null, ""video_lang"": null, ""is_favorited"": false}"
6dd4543211dea65bb14f85cbbb63186e,youtube,Ugw_fK__S3yERC03IHl4AaABAg,Ibu nya yg lagi sakit katarak... Bagus aktingnya..,ibu nya yang lagi sakit katarak bagus aktingnya,2026-07-15T00:00:00+00:00,@SalmaAliyaPutri,https://www.youtube.com/watch?v=eX1csP5V4Kw&lc=Ugw_fK__S3yERC03IHl4AaABAg,0,@BPSStatistics,tidak_relevan,,opini,indonesia,1.0,Ibu nya yg lagi sakit katarak... Bagus aktingnya..,Teks membahas tentang akting dan kesehatan seseorang yang tidak berkaitan dengan Sensus Ekonomi 2026 atau aplikasi Fasih BPS.,gemma-4-12b-qat-unsloth-prompt-v2,"{""video_id"": ""eX1csP5V4Kw"", ""video_title"": ""[ICFF 2026] NAWASENA (Bringer of New Hope) - BPS East Java Province"", ""channel"": ""BPS Statistics"", ""parent"": ""root"", ""parent_text"": null, ""video_lang"": null, ""is_favorited"": false}"
e972ffeeb222a22556bad10271b974f6,youtube,UgyQfcAdas94vA8outN4AaABAg,Pengarangnya hebat,pengarangnya hebat,2026-07-15T00:00:00+00:00,@Antimibos,https://www.youtube.com/watch?v=eX1csP5V4Kw&lc=UgyQfcAdas94vA8outN4AaABAg,0,@BPSStatistics,tidak_relevan,,opini,indonesia,1.0,Pengarangnya hebat,Teks memuji penulis karya seni/video dan tidak berkaitan dengan Sensus Ekonomi 2026 atau aplikasi Fasih BPS.,gemma-4-12b-qat-unsloth-prompt-v2,"{""video_id"": ""eX1csP5V4Kw"", ""video_title"": ""[ICFF 2026] NAWASENA (Bringer of New Hope) - BPS East Java Province"", ""channel"": ""BPS Statistics"", ""parent"": ""root"", ""parent_text"": null, ""video_lang"": null, ""is_favorited"": false}"
dd24e158899aca427663df2003b877b3,youtube,Ugz1ZcQaLbaFWTcHn_J4AaABAg,"Menuntun langkah rapuh, memeluk esok hari❤❤",menuntun langkah rapuh memeluk esok hari red heart red heart,2026-07-15T00:00:00+00:00,@yustinaambarsari6433,https://www.youtube.com/watch?v=QuA_xNHG8tA&lc=Ugz1ZcQaLbaFWTcHn_J4AaABAg,4,@BPSStatistics,tidak_relevan,,opini,indonesia,1.0,"Menuntun langkah rapuh, memeluk esok hari",Teks merupakan kutipan puitis yang tidak berkaitan dengan Sensus Ekonomi 2026 atau aplikasi Fasih BPS.,gemma-4-12b-qat-unsloth-prompt-v2,"{""video_id"": ""QuA_xNHG8tA"", ""video_title"": ""[ICFF 2026] Time - BPS Bangka Belitung Province"", ""channel"": ""BPS Statistics"", ""parent"": ""root"", ""parent_text"": null, ""video_lang"": null, ""is_favorited"": false}"
6f0500c71d6b78082de0fa3c20e2225c,youtube,UgzKlpJlEdJw0LEHHc54AaABAg,Musiknya best sih ini🎉🎉🎉,musiknya best sih ini party popper party popper party popper,2026-07-15T00:00:00+00:00,@sitiaj3651,https://www.youtube.com/watch?v=QuA_xNHG8tA&lc=UgzKlpJlEdJw0LEHHc54AaABAg,4,@BPSStatistics,tidak_relevan,,opini,indonesia,1.0,Musiknya best sih ini,Teks membahas musik dalam video dan tidak berkaitan dengan Sensus Ekonomi 2026 atau aplikasi Fasih BPS.,gemma-4-12b-qat-unsloth-prompt-v2,"{""video_id"": ""QuA_xNHG8tA"", ""video_title"": ""[ICFF 2026] Time - BPS Bangka Belitung Province"", ""channel"": ""BPS Statistics"", ""parent"": ""root"", ""parent_text"": null, ""video_lang"": null, ""is_favorited"": false}"
aaa3953d2fa8a84142d31a0dd1a3c9db,youtube,UgwXLGgtRBSj6-wpS-F4AaABAg,Teh Talua Pak Bakri Lamak Bana,teh talua pak bakri lamak bana,2026-07-15T00:00:00+00:00,@BagianUmumBPSProvinsiSumateraB,https://www.youtube.com/watch?v=UYbYzzGACLY&lc=UgwXLGgtRBSj6-wpS-F4AaABAg,0,@BPSStatistics,tidak_relevan,,sapaan,daerah,0.5,Teh Talua Pak Bakri Lamak Bana,Teks berisi pujian terhadap makanan dalam bahasa Minang dan tidak berkaitan dengan Sensus Ekonomi 2026 atau aplikasi Fasih BPS.,gemma-4-12b-qat-unsloth-prompt-v2,"{""video_id"": ""UYbYzzGACLY"", ""video_title"": ""[ICFF 2026] The Last Lenggek - BPS West Sumatra Province"", ""channel"": ""BPS Statistics"", ""parent"": ""root"", ""parent_text"": null, ""video_lang"": null, ""is_favorited"": false}"
a48a9892e607a49bc898ff0baf51d214,youtube,UgxcdIPdx7c_lJ5BR0t4AaABAg,Teh Talua sabana lamak 🤤,teh talua sabana lamak drooling face,2026-07-15T00:00:00+00:00,@alhidayat6340,https://www.youtube.com/watch?v=UYbYzzGACLY&lc=UgxcdIPdx7c_lJ5BR0t4AaABAg,1,@BPSStatistics,tidak_relevan,,opini,daerah,1.0,Teh Talua sabana lamak,Teks membahas tentang makanan tradisional (Teh Talua) dan tidak berkaitan dengan Sensus Ekonomi 2026 atau aplikasi Fasih BPS.,gemma-4-12b-qat-unsloth-prompt-v2,"{""video_id"": ""UYbYzzGACLY"", ""video_title"": ""[ICFF 2026] The Last Lenggek - BPS West Sumatra Province"", ""channel"": ""BPS Statistics"", ""parent"": ""root"", ""parent_text"": null, ""video_lang"": null, ""is_favorited"": false}"
9f08c90f0557a7acfb9914e7e74f60d5,youtube,Ugyw3nr9EIYaPsFgGRR4AaABAg,There's something about Minang films—they always hit different 🥲,there s something about minang films they always hit different smiling face with tear,2026-07-15T00:00:00+00:00,@BPSZoom,https://www.youtube.com/watch?v=UYbYzzGACLY&lc=Ugyw3nr9EIYaPsFgGRR4AaABAg,0,@BPSStatistics,tidak_relevan,,opini,asing,1.0,Minang films—they always hit different,Teks membahas tentang film Minang dan tidak berkaitan dengan Sensus Ekonomi 2026 atau aplikasi Fasih BPS.,gemma-4-12b-qat-unsloth-prompt-v2,"{""video_id"": ""UYbYzzGACLY"", ""video_title"": ""[ICFF 2026] The Last Lenggek - BPS West Sumatra Province"", ""channel"": ""BPS Statistics"", ""parent"": ""root"", ""parent_text"": null, ""video_lang"": null, ""is_favorited"": false}"
bacb2f479694246d28702da61331d824,youtube,Ugw6nna8mANJOrizmIp4AaABAg,"suka sangaik jo film minang, salalu manyentuh caritonyo, kental akan budayo",suka sangaik jo film minang salalu manyentuh caritonyo kental akan budayo,2026-07-15T00:00:00+00:00,@bpskabkolut,https://www.youtube.com/watch?v=UYbYzzGACLY&lc=Ugw6nna8mANJOrizmIp4AaABAg,0,@BPSStatistics,tidak_relevan,,opini,campur,1.0,suka sangaik jo film minang,"Teks membahas tentang film Minang dan budaya, tidak berkaitan dengan Sensus Ekonomi 2026 atau aplikasi Fasih BPS.",gemma-4-12b-qat-unsloth-prompt-v2,"{""video_id"": ""UYbYzzGACLY"", ""video_title"": ""[ICFF 2026] The Last Lenggek - BPS West Sumatra Province"", ""channel"": ""BPS Statistics"", ""parent"": ""root"", ""parent_text"": null, ""video_lang"": null, ""is_favorited"": false}"
8d8458e86bb7ead1e957d01e4593a5c1,youtube,Ugx3p4aMvX1Cnbazg5N4AaABAg,Teh Talua ciek da,teh talua ciek da,2026-07-15T00:00:00+00:00,@ekokurniawan5499,https://www.youtube.com/watch?v=UYbYzzGACLY&lc=Ugx3p4aMvX1Cnbazg5N4AaABAg,0,@BPSStatistics,tidak_relevan,,sapaan,daerah,0.5,Teh Talua ciek da,Teks merupakan ungkapan dalam bahasa daerah (Minang) yang tidak berkaitan dengan Sensus Ekonomi 2026 atau aplikasi Fasih BPS.,gemma-4-12b-qat-unsloth-prompt-v2,"{""video_id"": ""UYbYzzGACLY"", ""video_title"": ""[ICFF 2026] The Last Lenggek - BPS West Sumatra Province"", ""channel"": ""BPS Statistics"", ""parent"": ""root"", ""parent_text"": null, ""video_lang"": null, ""is_favorited"": false}"
7b914cc7a7d8f1135a1c3f529aeb7664,youtube,Ugx6zi_pS6SlELkRzwJ4AaABAg,Teh Talua mantap,teh talua mantap,2026-07-15T00:00:00+00:00,@aflizarlih,https://www.youtube.com/watch?v=UYbYzzGACLY&lc=Ugx6zi_pS6SlELkRzwJ4AaABAg,0,@BPSStatistics,tidak_relevan,,opini,indonesia,1.0,Teh Talua mantap,Teks membahas tentang makanan (Teh Talua) dan tidak berkaitan dengan Sensus Ekonomi 2026 atau aplikasi Fasih BPS.,gemma-4-12b-qat-unsloth-prompt-v2,"{""video_id"": ""UYbYzzGACLY"", ""video_title"": ""[ICFF 2026] The Last Lenggek - BPS West Sumatra Province"", ""channel"": ""BPS Statistics"", ""parent"": ""root"", ""parent_text"": null, ""video_lang"": null, ""is_favorited"": false}"
30eea923d49e5c321fe1dac24aa731b7,youtube,UgwWMYm1wjv0FqgJWPZ4AaABAg,jadi pengen cobain teh talua buatan fajri🥹🥹,jadi pengen cobain teh talua buatan fajri face holding back tears face holding back tears,2026-07-15T00:00:00+00:00,@rifkymaulanaputra5237,https://www.youtube.com/watch?v=UYbYzzGACLY&lc=UgwWMYm1wjv0FqgJWPZ4AaABAg,0,@BPSStatistics,tidak_relevan,,opini,indonesia,1.0,pengen cobain teh talua,Teks membahas tentang kuliner dan tidak berkaitan dengan Sensus Ekonomi 2026 atau aplikasi Fasih BPS.,gemma-4-12b-qat-unsloth-prompt-v2,"{""video_id"": ""UYbYzzGACLY"", ""video_title"": ""[ICFF 2026] The Last Lenggek - BPS West Sumatra Province"", ""channel"": ""BPS Statistics"", ""parent"": ""root"", ""parent_text"": null, ""video_lang"": null, ""is_favorited"": false}"
6d58e98cc18b2305aa2aec765480b3a4,youtube,UgzlxEAyune8ACyunhB4AaABAg,MINANG PRIDE ❤❤❤,minang pride red heart red heart red heart,2026-07-15T00:00:00+00:00,@raniaprianti6600,https://www.youtube.com/watch?v=UYbYzzGACLY&lc=UgzlxEAyune8ACyunhB4AaABAg,0,@BPSStatistics,tidak_relevan,,sapaan,campur,0.5,MINANG PRIDE,Teks merupakan ungkapan kebanggaan daerah dan tidak membahas Sensus Ekonomi 2026 atau aplikasi Fasih BPS.,gemma-4-12b-qat-unsloth-prompt-v2,"{""video_id"": ""UYbYzzGACLY"", ""video_title"": ""[ICFF 2026] The Last Lenggek - BPS West Sumatra Province"", ""channel"": ""BPS Statistics"", ""parent"": ""root"", ""parent_text"": null, ""video_lang"": null, ""is_favorited"": false}"
b4d2864fc1e9c91a9972334387588b44,youtube,UgyL4kJpDkTPPpBA4oZ4AaABAg,Puncaknya ketika bapaknya  tidak percaya kepada perkataan anaknya yang gagal di rantau 🎉,puncaknya ketika bapaknya tidak percaya kepada perkataan anaknya yang gagal di rantau party popper,2026-07-15T00:00:00+00:00,@Herman-hb8dc,https://www.youtube.com/watch?v=UYbYzzGACLY&lc=UgyL4kJpDkTPPpBA4oZ4AaABAg,0,@BPSStatistics,tidak_relevan,,opini,indonesia,1.0,bapaknya tidak percaya kepada perkataan anaknya,Teks berisi komentar terhadap konten video drama/hiburan dan tidak berkaitan dengan Sensus Ekonomi 2026 atau aplikasi Fasih BPS.,gemma-4-12b-qat-unsloth-prompt-v2,"{""video_id"": ""UYbYzzGACLY"", ""video_title"": ""[ICFF 2026] The Last Lenggek - BPS West Sumatra Province"", ""channel"": ""BPS Statistics"", ""parent"": ""root"", ""parent_text"": null, ""video_lang"": null, ""is_favorited"": false}"
ed4c1af93bd11f56aaabf4730b08ac34,youtube,UgykTUZEVtJDoGoiWbh4AaABAg,"Keren 1700, lemang tapi malam kamis di Bengkulu Selatan",keren 1700 lemang tapi malam kamis di bengkulu selatan,2026-07-15T00:00:00+00:00,@user45298,https://www.youtube.com/watch?v=v03_9Aodvtw&lc=UgykTUZEVtJDoGoiWbh4AaABAg,0,@BPSStatistics,tidak_relevan,,opini,indonesia,1.0,"Keren 1700, lemang tapi malam kamis di Bengkulu Selatan",Teks membahas tentang kuliner dan plesetan kata yang tidak berkaitan dengan Sensus Ekonomi 2026 atau aplikasi Fasih BPS.,gemma-4-12b-qat-unsloth-prompt-v2,"{""video_id"": ""v03_9Aodvtw"", ""video_title"": ""[ICFF 2026] Lemang Tapai - BPS Bengkulu Province"", ""channel"": ""BPS Statistics"", ""parent"": ""root"", ""parent_text"": null, ""video_lang"": null, ""is_favorited"": false}"
c699e443f93ad4046642f96f7e176729,youtube,UgzV9OAyOa6yae4Mh2N4AaABAg,camkoha 💥💫,camkoha collision dizzy,2026-07-15T00:00:00+00:00,@iwansyaputra9073,https://www.youtube.com/watch?v=v03_9Aodvtw&lc=UgzV9OAyOa6yae4Mh2N4AaABAg,0,@BPSStatistics,tidak_relevan,,sapaan,daerah,0.5,camkoha,Teks merupakan ungkapan dalam bahasa daerah (Bengkulu) yang tidak mengandung penilaian terhadap Sensus Ekonomi 2026 atau aplikasi Fasih BPS.,gemma-4-12b-qat-unsloth-prompt-v2,"{""video_id"": ""v03_9Aodvtw"", ""video_title"": ""[ICFF 2026] Lemang Tapai - BPS Bengkulu Province"", ""channel"": ""BPS Statistics"", ""parent"": ""root"", ""parent_text"": null, ""video_lang"": null, ""is_favorited"": false}"
5a0a421775dca7a6de23e1fd383d3145,youtube,Ugx2qGoJJQ3msqx6rWF4AaABAg,absolut bioskop,absolut bioskop,2026-07-15T00:00:00+00:00,@HumasBPSSumsel,https://www.youtube.com/watch?v=0rExuMgMNQU&lc=Ugx2qGoJJQ3msqx6rWF4AaABAg,3,@BPSStatistics,tidak_relevan,,opini,indonesia,1.0,absolut bioskop,"Teks tidak membicarakan Sensus Ekonomi 2026, aplikasi Fasih BPS, atau hal terkait lainnya.",gemma-4-12b-qat-unsloth-prompt-v2,"{""video_id"": ""0rExuMgMNQU"", ""video_title"": ""[ICFF 2026] Lines of Destiny - Statistics Indonesia (BPS) South Sumatra Province"", ""channel"": ""BPS Statistics"", ""parent"": ""root"", ""parent_text"": null, ""video_lang"": null, ""is_favorited"": false}"
b5e859432eee5e818683c6b27ce51deb,youtube,UgwGDF091sc67Yzp7d94AaABAg.AYN_r9jLIQfAYNpl_AZHsL,"Aamiin, semangat anak ibu sukses selalu",aamiin semangat anak ibu sukses selalu,2026-07-15T00:00:00+00:00,@bpsprovinsisumsel,https://www.youtube.com/watch?v=0rExuMgMNQU&lc=UgwGDF091sc67Yzp7d94AaABAg.AYN_r9jLIQfAYNpl_AZHsL,0,@BPSStatistics,tidak_relevan,,sapaan,indonesia,0.5,"Aamiin, semangat anak ibu sukses selalu",Teks merupakan doa/sapaan pribadi yang tidak berkaitan dengan Sensus Ekonomi 2026 atau aplikasi Fasih BPS.,gemma-4-12b-qat-unsloth-prompt-v2,"{""video_id"": ""0rExuMgMNQU"", ""video_title"": ""[ICFF 2026] Lines of Destiny - Statistics Indonesia (BPS) South Sumatra Province"", ""channel"": ""BPS Statistics"", ""parent"": ""UgwGDF091sc67Yzp7d94AaABAg"", ""parent_text"": ""MasyaAllah menyentuh skli alur ceritanya.. salah satunya pernah dialami anakku yg skrg lg bertugas mnjd prndata Sensus Ekonomi ada bbrp gelintir org yg blm familiar dgn Sensus ini mknya kata2 kasar dan penolakan terjd.. Alhamdulillah sampe saat ini ms semngat utk mndata dgn tekat Sukseskan Sensus Ekonomi 2026 in-sya Allah bisa.. Smg Allah meridhoi.. Aamiin Allahumma Aamiin❤❤❤"", ""video_lang"": null, ""is_favorited"": false}"
c08c531308d355ee74678865b683bf59,youtube,UgyOmJHCp8rLB90T56t4AaABAg,Bagus banget ini sinematografinya. Bersih. Plot ceritanya jg enak diikutin.,bagus sangat ini sinematografinya bersih plot ceritanya juga enak diikutin,2026-07-15T00:00:00+00:00,@j.rosadahlia3960,https://www.youtube.com/watch?v=0rExuMgMNQU&lc=UgyOmJHCp8rLB90T56t4AaABAg,4,@BPSStatistics,tidak_relevan,,opini,indonesia,1.0,Bagus banget ini sinematografinya,"Teks membahas kualitas sinematografi dan plot cerita video, bukan tentang Sensus Ekonomi 2026 atau aplikasi Fasih BPS.",gemma-4-12b-qat-unsloth-prompt-v2,"{""video_id"": ""0rExuMgMNQU"", ""video_title"": ""[ICFF 2026] Lines of Destiny - Statistics Indonesia (BPS) South Sumatra Province"", ""channel"": ""BPS Statistics"", ""parent"": ""root"", ""parent_text"": null, ""video_lang"": null, ""is_favorited"": false}"
f41dff553ef66890e7167573ebc9abd3,youtube,UgwP03Olx9GLcZm9NZR4AaABAg.AYJj3MmVQ3tAYNrU8fxHa1,abis ini bahas multiverse,abis ini bahas multiverse,2026-07-15T00:00:00+00:00,@bpsprovinsisumsel,https://www.youtube.com/watch?v=0rExuMgMNQU&lc=UgwP03Olx9GLcZm9NZR4AaABAg.AYJj3MmVQ3tAYNrU8fxHa1,0,@BPSStatistics,tidak_relevan,,opini,indonesia,1.0,abis ini bahas multiverse,Teks membahas topik fiksi/populer yang tidak berkaitan dengan Sensus Ekonomi 2026 atau aplikasi Fasih BPS.,gemma-4-12b-qat-unsloth-prompt-v2,"{""video_id"": ""0rExuMgMNQU"", ""video_title"": ""[ICFF 2026] Lines of Destiny - Statistics Indonesia (BPS) South Sumatra Province"", ""channel"": ""BPS Statistics"", ""parent"": ""UgwP03Olx9GLcZm9NZR4AaABAg"", ""parent_text"": ""BPS Sumsel Cinematic Universe 🔥"", ""video_lang"": null, ""is_favorited"": false}"
8f1ceeea57c72c17febebdafae695d96,youtube,UgxDiqJ8zzZNjZGkGQ14AaABAg.AYNcQTJ00JfAYNpsu4ZGL5,obsolut bioskop,obsolut bioskop,2026-07-15T00:00:00+00:00,@bpsprovinsisumsel,https://www.youtube.com/watch?v=0rExuMgMNQU&lc=UgxDiqJ8zzZNjZGkGQ14AaABAg.AYNcQTJ00JfAYNpsu4ZGL5,0,@BPSStatistics,tidak_relevan,,opini,campur,1.0,obsolut bioskop,"Teks tidak berkaitan dengan Sensus Ekonomi 2026, aplikasi Fasih BPS, atau petugas pendataan.",gemma-4-12b-qat-unsloth-prompt-v2,"{""video_id"": ""0rExuMgMNQU"", ""video_title"": ""[ICFF 2026] Lines of Destiny - Statistics Indonesia (BPS) South Sumatra Province"", ""channel"": ""BPS Statistics"", ""parent"": ""UgxDiqJ8zzZNjZGkGQ14AaABAg"", ""parent_text"": ""Serasa nonton film bioskop.. Menyala BPS Sumsel...🧡💫🔥"", ""video_lang"": null, ""is_favorited"": false}"
5bb51bf09056e3db8d2f7e4112a5ed68,youtube,UgyXZudC2vwQLkbSxQB4AaABAg.AYNcuzxO1R8AYNp2XMKx63,mungkin harus dibikinkan spinoff film tentang alex,mungkin harus dibikinkan spinoff film tentang alex,2026-07-15T00:00:00+00:00,@bpsprovinsisumsel,https://www.youtube.com/watch?v=0rExuMgMNQU&lc=UgyXZudC2vwQLkbSxQB4AaABAg.AYNcuzxO1R8AYNp2XMKx63,0,@BPSStatistics,tidak_relevan,,opini,indonesia,1.0,mungkin harus dibikinkan spinoff film tentang alex,Teks membahas konten hiburan (film) dan tidak berkaitan dengan Sensus Ekonomi 2026 atau aplikasi Fasih BPS.,gemma-4-12b-qat-unsloth-prompt-v2,"{""video_id"": ""0rExuMgMNQU"", ""video_title"": ""[ICFF 2026] Lines of Destiny - Statistics Indonesia (BPS) South Sumatra Province"", ""channel"": ""BPS Statistics"", ""parent"": ""UgyXZudC2vwQLkbSxQB4AaABAg"", ""parent_text"": ""Keren videonya. Penasaran dengan si Alex, ditolongin tapi ngacipke kawan...."", ""video_lang"": null, ""is_favorited"": false}"
92a54f4bc36e5f7569ec401546cf35a2,youtube,UgxqDgWUEROHD1ssUed4AaABAg,Beeeww,beeeww,2026-07-15T00:00:00+00:00,@kesumamarihan64,https://www.youtube.com/watch?v=0rExuMgMNQU&lc=UgxqDgWUEROHD1ssUed4AaABAg,1,@BPSStatistics,tidak_relevan,,sapaan,indonesia,0.5,Beeeww,Teks hanya berupa ekspresi atau suara tanpa makna yang berkaitan dengan Sensus Ekonomi 2026 atau aplikasi Fasih BPS.,gemma-4-12b-qat-unsloth-prompt-v2,"{""video_id"": ""0rExuMgMNQU"", ""video_title"": ""[ICFF 2026] Lines of Destiny - Statistics Indonesia (BPS) South Sumatra Province"", ""channel"": ""BPS Statistics"", ""parent"": ""root"", ""parent_text"": null, ""video_lang"": null, ""is_favorited"": false}"
d4f42ce02a940fe952d81d8f968dc18e,youtube,Ugy42oAuSZby92Wzsu94AaABAg,Mengandung bawang 😢,mengandung bawang crying face,2026-07-15T00:00:00+00:00,@diahnuri4830,https://www.youtube.com/watch?v=0rExuMgMNQU&lc=Ugy42oAuSZby92Wzsu94AaABAg,2,@BPSStatistics,tidak_relevan,,opini,indonesia,1.0,Mengandung bawang,"Teks tidak membicarakan Sensus Ekonomi 2026, aplikasi Fasih BPS, atau hal terkait lainnya.",gemma-4-12b-qat-unsloth-prompt-v2,"{""video_id"": ""0rExuMgMNQU"", ""video_title"": ""[ICFF 2026] Lines of Destiny - Statistics Indonesia (BPS) South Sumatra Province"", ""channel"": ""BPS Statistics"", ""parent"": ""root"", ""parent_text"": null, ""video_lang"": null, ""is_favorited"": false}"
bbbee95013c60115f0358b5ac9b3d00b,youtube,UgxqFmp97c3WgSLciVF4AaABAg,Alur cerita nya jelas... sinematografi nya ok banget.. pendalaman peran nya bagus...voice overnya keren😊,alur cerita nya jelas sinematografi nya ok sangat pendalaman peran nya bagus voice overnya keren smiling face with smiling eyes,2026-07-15T00:00:00+00:00,@distribusiplg9493,https://www.youtube.com/watch?v=0rExuMgMNQU&lc=UgxqFmp97c3WgSLciVF4AaABAg,3,@BPSStatistics,tidak_relevan,,opini,indonesia,1.0,Alur cerita nya jelas... sinematografi nya ok banget..,Teks berisi pujian terhadap kualitas produksi video (sinematografi/akting) dan bukan mengenai Sensus Ekonomi 2026 atau aplikasi Fasih BPS.,gemma-4-12b-qat-unsloth-prompt-v2,"{""video_id"": ""0rExuMgMNQU"", ""video_title"": ""[ICFF 2026] Lines of Destiny - Statistics Indonesia (BPS) South Sumatra Province"", ""channel"": ""BPS Statistics"", ""parent"": ""root"", ""parent_text"": null, ""video_lang"": null, ""is_favorited"": false}"
fd936a1092679072314bc0cf759c0dd5,youtube,UgzJXdwLtySAalReyVN4AaABAg,"Kita akuin, nizam orang bae",kita akuin nizam orang bae,2026-07-15T00:00:00+00:00,@ghn1340,https://www.youtube.com/watch?v=0rExuMgMNQU&lc=UgzJXdwLtySAalReyVN4AaABAg,2,@BPSStatistics,tidak_relevan,,opini,campur,1.0,nizam orang bae,Teks berisi pujian personal terhadap individu dan tidak berkaitan dengan Sensus Ekonomi 2026 atau aplikasi Fasih BPS.,gemma-4-12b-qat-unsloth-prompt-v2,"{""video_id"": ""0rExuMgMNQU"", ""video_title"": ""[ICFF 2026] Lines of Destiny - Statistics Indonesia (BPS) South Sumatra Province"", ""channel"": ""BPS Statistics"", ""parent"": ""root"", ""parent_text"": null, ""video_lang"": null, ""is_favorited"": false}"
74e2ddcefdeba3e4678db64b691fc2b4,youtube,UgwnQ5D6enkvN_OGma14AaABAg,Ka Choi keren jd aktor👍🏽,ka choi keren jd aktor thumbs up medium skin tone,2026-07-15T00:00:00+00:00,@iyanklesmana,https://www.youtube.com/watch?v=0rExuMgMNQU&lc=UgwnQ5D6enkvN_OGma14AaABAg,1,@BPSStatistics,tidak_relevan,,opini,indonesia,1.0,Ka Choi keren jd aktor,Teks membahas tentang aktor dan tidak berkaitan dengan Sensus Ekonomi 2026 atau aplikasi Fasih BPS.,gemma-4-12b-qat-unsloth-prompt-v2,"{""video_id"": ""0rExuMgMNQU"", ""video_title"": ""[ICFF 2026] Lines of Destiny - Statistics Indonesia (BPS) South Sumatra Province"", ""channel"": ""BPS Statistics"", ""parent"": ""root"", ""parent_text"": null, ""video_lang"": null, ""is_favorited"": false}"
cb32a5c6f7e09abd3beebfaf5acdb0b4,youtube,Ugzlb9pGLX08RNtRW6Z4AaABAg,"My fav, definitely the contender for the champ!!",my fav definitely the contender for the champ,2026-07-15T00:00:00+00:00,@didiqali5814,https://www.youtube.com/watch?v=ZYV9eSypF8M&lc=Ugzlb9pGLX08RNtRW6Z4AaABAg,0,@BPSStatistics,tidak_relevan,,opini,asing,1.0,"My fav, definitely the contender for the champ!!",Teks berisi pujian terhadap lagu/konten video namun tidak berkaitan dengan Sensus Ekonomi 2026 atau aplikasi Fasih BPS.,gemma-4-12b-qat-unsloth-prompt-v2,"{""video_id"": ""ZYV9eSypF8M"", ""video_title"": ""[ICFF 2026] Tomorrow - BPS of South Sulawesi Province"", ""channel"": ""BPS Statistics"", ""parent"": ""root"", ""parent_text"": null, ""video_lang"": null, ""is_favorited"": false}"
70c91df0c19702f8e53a9a42183dd016,youtube,UgxknrxWEVN1J6R7GSl4AaABAg,Arga mirip Alex Komang 🔥🔥🔥,arga mirip alex komang fire fire fire,2026-07-15T00:00:00+00:00,@ahmaddahlan8414,https://www.youtube.com/watch?v=ZYV9eSypF8M&lc=UgxknrxWEVN1J6R7GSl4AaABAg,0,@BPSStatistics,tidak_relevan,,opini,indonesia,1.0,Arga mirip Alex Komang,Teks membahas kemiripan fisik seseorang dan tidak berkaitan dengan Sensus Ekonomi 2026 atau aplikasi Fasih BPS.,gemma-4-12b-qat-unsloth-prompt-v2,"{""video_id"": ""ZYV9eSypF8M"", ""video_title"": ""[ICFF 2026] Tomorrow - BPS of South Sulawesi Province"", ""channel"": ""BPS Statistics"", ""parent"": ""root"", ""parent_text"": null, ""video_lang"": null, ""is_favorited"": false}"
e49e519f7701b96d713fc51689949285,youtube,UgwimOvnGH9zwGYdtG94AaABAg,"Aktornya menjiwai banged, Reza Arab, lewat ini mah",aktornya menjiwai banged reza arab lewat ini mah,2026-07-15T00:00:00+00:00,@SuhanderiLawyerBPS,https://www.youtube.com/watch?v=wzvsVnHMaM8&lc=UgwimOvnGH9zwGYdtG94AaABAg,0,@BPSStatistics,tidak_relevan,,opini,indonesia,1.0,Aktornya menjiwai banged,Teks membahas tentang akting aktor dalam sebuah video dan tidak berkaitan dengan Sensus Ekonomi 2026 atau aplikasi Fasih BPS.,gemma-4-12b-qat-unsloth-prompt-v2,"{""video_id"": ""wzvsVnHMaM8"", ""video_title"": ""[ICFF 2026] Angka yang Hilang - BPS Kabupaten Lebong"", ""channel"": ""BPS Statistics"", ""parent"": ""root"", ""parent_text"": null, ""video_lang"": null, ""is_favorited"": false}"
6ff0f0f184c461358d3b79619f0ce05d,youtube,UgyTlf0Y6PCJDIqhPT14AaABAg.AYLJd0ONc5fA_K-l835U0d,"tapi orang mikirnya pada gak sampe kesana malah dibilang orang gila wkwkwk,, padahal di file epstein kemarin udah terbuka sedikit,, dari MBG, Vaksin dll itu adalah total control manusia. Depopulasi, pemandulan, LGBT jg.",tapi orang mikirnya pada tidak sampe kesana malah dibilang orang gila wkwkwk padahal di file epstein kemarin sudah terbuka sedikit dari mbg vaksin dll itu adalah total control manusia depopulasi pemandulan lgbt juga,2026-08-15T00:00:00+00:00,@faishalalwi364,https://www.youtube.com/watch?v=7OK6he1rFAs&lc=UgyTlf0Y6PCJDIqhPT14AaABAg.AYLJd0ONc5fA_K-l835U0d,0,sensus ekonomi 2026 bps,tidak_relevan,,opini,indonesia,1.0,"Depopulasi, pemandulan, LGBT jg",Teks membahas teori konspirasi global dan tidak berkaitan dengan Sensus Ekonomi 2026 atau aplikasi Fasih BPS.,gemma-4-12b-qat-unsloth-prompt-v2,"{""video_id"": ""7OK6he1rFAs"", ""video_title"": ""The 2026 Economic Census Begins, Here's What BPS and the Government Are Looking For"", ""channel"": ""CNBC Indonesia"", ""parent"": ""UgyTlf0Y6PCJDIqhPT14AaABAg"", ""parent_text"": ""Perlahan tapi pasti benar terbukti apa yg di ucapkan Pak Dharma dan juga agenda Great Reset 2030. Menuju pengawasan total kontrol manusia dalam segala bidang, apalagi Luhut Binsar di Istana Negara sudah bicara mengenai Digital Single ID. Mudah\""an ratusan juta masyarakat Indonesia terbangun kesadarannya utk bersama\"" menolak terhadap agenda terselubung sekaligus berbahaya terhadap manusia."", ""video_lang"": null, ""is_favorited"": false}"
8f1d27e38dc1f4cdb423c6516c509ef9,youtube,UgyK13Vgf-42jMzlmA54AaABAg.AZJrVgDhfNDAZNDz2QKa3c,"​ @masturprd273  maklum pleciden gagal 3 x jd ruginya banyak, dan ingin ngembalikan modal dengan cuan dari mbg dan kopdes, 
Harusnya seorang jendral itu mengutamakan negara di atas kpentingan pribadi nya, nasionalis me nya harus tinggi, bukan jd penghianatisme,😂",maklum pleciden gagal 3 x jd ruginya banyak dan ingin ngembalikan modal dengan keuntungan dari mbg dan kopdes harusnya seorang jendral itu mengutamakan negara di atas kpentingan pribadi nya nasionalis me nya harus tinggi bukan jd penghianatisme face with tears of joy,2026-08-15T00:00:00+00:00,@MamasKaryokali-zby,https://www.youtube.com/watch?v=fe5XjT4okgg&lc=UgyK13Vgf-42jMzlmA54AaABAg.AZJrVgDhfNDAZNDz2QKa3c,5,sensus ekonomi 2026 bps,tidak_relevan,,opini,indonesia,1.0,mbag dan kopdes,"Teks membahas tentang korupsi, modal usaha, dan kritik terhadap oknum jenderal, bukan tentang Sensus Ekonomi 2026 atau aplikasi Fasih BPS.",gemma-4-12b-qat-unsloth-prompt-v2,"{""video_id"": ""fe5XjT4okgg"", ""video_title"": ""Sensus Ekonomi 2026 Tuai Pro Kontra, Bolehkah Warga Menolak Didata?"", ""channel"": ""Harian Kompas"", ""parent"": ""UgyK13Vgf-42jMzlmA54AaABAg.AZJrVgDhfNDAZMkZZP9Br8"", ""parent_text"": ""Tingkat kepercayaan & tingkat kepuasan rakyat & juga terhadap PLECIDEN PRABRORO & pemerintahannya rendah.\nCara mengelola anggaran yg buruk,korupsi meraja lela,pemberantasan korupsi yang mandul,penegakan hukum yang lemah,KKN semakin merajalela dan masih banyak lagi."", ""video_lang"": null, ""is_favorited"": false}"
583c8fc83c5b04d726d6ca2d3646ca0b,youtube,Ugwao-dGU6wXjYSgKod4AaABAg.AZJuDmFJ6g0AZTooBcEN73,"​ @untungsupriyadi2321 
JADI RT NIKMAT ADA HONORNYA DAN SUMBANGAN WARGA YANG MINTA STEMPEL RT",jadi rt nikmat ada honornya dan sumbangan warga yang minta stempel rt,2026-08-15T00:00:00+00:00,@SATRIOPININGIT-ml5qz,https://www.youtube.com/watch?v=fe5XjT4okgg&lc=Ugwao-dGU6wXjYSgKod4AaABAg.AZJuDmFJ6g0AZTooBcEN73,0,sensus ekonomi 2026 bps,tidak_relevan,,opini,indonesia,1.0,JADI RT NIKMAT ADA HONORNYA,"Teks membahas tentang keuntungan menjadi RT dan sumbangan warga, tidak berkaitan dengan Sensus Ekonomi 2026 atau aplikasi Fasih BPS.",gemma-4-12b-qat-unsloth-prompt-v2,"{""video_id"": ""fe5XjT4okgg"", ""video_title"": ""Sensus Ekonomi 2026 Tuai Pro Kontra, Bolehkah Warga Menolak Didata?"", ""channel"": ""Harian Kompas"", ""parent"": ""Ugwao-dGU6wXjYSgKod4AaABAg.AZJuDmFJ6g0AZRSv7n4aXw"", ""parent_text"": ""Jadi Rt saja dulu  biar tahu beban yg di pikul😅"", ""video_lang"": null, ""is_favorited"": false}"
33e8b08d4064b9b95ab71f30b0750454,youtube,UgxmRCSt0Vz4CVGwW8J4AaABAg.AZK-_tJqwxnAZTwzi4TxhW,@wannaknowhwo preeet,preeet,2026-08-15T00:00:00+00:00,@agoesnourman6953,https://www.youtube.com/watch?v=fe5XjT4okgg&lc=UgxmRCSt0Vz4CVGwW8J4AaABAg.AZK-_tJqwxnAZTwzi4TxhW,2,sensus ekonomi 2026 bps,tidak_relevan,,sapaan,indonesia,0.5,@wannaknowhwo preeet,Teks merupakan sapaan atau komentar acak yang tidak berkaitan dengan Sensus Ekonomi 2026 atau aplikasi Fasih BPS.,gemma-4-12b-qat-unsloth-prompt-v2,"{""video_id"": ""fe5XjT4okgg"", ""video_title"": ""Sensus Ekonomi 2026 Tuai Pro Kontra, Bolehkah Warga Menolak Didata?"", ""channel"": ""Harian Kompas"", ""parent"": ""UgxmRCSt0Vz4CVGwW8J4AaABAg.AZK-_tJqwxnAZSDIdBJC7P"", ""parent_text"": ""justru bodoh, gimana mau maju kalau gini aja di tolak.. jangankan pemerintah pihak luar negeri mau ngasih bantuan ekonomi ga bkalan sampek ke yg nolak karena ga terdata ekonomi dia.\n\nsensus, survei atau papaun bentukanya itu buat data bank. ga pemerintah sekarang pemerintah yg lu dukung di masa mendatang bakalan gunain data ini. kalau mereka nolak ga terdata jangankan bpjs yg menjadfi hak bantuan tunai pemeintah ga bakalan di terima."", ""video_lang"": null, ""is_favorited"": false}"
f2990d26692fe33eb18f869ebf727022,youtube,UgxmRCSt0Vz4CVGwW8J4AaABAg.AZK-_tJqwxnA_-9IB4uA0P,​ @wannaknowhwo   buzzer pemerrintah tim sukses presiden kalah. Orang pejabat suka korup aja gak berani di samperin atau di syuting saya berani taruhan 😂🤣,buzzer pemerrintah tim sukses presiden kalah orang pejabat suka korup saja tidak berani di samperin atau di syuting saya berani taruhan face with tears of joy rolling on the floor laughing,2026-08-15T00:00:00+00:00,@zenafiv6670,https://www.youtube.com/watch?v=fe5XjT4okgg&lc=UgxmRCSt0Vz4CVGwW8J4AaABAg.AZK-_tJqwxnA_-9IB4uA0P,1,sensus ekonomi 2026 bps,tidak_relevan,,opini,indonesia,1.0,buzzer pemerrintah tim sukses presiden kalah,"Teks membahas tentang politik dan buzzer, tidak berkaitan dengan Sensus Ekonomi 2026 atau aplikasi Fasih BPS.",gemma-4-12b-qat-unsloth-prompt-v2,"{""video_id"": ""fe5XjT4okgg"", ""video_title"": ""Sensus Ekonomi 2026 Tuai Pro Kontra, Bolehkah Warga Menolak Didata?"", ""channel"": ""Harian Kompas"", ""parent"": ""UgxmRCSt0Vz4CVGwW8J4AaABAg.AZK-_tJqwxnAZSDIdBJC7P"", ""parent_text"": ""justru bodoh, gimana mau maju kalau gini aja di tolak.. jangankan pemerintah pihak luar negeri mau ngasih bantuan ekonomi ga bkalan sampek ke yg nolak karena ga terdata ekonomi dia.\n\nsensus, survei atau papaun bentukanya itu buat data bank. ga pemerintah sekarang pemerintah yg lu dukung di masa mendatang bakalan gunain data ini. kalau mereka nolak ga terdata jangankan bpjs yg menjadfi hak bantuan tunai pemeintah ga bakalan di terima."", ""video_lang"": null, ""is_favorited"": false}"
cc705ec3c5b68df621505dc248ffd3e2,youtube,UgxwwJSfCE1aIXMJCLh4AaABAg.AZKEo2_UDfqAZMq-LHlZw_,"Ngaca!!! Rakyatnya aja banyak yg korup. Truk sembako ngeguling supirnya kejepit bukannya ditolongin malah dijarah tuh sama warga. Besi2 pagar yg dibangun pake duit pajak dimalingin. Pas dijalan suka lawan arah, terobos lampu merah, alhasil nyelakain orang",ngaca rakyatnya saja banyak yang korup truk sembako ngeguling supirnya kejepit bukannya ditolongin malah dijarah tuh sama warga besi besi pagar yang dibangun pakai uang pajak dimalingin pas dijalan suka lawan arah terobos lampu merah alhasil nyelakain orang,2026-08-15T00:00:00+00:00,@magnificentseven48,https://www.youtube.com/watch?v=fe5XjT4okgg&lc=UgxwwJSfCE1aIXMJCLh4AaABAg.AZKEo2_UDfqAZMq-LHlZw_,0,sensus ekonomi 2026 bps,tidak_relevan,,opini,indonesia,1.0,Rakyatnya aja banyak yg korup,"Teks membahas tentang korupsi dan perilaku masyarakat secara umum, bukan tentang Sensus Ekonomi 2026 atau aplikasi Fasih BPS.",gemma-4-12b-qat-unsloth-prompt-v2,"{""video_id"": ""fe5XjT4okgg"", ""video_title"": ""Sensus Ekonomi 2026 Tuai Pro Kontra, Bolehkah Warga Menolak Didata?"", ""channel"": ""Harian Kompas"", ""parent"": ""UgxwwJSfCE1aIXMJCLh4AaABAg"", ""parent_text"": ""Janji gak di bocorin,. Lha wong pejabat aja sudah di sumpah, lha masih korupsi, MN ada lagi yang bisa di percaya"", ""video_lang"": null, ""is_favorited"": false}"
ca38d86dcf21b2865fb7f249efa843d2,youtube,Ugy9BNHoVgIrjqSssNV4AaABAg,SAHKAN UU PERAMPASAN ASET KORUPTOR!!!,sahkan uu perampasan aset koruptor,2026-08-15T00:00:00+00:00,@Pengabdi_SETAN_MuLyono,https://www.youtube.com/watch?v=fe5XjT4okgg&lc=Ugy9BNHoVgIrjqSssNV4AaABAg,25,sensus ekonomi 2026 bps,tidak_relevan,,opini,indonesia,1.0,SAHKAN UU PERAMPASAN ASET KORUPTOR!!!,Teks membahas tentang undang-undang perampasan aset dan tidak berkaitan dengan Sensus Ekonomi 2026 atau aplikasi Fasih BPS.,gemma-4-12b-qat-unsloth-prompt-v2,"{""video_id"": ""fe5XjT4okgg"", ""video_title"": ""Sensus Ekonomi 2026 Tuai Pro Kontra, Bolehkah Warga Menolak Didata?"", ""channel"": ""Harian Kompas"", ""parent"": ""root"", ""parent_text"": null, ""video_lang"": null, ""is_favorited"": false}"
fb7770c4941842a828cfa6f75395664e,youtube,UgzPCS8xCS5YOD5DuPh4AaABAg,"Kalo mau sejahterakan rakyat, hapus pajak, turunkan hrga BBM, bubarkan DPr, itu yg utama",kalau mau sejahterakan rakyat hapus pajak turunkan hrga bbm bubarkan dpr itu yang utama,2026-08-15T00:00:00+00:00,@yasminannisa3120,https://www.youtube.com/watch?v=fe5XjT4okgg&lc=UgzPCS8xCS5YOD5DuPh4AaABAg,2,sensus ekonomi 2026 bps,tidak_relevan,,opini,indonesia,1.0,"hapus pajak, turunkan hrga BBM, bubarkan Dpr","Teks membahas kebijakan ekonomi makro dan politik secara umum, bukan tentang Sensus Ekonomi 2026 atau aplikasi Fasih BPS.",gemma-4-12b-qat-unsloth-prompt-v2,"{""video_id"": ""fe5XjT4okgg"", ""video_title"": ""Sensus Ekonomi 2026 Tuai Pro Kontra, Bolehkah Warga Menolak Didata?"", ""channel"": ""Harian Kompas"", ""parent"": ""root"", ""parent_text"": null, ""video_lang"": null, ""is_favorited"": false}"
5ecebfed96586bf68c4affbc19fc1b7f,youtube,UgyUp-X85l7PiZTIUqR4AaABAg,"Yang miskin itu bukan rakyat  , melainkan sistem yang tidak membiarkan orang boleh bekerja",yang miskin itu bukan rakyat melainkan sistem yang tidak membiarkan orang boleh bekerja,2026-08-15T00:00:00+00:00,@amienbrrnthrhswirawan7776,https://www.youtube.com/watch?v=fe5XjT4okgg&lc=UgyUp-X85l7PiZTIUqR4AaABAg,1,sensus ekonomi 2026 bps,tidak_relevan,,opini,indonesia,1.0,"Yang miskin itu bukan rakyat , melainkan sistem yang tidak membiarkan orang boleh bekerja",Teks membahas kritik terhadap sistem ekonomi/sosial secara umum dan tidak berkaitan dengan Sensus Ekonomi 2026 atau aplikasi Fasih BPS.,gemma-4-12b-qat-unsloth-prompt-v2,"{""video_id"": ""fe5XjT4okgg"", ""video_title"": ""Sensus Ekonomi 2026 Tuai Pro Kontra, Bolehkah Warga Menolak Didata?"", ""channel"": ""Harian Kompas"", ""parent"": ""root"", ""parent_text"": null, ""video_lang"": null, ""is_favorited"": false}"
4b54be18378662fc5b1b3a24fd19cbe4,youtube,UgymKgvzMZgJzLl3y0Z4AaABAg,Pilah dunia tetap berbakti jgn banga hadia yg jaga jgn saling mencederai,pilah dunia tetap berbakti jgn banga hadia yang jaga jgn saling mencederai,2026-08-15T00:00:00+00:00,@jailanimakasihdoanyasemuan2337,https://www.youtube.com/watch?v=fe5XjT4okgg&lc=UgymKgvzMZgJzLl3y0Z4AaABAg,0,sensus ekonomi 2026 bps,tidak_relevan,,opini,indonesia,1.0,Pilah dunia tetap berbakti jgn banga hadia yg jaga jgn saling mencederai,Teks berisi kata-kata puitis atau motivasi yang tidak berkaitan dengan Sensus Ekonomi 2026 atau aplikasi Fasih BPS.,gemma-4-12b-qat-unsloth-prompt-v2,"{""video_id"": ""fe5XjT4okgg"", ""video_title"": ""Sensus Ekonomi 2026 Tuai Pro Kontra, Bolehkah Warga Menolak Didata?"", ""channel"": ""Harian Kompas"", ""parent"": ""root"", ""parent_text"": null, ""video_lang"": null, ""is_favorited"": false}"
fb0f06ee9f4290e08ea28cb6469c75e4,youtube,Ugw_yyR4ZRAfT73CFD94AaABAg,Itai batena habibi Dena kacalah,itai batena habibi dena kacalah,2026-08-15T00:00:00+00:00,@jailanimakasihdoanyasemuan2337,https://www.youtube.com/watch?v=fe5XjT4okgg&lc=Ugw_yyR4ZRAfT73CFD94AaABAg,2,sensus ekonomi 2026 bps,tidak_relevan,,sapaan,daerah,0.5,Itai batena habibi Dena kacalah,Teks menggunakan bahasa daerah yang tidak berkaitan dengan topik Sensus Ekonomi 2026 atau aplikasi Fasih BPS.,gemma-4-12b-qat-unsloth-prompt-v2,"{""video_id"": ""fe5XjT4okgg"", ""video_title"": ""Sensus Ekonomi 2026 Tuai Pro Kontra, Bolehkah Warga Menolak Didata?"", ""channel"": ""Harian Kompas"", ""parent"": ""root"", ""parent_text"": null, ""video_lang"": null, ""is_favorited"": false}"
b360cdcd1419462774375dbf9d83d131,youtube,Ugy_3NThWYS-Q758rv94AaABAg.AZlSAz-ELtCAZlbQmF5rz6,"stop pajak.. paling hanya pajak kendaraan aja yang anda bisa tidak bayar, Lalu bagaimana dengan pajak2 yg lainnya? Semua lini sudah di pajakin bro.. Kalo mau gak ada pajak, ya harus dihancurkan dulu sistem nya.. Turunkan semua Presiden, Wapres, Menteri2, DPR, DPRD, DPD dan pejabat2 lainnya nya.. hukum mati semua yg koruptor, lalu ganti yg bener2 pro rakyat dan selalu memperhatikan rakyat..",stop pajak paling hanya pajak kendaraan saja yang anda bisa tidak bayar lalu bagaimana dengan pajak pajak yang lainnya semua lini sudah di pajakin bro kalau mau tidak ada pajak ya harus dihancurkan dulu sistem nya turunkan semua presiden wapres menteri menteri dpr dprd dpd dan pejabat pejabat lainnya nya hukum mati semua yang koruptor lalu ganti yang benar benar pro rakyat dan selalu memperhatikan rakyat,2026-08-15T00:00:00+00:00,@anekaVD,https://www.youtube.com/watch?v=bPrRLcmXWAo&lc=Ugy_3NThWYS-Q758rv94AaABAg.AZlSAz-ELtCAZlbQmF5rz6,4,sensus ekonomi 2026 bps,tidak_relevan,,opini,indonesia,1.0,stop pajak.. paling hanya pajak kendaraan aja,Teks membahas tentang protes pajak dan kritik politik yang tidak berkaitan dengan Sensus Ekonomi 2026 atau aplikasi Fasih BPS.,gemma-4-12b-qat-unsloth-prompt-v2,"{""video_id"": ""bPrRLcmXWAo"", ""video_title"": ""Ragu dengan Sensus Ekonomi? Ini Kata Kepala BPS | TO THE POINT AJA"", ""channel"": ""SINDOnews"", ""parent"": ""Ugy_3NThWYS-Q758rv94AaABAg"", ""parent_text"": ""Sensus ekonomi hanya akan mengakibatkan kenaikan pajak, tapi bagaimana jika rakyat jaman now sudah mulai pinter menyikapinya dengan cara #stop_pajak. Percuma saja taat pajak jika cuma buat kasih keuntungan pada koruptor. SAHKAN dulu UU PERAMPASAN ASET DAN HUKUMAN MATI UNTUK SEMUA KORUPTOR 🔥🔥🔥"", ""video_lang"": null, ""is_favorited"": false}"
5132bd55c44640a4900f49619c091058,youtube,Ugy_3NThWYS-Q758rv94AaABAg.AZlSAz-ELtCAZlbqz3P_C7,​ @anekaVD gazzz,gazzz,2026-08-15T00:00:00+00:00,@Afffdian,https://www.youtube.com/watch?v=bPrRLcmXWAo&lc=Ugy_3NThWYS-Q758rv94AaABAg.AZlSAz-ELtCAZlbqz3P_C7,0,sensus ekonomi 2026 bps,tidak_relevan,,sapaan,indonesia,0.5,@anekaVD gazzz,Teks hanya berisi sapaan atau penanda kehadiran tanpa kaitan dengan Sensus Ekonomi 2026.,gemma-4-12b-qat-unsloth-prompt-v2,"{""video_id"": ""bPrRLcmXWAo"", ""video_title"": ""Ragu dengan Sensus Ekonomi? Ini Kata Kepala BPS | TO THE POINT AJA"", ""channel"": ""SINDOnews"", ""parent"": ""Ugy_3NThWYS-Q758rv94AaABAg.AZlSAz-ELtCAZlbQmF5rz6"", ""parent_text"": ""stop pajak.. paling hanya pajak kendaraan aja yang anda bisa tidak bayar, Lalu bagaimana dengan pajak2 yg lainnya? Semua lini sudah di pajakin bro.. Kalo mau gak ada pajak, ya harus dihancurkan dulu sistem nya.. Turunkan semua Presiden, Wapres, Menteri2, DPR, DPRD, DPD dan pejabat2 lainnya nya.. hukum mati semua yg koruptor, lalu ganti yg bener2 pro rakyat dan selalu memperhatikan rakyat.."", ""video_lang"": null, ""is_favorited"": false}"
3ae0ee5fa5d997a6fd28f061130dd9e0,youtube,UgxZ4_FSvYl4-hzyJhJ4AaABAg,JAMAN SEKARANG BANYAK PSK PAKE KERUDUNG...,jaman sekarang banyak psk pakai kerudung,2026-08-15T00:00:00+00:00,@makmungagah4259,https://www.youtube.com/watch?v=bPrRLcmXWAo&lc=UgxZ4_FSvYl4-hzyJhJ4AaABAg,2,sensus ekonomi 2026 bps,tidak_relevan,,opini,indonesia,1.0,JAMAN SEKARANG BANYAK PSK PAKE KERUDUNG...,"Teks tidak membahas Sensus Ekonomi 2026, aplikasi Fasih BPS, atau topik terkait lainnya.",gemma-4-12b-qat-unsloth-prompt-v2,"{""video_id"": ""bPrRLcmXWAo"", ""video_title"": ""Ragu dengan Sensus Ekonomi? Ini Kata Kepala BPS | TO THE POINT AJA"", ""channel"": ""SINDOnews"", ""parent"": ""root"", ""parent_text"": null, ""video_lang"": null, ""is_favorited"": false}"
c70ccdfdf6ed5050944c988c0e5969f2,youtube,UgxLu15NDWnu7hgFw-p4AaABAg,ibu ibu pinter nipu,ibu ibu pinter nipu,2026-08-15T00:00:00+00:00,@danialmwawang1442,https://www.youtube.com/watch?v=bPrRLcmXWAo&lc=UgxLu15NDWnu7hgFw-p4AaABAg,1,sensus ekonomi 2026 bps,tidak_relevan,,opini,indonesia,1.0,ibu ibu pinter nipu,"Teks tidak membahas Sensus Ekonomi 2026, aplikasi Fasih BPS, atau petugas pendataan.",gemma-4-12b-qat-unsloth-prompt-v2,"{""video_id"": ""bPrRLcmXWAo"", ""video_title"": ""Ragu dengan Sensus Ekonomi? Ini Kata Kepala BPS | TO THE POINT AJA"", ""channel"": ""SINDOnews"", ""parent"": ""root"", ""parent_text"": null, ""video_lang"": null, ""is_favorited"": false}"
7400c0945008190ef57a75e121597b50,youtube,Ugw-5IalVRPq60Q9Ckp4AaABAg,Cina profesional......maju pesat...,cina profesional maju pesat,2026-08-15T00:00:00+00:00,@budidatunsolang,https://www.youtube.com/watch?v=bPrRLcmXWAo&lc=Ugw-5IalVRPq60Q9Ckp4AaABAg,0,sensus ekonomi 2026 bps,tidak_relevan,,opini,indonesia,1.0,Cina profesional......maju pesat...,Teks membahas kemajuan negara lain dan tidak berkaitan dengan Sensus Ekonomi 2026 atau aplikasi Fasih BPS.,gemma-4-12b-qat-unsloth-prompt-v2,"{""video_id"": ""bPrRLcmXWAo"", ""video_title"": ""Ragu dengan Sensus Ekonomi? Ini Kata Kepala BPS | TO THE POINT AJA"", ""channel"": ""SINDOnews"", ""parent"": ""root"", ""parent_text"": null, ""video_lang"": null, ""is_favorited"": false}"
bb820025121cd41fb5dd9a58febf5931,youtube,UgzAjlOnXPsv9IPGdsd4AaABAg,Harga bengkel naik. Turunin dong,harga bengkel naik turunin dong,2026-08-15T00:00:00+00:00,@EntoDhuko,https://www.youtube.com/watch?v=1ltgdlwMr5w&lc=UgzAjlOnXPsv9IPGdsd4AaABAg,0,sensus ekonomi 2026 bps,tidak_relevan,,opini,indonesia,1.0,Harga bengkel naik. Turunin dong,Teks membahas kenaikan harga bengkel yang tidak berkaitan dengan Sensus Ekonomi 2026 atau aplikasi Fasih BPS.,gemma-4-12b-qat-unsloth-prompt-v2,"{""video_id"": ""1ltgdlwMr5w"", ""video_title"": ""2026 Economic Census Begins, See BPS Explanation"", ""channel"": ""KOMPAS TV MALANG"", ""parent"": ""root"", ""parent_text"": null, ""video_lang"": null, ""is_favorited"": false}"
d585add3a101c3ed266f70be313c7293,youtube,UgznWG2gMXFxPyX9st54AaABAg.AZ22SWrFCCZAZHqQ0y9K2X,"Dana pendidikan itu darimana kalau bukan dari APBN , mbg buat APBN jebol .",dana pendidikan itu darimana kalau bukan dari apbn mbg untuk apbn jebol,2026-08-15T00:00:00+00:00,@SellySaja-j8h,https://www.youtube.com/watch?v=HSxx8ubHT40&lc=UgznWG2gMXFxPyX9st54AaABAg.AZ22SWrFCCZAZHqQ0y9K2X,1,cara isi kuesioner sensus ekonomi,tidak_relevan,,opini,indonesia,1.0,Dana pendidikan itu darimana kalau bukan dari APBN,"Teks membahas tentang anggaran pendidikan dan APBN, bukan tentang Sensus Ekonomi 2026 atau aplikasi Fasih BPS.",gemma-4-12b-qat-unsloth-prompt-v2,"{""video_id"": ""HSxx8ubHT40"", ""video_title"": ""UNMASKING THE 2026 ECONOMIC CENSUS AGENDA: IS IT REALLY JUST FOR DATA?"", ""channel"": ""Sadar Keuangan"", ""parent"": ""UgznWG2gMXFxPyX9st54AaABAg.AZ22SWrFCCZAZH1qAN0t53"", ""parent_text"": ""tanpa mbg pun APBN tetap tekor. separuh nya habis buat bayar utang.\nmbg ngambil dana pendidikan, kdmp ambil dana desa."", ""video_lang"": null, ""is_favorited"": false}"
51a1eb8d96e042bd96c3b38a4c776765,youtube,UgzLaF-zo8O4v2n0PFV4AaABAg,Akan ada masa nya rupiah akan di tinggal kan,akan ada masa nya rupiah akan di tinggal kan,2026-08-15T00:00:00+00:00,@manana3389,https://www.youtube.com/watch?v=HSxx8ubHT40&lc=UgzLaF-zo8O4v2n0PFV4AaABAg,0,cara isi kuesioner sensus ekonomi,tidak_relevan,,opini,indonesia,1.0,Akan ada masa nya rupiah akan di tinggal kan,Teks membahas tentang mata uang rupiah dan tidak berkaitan dengan Sensus Ekonomi 2026 atau aplikasi Fasih BPS.,gemma-4-12b-qat-unsloth-prompt-v2,"{""video_id"": ""HSxx8ubHT40"", ""video_title"": ""UNMASKING THE 2026 ECONOMIC CENSUS AGENDA: IS IT REALLY JUST FOR DATA?"", ""channel"": ""Sadar Keuangan"", ""parent"": ""root"", ""parent_text"": null, ""video_lang"": null, ""is_favorited"": false}"
4d4f1d10508404186e827aa8b9f7dac8,youtube,UgyiNum3lF5YrDGo5Vx4AaABAg,"intinya rakyat skrg susah,byk nya koruptor di indonesia,pejabat sibuk memperkaya diri dan keluarganya",intinya rakyat sekarang sulit byk nya koruptor di indonesia pejabat sibuk memperkaya diri dan keluarganya,2026-08-15T00:00:00+00:00,@ninabarliana5061,https://www.youtube.com/watch?v=eCpIyUGQlyE&lc=UgyiNum3lF5YrDGo5Vx4AaABAg,0,petugas sensus ekonomi 2026,tidak_relevan,,opini,indonesia,1.0,"rakyat skrg susah,byk nya koruptor","Teks membahas isu korupsi dan kondisi ekonomi umum, bukan tentang Sensus Ekonomi 2026 atau aplikasi Fasih BPS.",gemma-4-12b-qat-unsloth-prompt-v2,"{""video_id"": ""eCpIyUGQlyE"", ""video_title"": ""🔴BUKAN VIRAL STORY: Sensus Ekonomi 2026: Petugas Tanya Gaji? Ini Penjelasannya!"", ""channel"": ""Tribunnews"", ""parent"": ""root"", ""parent_text"": null, ""video_lang"": null, ""is_favorited"": false}"
ca1403df91edf0231b9d3d6893efcc01,youtube,UgyiIhG7RtVAqLgSd054AaABAg.AZDsdZZ4-nwAZJS-CSIdig,​ @nalarabsurd  konsekuensi klo seluruh rakyat gak bayar pajak ya krisis para tikus nangis darah 😂,konsekuensi kalau seluruh rakyat tidak bayar pajak ya krisis para tikus nangis darah face with tears of joy,2026-08-15T00:00:00+00:00,@Kepp-1,https://www.youtube.com/watch?v=l98FpqfSe_4&lc=UgyiIhG7RtVAqLgSd054AaABAg.AZDsdZZ4-nwAZJS-CSIdig,0,petugas sensus ekonomi 2026,tidak_relevan,,opini,indonesia,1.0,konsekuensi klo seluruh rakyat gak bayar pajak ya krisis,"Teks membahas tentang pajak dan krisis ekonomi secara umum, bukan tentang Sensus Ekonomi 2026 atau aplikasi Fasih BPS.",gemma-4-12b-qat-unsloth-prompt-v2,"{""video_id"": ""l98FpqfSe_4"", ""video_title"": ""Di Balik Sensus Ekonomi 2026, Petugas Mengaku Sering Ditolak: Tantangannya, Sering Di-ghosting | NTV"", ""channel"": ""Nusantara TV"", ""parent"": ""UgyiIhG7RtVAqLgSd054AaABAg.AZDsdZZ4-nwAZGM1sAwAk-"", ""parent_text"": ""​ @nalarabsurd negara' kaya sumber daya alam kok APBN ngandelin pajak..kemana hasil tambang itu.. contoh di arab sana bebas pajak APBN dan subsidi dari sumber daya alam.. jangan sok paling bayar pajak deh."", ""video_lang"": null, ""is_favorited"": false}"
1f126c4883b7fdc33773f39637a7fcee,youtube,UgyiIhG7RtVAqLgSd054AaABAg.AZDsdZZ4-nwAZUOPq-qVsl,"Pajak rakyat indonesia dan SDA indonesia yg kaya raya sebagian besar  itu semuanya larinya kemana ?rakyat indonesia sudah tau ke kantong para pengusaha  oligarki,para pejabat korup/maling/garong bukan garong kelas kecil tapi koruptor /garong kelas paus..",pajak rakyat indonesia dan sda indonesia yang kaya raya sebagian besar itu semuanya larinya kemana rakyat indonesia sudah tau ke kantong para pengusaha oligarki para pejabat korup maling garong bukan garong kelas kecil tapi koruptor garong kelas paus,2026-08-15T00:00:00+00:00,@nazrilabdul967,https://www.youtube.com/watch?v=l98FpqfSe_4&lc=UgyiIhG7RtVAqLgSd054AaABAg.AZDsdZZ4-nwAZUOPq-qVsl,1,petugas sensus ekonomi 2026,tidak_relevan,,opini,indonesia,1.0,Pajak rakyat indonesia dan SDA indonesia yg kaya raya sebagian besar itu semuanya larinya kemana ?,"Teks membahas tentang korupsi dan distribusi kekayaan negara, bukan tentang Sensus Ekonomi 2026 atau aplikasi Fasih BPS.",gemma-4-12b-qat-unsloth-prompt-v2,"{""video_id"": ""l98FpqfSe_4"", ""video_title"": ""Di Balik Sensus Ekonomi 2026, Petugas Mengaku Sering Ditolak: Tantangannya, Sering Di-ghosting | NTV"", ""channel"": ""Nusantara TV"", ""parent"": ""UgyiIhG7RtVAqLgSd054AaABAg.AZDsdZZ4-nwAZGDQx4iUFn"", ""parent_text"": ""Bagus pak jangan mau di kenakan pajak ... \nTAPInya .. nanti kalau pakai kendaraaan jangan lewat jalan umum ya,  cari terobosan lewat jalan tanah aja.\nEh ... anaknya juga sampai sekolah di sekolah negeri, sekolah swasta aja."", ""video_lang"": null, ""is_favorited"": false}"
59f7349b28d1d394856220774308cbdb,youtube,UgyiIhG7RtVAqLgSd054AaABAg.AZDsdZZ4-nwAZUNkKN0DMZ,​​ @nalarabsurd pasti situ kerja diinstitusi dipemerintahan  atau masih keluarganya para pejabat negara indonesia  itu dihidupi  82% dari pajak rakyat indonesia sisanya negara dapat pemasukan dari SDA indonesia tapi saya sangat heran SDA indonesia yg sangat besar ini tapi menyumbang pemasukan negara sangat kecil cuma 18% terus SDA indonesia yg sangat besar dan kaya raya ini larinya kemana? Justru negara terus menambah utang cari utangan sana sini ke negara negara lain klu pemerintah  ga punya duit yg dikejar kejar dan dicekik dengan pajak itu rakyatnya untuk mengenjot pemasukan pajak ke negara sampai  petugas pajaknya ngejar sampai ke bom bensin untuk narik pajak motor yg nopolnya sudah mati🤣🤣🤣🤣🤣,pasti situ kerja diinstitusi dipemerintahan atau masih keluarganya para pejabat negara indonesia itu dihidupi 82 persen dari pajak rakyat indonesia sisanya negara dapat pemasukan dari sda indonesia tapi saya sangat heran sda indonesia yang sangat besar ini tapi menyumbang pemasukan negara sangat kecil cuma 18 persen terus sda indonesia yang sangat besar dan kaya raya ini larinya kemana justru negara terus menambah utang cari utangan sana sini ke negara negara lain klu pemerintah tidak punya uang yang dikejar kejar dan dicekik dengan pajak itu rakyatnya untuk mengenjot pemasukan pajak ke negara sampai petugas pajaknya ngejar sampai ke bom bensin untuk narik pajak motor yang nopolnya sudah mati rolling on the floor laughing rolling on the floor laughing rolling on the floor laughing rolling on the floor laughing rolling on the floor laughing,2026-08-15T00:00:00+00:00,@nazrilabdul967,https://www.youtube.com/watch?v=l98FpqfSe_4&lc=UgyiIhG7RtVAqLgSd054AaABAg.AZDsdZZ4-nwAZUNkKN0DMZ,0,petugas sensus ekonomi 2026,tidak_relevan,,opini,indonesia,1.0,pajak rakyat indonesia,"Teks membahas tentang pajak, utang negara, dan SDA, bukan tentang Sensus Ekonomi 2026 atau aplikasi Fasih BPS.",gemma-4-12b-qat-unsloth-prompt-v2,"{""video_id"": ""l98FpqfSe_4"", ""video_title"": ""Di Balik Sensus Ekonomi 2026, Petugas Mengaku Sering Ditolak: Tantangannya, Sering Di-ghosting | NTV"", ""channel"": ""Nusantara TV"", ""parent"": ""UgyiIhG7RtVAqLgSd054AaABAg.AZDsdZZ4-nwAZGDQx4iUFn"", ""parent_text"": ""Bagus pak jangan mau di kenakan pajak ... \nTAPInya .. nanti kalau pakai kendaraaan jangan lewat jalan umum ya,  cari terobosan lewat jalan tanah aja.\nEh ... anaknya juga sampai sekolah di sekolah negeri, sekolah swasta aja."", ""video_lang"": null, ""is_favorited"": false}"
00e473bb5b3f381570ad501cfe693b35,youtube,Ugzdw4REZ-wvp22SJuR4AaABAg,"Tingkat kepercayaan & tingkat kepuasan rakyat & juga terhadap PLECIDEN PRABRORO rendah.
Cara mengelola anggaran yg buruk,korupsi meraja lela,pemberantasan korupsi yang mandul,penegakan hukum yang lemah,KKN semakin merajalela dan masih banyak lagi.",tingkat kepercayaan tingkat kepuasan rakyat juga terhadap pleciden prabroro rendah cara mengelola anggaran yang buruk korupsi meraja lela pemberantasan korupsi yang mandul penegakan hukum yang lemah kkn semakin merajalela dan masih banyak lagi,2026-08-15T00:00:00+00:00,@masturprd273,https://www.youtube.com/watch?v=fe5XjT4okgg&lc=Ugzdw4REZ-wvp22SJuR4AaABAg,0,sensus ekonomi bps penjelasan,tidak_relevan,,opini,indonesia,1.0,korupsi meraja lela,"Teks membahas kritik terhadap pemerintahan dan korupsi secara umum, bukan tentang Sensus Ekonomi 2026 atau aplikasi Fasih BPS.",gemma-4-12b-qat-unsloth-prompt-v2,"{""video_id"": ""fe5XjT4okgg"", ""video_title"": ""Sensus Ekonomi 2026 Tuai Pro Kontra, Bolehkah Warga Menolak Didata?"", ""channel"": ""Harian Kompas"", ""parent"": ""root"", ""parent_text"": null, ""video_lang"": null, ""is_favorited"": false}"
01de337fceda7d49d07630e202b2b76b,youtube,UgyOSp-5xE8NTHiDudV4AaABAg,Terima kasih mendatangkan pemain lapangan tetap berbakti krn pajak TDK doa nya untuk pemain,terima memberi mendatangkan pemain lapangan tetap berbakti karena pajak tidak doa nya untuk pemain,2026-08-15T00:00:00+00:00,@jailanimakasihdoanyasemuan2337,https://www.youtube.com/watch?v=fe5XjT4okgg&lc=UgyOSp-5xE8NTHiDudV4AaABAg,0,sensus ekonomi bps penjelasan,tidak_relevan,,opini,indonesia,1.0,pemain lapangan tetap berbakti,Teks membahas tentang pemain lapangan dan pajak yang tidak berkaitan dengan Sensus Ekonomi 2026 atau aplikasi Fasih BPS.,gemma-4-12b-qat-unsloth-prompt-v2,"{""video_id"": ""fe5XjT4okgg"", ""video_title"": ""Sensus Ekonomi 2026 Tuai Pro Kontra, Bolehkah Warga Menolak Didata?"", ""channel"": ""Harian Kompas"", ""parent"": ""root"", ""parent_text"": null, ""video_lang"": null, ""is_favorited"": false}"
1736270f59a583edffa0fea05efc0c81,youtube,Ugw62J5nPGES9-LKDPJ4AaABAg.AYdR7RQcyg7A_8s3wFzx0O,Iyatuh...di DPR banyaktuh gerombolan maling berseragam yang takut menyetujui RUU PERAMPASAN ASET KORUPTOR,iyatuh di dpr banyaktuh gerombolan maling berseragam yang takut menyetujui ruu perampasan aset koruptor,2026-08-15T00:00:00+00:00,@TohPati-q6e,https://www.youtube.com/watch?v=IB7TTBQwHXk&lc=Ugw62J5nPGES9-LKDPJ4AaABAg.AYdR7RQcyg7A_8s3wFzx0O,1,sensus ekonomi bps penjelasan,tidak_relevan,,opini,indonesia,1.0,gerombolan maling berseragam yang takut menyetujui RUU PERAMPASAN ASET KORUPTOR,Teks membahas isu politik dan korupsi yang tidak berkaitan dengan Sensus Ekonomi 2026 atau aplikasi Fasih BPS.,gemma-4-12b-qat-unsloth-prompt-v2,"{""video_id"": ""IB7TTBQwHXk"", ""video_title"": ""Sensus Ekonomi, Ditanya Apa Saja? | Liputan 6"", ""channel"": ""Liputan6"", ""parent"": ""Ugw62J5nPGES9-LKDPJ4AaABAg"", ""parent_text"": ""Sensus Koruptor kapan dilakukan ?\nPemerintah yang sangat-sangat korup, kok malah rakyat yang disensus ?"", ""video_lang"": null, ""is_favorited"": false}"
88fe6974b90c9433328e0dd486afca6d,youtube,UgwWk9ePRWraGhfKOjp4AaABAg,Hadr,hadr,2026-08-15T00:00:00+00:00,@eroneroseros757,https://www.youtube.com/watch?v=S-i65bQ47M0&lc=UgwWk9ePRWraGhfKOjp4AaABAg,0,sensus ekonomi bps penjelasan,tidak_relevan,,sapaan,indonesia,0.5,Hadr,Teks hanya berupa nama atau penanda kehadiran tanpa konteks terkait Sensus Ekonomi 2026.,gemma-4-12b-qat-unsloth-prompt-v2,"{""video_id"": ""S-i65bQ47M0"", ""video_title"": ""BPS Blakblakan Soal Sensus Ekonomi"", ""channel"": ""Media Indonesia"", ""parent"": ""root"", ""parent_text"": null, ""video_lang"": null, ""is_favorited"": false}"
67827b7423b963c29110be5c2a681c2e,youtube,Ugwjmji1W3kzPcvPpwt4AaABAg,Lowongan kerja 19 juta gimana kabarnya?,lowongan kerja 19 juta bagaimana kabarnya,2026-08-15T00:00:00+00:00,@arifuddinarif2156,https://www.youtube.com/watch?v=MuBJgVp_g4U&lc=Ugwjmji1W3kzPcvPpwt4AaABAg,0,economic census 2026 indonesia,tidak_relevan,,pertanyaan,indonesia,1.0,Lowongan kerja 19 juta gimana kabarnya?,Teks membahas tentang lowongan kerja dan tidak berkaitan dengan Sensus Ekonomi 2026 atau aplikasi Fasih BPS.,gemma-4-12b-qat-unsloth-prompt-v2,"{""video_id"": ""MuBJgVp_g4U"", ""video_title"": ""[detikPagi] - Mengenal Lebih Dekat Sensus Ekonomi 2026"", ""channel"": ""detikcom"", ""parent"": ""root"", ""parent_text"": null, ""video_lang"": null, ""is_favorited"": false}"
fb13d6e8e86b9baf4a72cafe07ed9b65,youtube,UgzAMu9TjYW6siKEHj14AaABAg,MasyaAllah mengandung bawang jd ikut mewek,masyaallah mengandung bawang jd ikut mewek,2026-08-15T00:00:00+00:00,@srihartati7625,https://www.youtube.com/watch?v=QTjBfvXV89M&lc=UgzAMu9TjYW6siKEHj14AaABAg,0,@BPSStatistics,tidak_relevan,,opini,indonesia,1.0,mengandung bawang jd ikut mewek,Teks berisi komentar emosional terhadap konten video dan tidak berkaitan dengan Sensus Ekonomi 2026 atau aplikasi Fasih BPS.,gemma-4-12b-qat-unsloth-prompt-v2,"{""video_id"": ""QTjBfvXV89M"", ""video_title"": ""[ICFF 2026] The Left Behind - BPS Aceh Province"", ""channel"": ""BPS Statistics"", ""parent"": ""root"", ""parent_text"": null, ""video_lang"": null, ""is_favorited"": false}"
8fb7ff268c70173953fa6b57c06eda8a,youtube,Ugx0i23eduy2JqXsPwl4AaABAg,Pajak itu peninggalan penjajah.kiya rakyat di jajah pemerintah sendiri,pajak itu peninggalan penjajah kiya rakyat di jajah pemerintah sendiri,2026-08-15T00:00:00+00:00,@hermance1838,https://www.youtube.com/watch?v=00TnDlQnUJM&lc=Ugx0i23eduy2JqXsPwl4AaABAg,0,sensus ekonomi 2026 bps,tidak_relevan,,opini,indonesia,1.0,Pajak itu peninggalan penjajah,Teks membahas tentang pajak dan sejarah penjajahan yang tidak berkaitan dengan Sensus Ekonomi 2026 atau aplikasi Fasih BPS.,gemma-4-12b-qat-unsloth-prompt-v2,"{""video_id"": ""00TnDlQnUJM"", ""video_title"": ""[FULL] Data Sensus Ekonomi 2026, Kepala BPS: Hasil Publikasinya Bisa Digunakan Untuk Seluruh Lapisan"", ""channel"": ""ntvnewsdotid"", ""parent"": ""root"", ""parent_text"": null, ""video_lang"": null, ""is_favorited"": false}"
b80cc09beed68e070556bc3f5404f07c,youtube,UgzbWLZeic387qG8y8p4AaABAg,Guru honorer swasta pekerjaan termiskin..fakta profesi pekerjaan termiskin sedunia di Indonesia guru honorer swasta..yg di tindas di miskinkan kemenag kementrian agama Mentri DPR ...byk guru honorer swasta tidak cair penggelapan uang gaji tunjangan guru honorer swasta tidak di bayar kemenag kejam nya korupsi di Indonesia,guru honorer swasta pekerjaan termiskin fakta profesi pekerjaan termiskin sedunia di indonesia guru honorer swasta yang di tindas di miskinkan kemenag kementrian agama mentri dpr byk guru honorer swasta tidak cair penggelapan uang gaji tunjangan guru honorer swasta tidak di bayar kemenag kejam nya korupsi di indonesia,2026-08-15T00:00:00+00:00,@junned6523,https://www.youtube.com/watch?v=9StbntlmEhQ&lc=UgzbWLZeic387qG8y8p4AaABAg,2,sensus ekonomi 2026 bps,tidak_relevan,,opini,indonesia,1.0,Guru honorer swasta pekerjaan termiskin..,"Teks membahas tentang kesejahteraan guru honorer dan korupsi, tidak berkaitan dengan Sensus Ekonomi 2026 atau aplikasi Fasih BPS.",gemma-4-12b-qat-unsloth-prompt-v2,"{""video_id"": ""9StbntlmEhQ"", ""video_title"": ""Sensus Ekonomi 2026, Menyusun Peta Baru Ekonomi Indonesia Ft. Amalia Adininggar Widyasanti"", ""channel"": ""Bisniscom"", ""parent"": ""root"", ""parent_text"": null, ""video_lang"": null, ""is_favorited"": false}"
79e06b93340798e6ee5481c0aa25b937,youtube,UgyUlRtT-Lpxj9zauvV4AaABAg,PREET,preet,2026-08-15T00:00:00+00:00,@arjunacinta4285,https://www.youtube.com/watch?v=GDox8yBLkzg&lc=UgyUlRtT-Lpxj9zauvV4AaABAg,0,sensus ekonomi 2026 bps,tidak_relevan,,sapaan,indonesia,0.5,PREET,Teks hanya berupa kata seru atau sapaan tanpa konteks yang berkaitan dengan Sensus Ekonomi 2026.,gemma-4-12b-qat-unsloth-prompt-v2,"{""video_id"": ""GDox8yBLkzg"", ""video_title"": ""Soal Sensus Ekonomi, BPS Bakal Menjamin Kerahasiaan dan Keamanan Data Masyarakat | tvOne"", ""channel"": ""tvOneNews "", ""parent"": ""root"", ""parent_text"": null, ""video_lang"": null, ""is_favorited"": false}"
97dda6de2deaf8d6ac3bc84de7868e55,youtube,UgyD6Eh4eHIuDX0xqQ54AaABAg,Aku percaya sama Komjen pol Darma Pongrekun,aku percaya sama komjen pol darma pongrekun,2026-08-15T00:00:00+00:00,@arisabidin1968,https://www.youtube.com/watch?v=GDox8yBLkzg&lc=UgyD6Eh4eHIuDX0xqQ54AaABAg,0,sensus ekonomi 2026 bps,tidak_relevan,,opini,indonesia,1.0,Aku percaya sama Komjen pol Darma Pongrekun,Teks membicarakan kepercayaan pada tokoh kepolisian dan tidak berkaitan dengan Sensus Ekonomi 2026 atau aplikasi Fasih BPS.,gemma-4-12b-qat-unsloth-prompt-v2,"{""video_id"": ""GDox8yBLkzg"", ""video_title"": ""Soal Sensus Ekonomi, BPS Bakal Menjamin Kerahasiaan dan Keamanan Data Masyarakat | tvOne"", ""channel"": ""tvOneNews "", ""parent"": ""root"", ""parent_text"": null, ""video_lang"": null, ""is_favorited"": false}"
d4b4ef78fd9d1292eb0a2d3954f5b187,youtube,UgxBcfNFBI6ImTP4RHB4AaABAg,Brarti ini untuk bagian taging di isi jg ya bang yg submit paksa,brarti ini untuk bagian taging di isi juga ya bang yang submit paksa,2026-08-15T00:00:00+00:00,@ninobianka5228,https://www.youtube.com/watch?v=vl52WsnKFgU&lc=UgxBcfNFBI6ImTP4RHB4AaABAg,0,aplikasi fasih bps,tidak_relevan,,pertanyaan,indonesia,1.0,Brarti ini untuk bagian taging di isi jg ya bang yg submit paksa,"Teks membahas tentang submit business listings di YouTube/Google, bukan tentang Sensus Ekonomi 2026 atau aplikasi Fasih BPS.",gemma-4-12b-qat-unsloth-prompt-v2,"{""video_id"": ""vl52WsnKFgU"", ""video_title"": ""How to Force Submit Business Listings Without Dedicated Commercial Buildings (Home-Based Businesses)"", ""channel"": ""MH Channel Official"", ""parent"": ""root"", ""parent_text"": null, ""video_lang"": null, ""is_favorited"": false}"
e074c595f763aa1c318415d2ede66f94,youtube,UgzBcDdCXK4bNVMjuyx4AaABAg,"Negara ini tidak akan bener selama pemerintah mengandalkan pajak dalam ekonomi, cuma pemerasan",negara ini tidak akan benar selama pemerintah mengandalkan pajak dalam ekonomi cuma pemerasan,2026-08-15T00:00:00+00:00,@AdangEffendi-bd2hz,https://www.youtube.com/watch?v=yrAE3dsPU24&lc=UgzBcDdCXK4bNVMjuyx4AaABAg,2,cara isi kuesioner sensus ekonomi,tidak_relevan,,opini,indonesia,1.0,"Negara ini tidak akan bener selama pemerintah mengandalkan pajak dalam ekonomi, cuma pemerasan",Teks membahas kebijakan pajak negara secara umum dan tidak berkaitan dengan Sensus Ekonomi 2026 atau aplikasi Fasih BPS.,gemma-4-12b-qat-unsloth-prompt-v2,"{""video_id"": ""yrAE3dsPU24"", ""video_title"": ""BERI BOCORAN❗ WARGA YANG SUDAH DI SURVEY SENSUS EKONOMI MEMBERIKAN INFO PERTANYAAN YANG AKAN DITANYA"", ""channel"": ""SJO TV INFORMASI"", ""parent"": ""root"", ""parent_text"": null, ""video_lang"": null, ""is_favorited"": false}"
d339d0d81b267ad8c004371f8a57232e,youtube,UgyaN_fhUj27mygdzDl4AaABAg.AYMQ9cEDUnFAZNMjDwToiU,"Balasannya stop bayar pajak sebelum disahkanya UU perampasan aset dan hukum mati para koruptor, itu balasanya",balasannya stop bayar pajak sebelum disahkanya uu perampasan aset dan hukum mati para koruptor itu balasanya,2026-08-15T00:00:00+00:00,@febrianiarafahf5386,https://www.youtube.com/watch?v=yrAE3dsPU24&lc=UgyaN_fhUj27mygdzDl4AaABAg.AYMQ9cEDUnFAZNMjDwToiU,1,cara isi kuesioner sensus ekonomi,tidak_relevan,,opini,indonesia,1.0,stop bayar pajak sebelum disahkanya UU perampasan aset,Teks membahas tentang pajak dan UU perampasan aset yang tidak berkaitan dengan Sensus Ekonomi 2026 atau aplikasi Fasih BPS.,gemma-4-12b-qat-unsloth-prompt-v2,"{""video_id"": ""yrAE3dsPU24"", ""video_title"": ""BERI BOCORAN❗ WARGA YANG SUDAH DI SURVEY SENSUS EKONOMI MEMBERIKAN INFO PERTANYAAN YANG AKAN DITANYA"", ""channel"": ""SJO TV INFORMASI"", ""parent"": ""UgyaN_fhUj27mygdzDl4AaABAg"", ""parent_text"": ""Di suruh bayar pajak untuk mengurangi beban hutang negara..jadi hutang negara di bebankan ke rakyat..DPR RI dan DPRD  sisa pajak bisa di bagi bagi.."", ""video_lang"": null, ""is_favorited"": false}"
496c56e6007313f7c6d35c6c5750c24a,youtube,Ugxw6BFd_BiFoFmvEbt4AaABAg,2030 Negara ancur. Saat ini negara dalam perjalanan ancur menuju 2030.,2030 negara ancur saat ini negara dalam perjalanan ancur menuju 2030,2026-08-15T00:00:00+00:00,@tututsri9047,https://www.youtube.com/watch?v=yrAE3dsPU24&lc=Ugxw6BFd_BiFoFmvEbt4AaABAg,0,cara isi kuesioner sensus ekonomi,tidak_relevan,,opini,indonesia,1.0,2030 Negara ancur,Teks membahas kondisi ekonomi negara secara umum dan tidak berkaitan dengan Sensus Ekonomi 2026 atau aplikasi Fasih BPS.,gemma-4-12b-qat-unsloth-prompt-v2,"{""video_id"": ""yrAE3dsPU24"", ""video_title"": ""BERI BOCORAN❗ WARGA YANG SUDAH DI SURVEY SENSUS EKONOMI MEMBERIKAN INFO PERTANYAAN YANG AKAN DITANYA"", ""channel"": ""SJO TV INFORMASI"", ""parent"": ""root"", ""parent_text"": null, ""video_lang"": null, ""is_favorited"": false}"
b076eabffa5210e9cccb22d69b28b8d9,youtube,Ugzp_69PyyTaWrmi-Zx4AaABAg,"Pemerintah harus menaikkan pajak 100%, supaya rakyat taat",pemerintah harus menaikkan pajak 100 persen supaya rakyat taat,2026-08-15T00:00:00+00:00,@SumantriSumantri-f2g,https://www.youtube.com/watch?v=DdHCIw_zi98&lc=Ugzp_69PyyTaWrmi-Zx4AaABAg,0,petugas sensus ekonomi 2026,tidak_relevan,,opini,indonesia,1.0,Pemerintah harus menaikkan pajak 100%,Teks membahas kebijakan pajak secara umum dan tidak berkaitan dengan Sensus Ekonomi 2026 atau aplikasi Fasih BPS.,gemma-4-12b-qat-unsloth-prompt-v2,"{""video_id"": ""DdHCIw_zi98"", ""video_title"": ""🔵 Live Jateng Sore Rabu, 15 Juli 2026 - Petugas Sensus Ekonomi \""Give Up\"" Karena Tugas Berat"", ""channel"": ""Tribun Jateng"", ""parent"": ""root"", ""parent_text"": null, ""video_lang"": null, ""is_favorited"": false}"
a1db4d060eb5ef2ad8810501ae3c3025,youtube,UgyRyurgq5FrGudJNPd4AaABAg,Rakyat skrg anggap pemerintah itu maling😂😂😂,rakyat sekarang anggap pemerintah itu maling face with tears of joy face with tears of joy face with tears of joy,2026-08-15T00:00:00+00:00,@JajaAja-y1h,https://www.youtube.com/watch?v=DdHCIw_zi98&lc=UgyRyurgq5FrGudJNPd4AaABAg,0,petugas sensus ekonomi 2026,tidak_relevan,,opini,indonesia,1.0,Rakyat skrg anggap pemerintah itu maling,Teks membahas ketidakpercayaan terhadap pemerintah secara umum dan tidak berkaitan dengan Sensus Ekonomi 2026 atau aplikasi Fasih BPS.,gemma-4-12b-qat-unsloth-prompt-v2,"{""video_id"": ""DdHCIw_zi98"", ""video_title"": ""🔵 Live Jateng Sore Rabu, 15 Juli 2026 - Petugas Sensus Ekonomi \""Give Up\"" Karena Tugas Berat"", ""channel"": ""Tribun Jateng"", ""parent"": ""root"", ""parent_text"": null, ""video_lang"": null, ""is_favorited"": false}"
93ea984d0957611ff93916c1ebd0d34a,youtube,UgyxfbTuknt-zUXNxL14AaABAg,"itu sm aja politik para rezim akal "" rakyat sdh tdk prlu rezim iblis rakyat sdh muak tdk prlu rezim biar bubar",itu sm saja politik para rezim akal rakyat sdh tidak prlu rezim iblis rakyat sdh muak tidak prlu rezim biar bubar,2026-08-15T00:00:00+00:00,@wijayaeka803,https://www.youtube.com/watch?v=DdHCIw_zi98&lc=UgyxfbTuknt-zUXNxL14AaABAg,0,petugas sensus ekonomi 2026,tidak_relevan,,opini,indonesia,1.0,politik para rezim akal,Teks membahas tentang kritik politik rezim dan tidak berkaitan dengan Sensus Ekonomi 2026 atau aplikasi Fasih BPS.,gemma-4-12b-qat-unsloth-prompt-v2,"{""video_id"": ""DdHCIw_zi98"", ""video_title"": ""🔵 Live Jateng Sore Rabu, 15 Juli 2026 - Petugas Sensus Ekonomi \""Give Up\"" Karena Tugas Berat"", ""channel"": ""Tribun Jateng"", ""parent"": ""root"", ""parent_text"": null, ""video_lang"": null, ""is_favorited"": false}"
b0951193b2e86a1438fb96118065e05a,youtube,UgwEUA9rmodAt0Zb7kV4AaABAg,Indonesia sekarang semakin bobrok,indonesia sekarang semakin bobrok,2026-08-15T00:00:00+00:00,@azharbuwana2474,https://www.youtube.com/watch?v=Juyobu3K4hQ&lc=UgwEUA9rmodAt0Zb7kV4AaABAg,0,petugas sensus ekonomi 2026,tidak_relevan,,opini,indonesia,1.0,Indonesia sekarang semakin bobrok,Teks berisi keluhan umum tentang kondisi negara dan tidak berkaitan dengan Sensus Ekonomi 2026 atau aplikasi Fasih BPS.,gemma-4-12b-qat-unsloth-prompt-v2,"{""video_id"": ""Juyobu3K4hQ"", ""video_title"": ""Petugas Sensus Ekonomi Datang, Warga Perlu Tahu Ini | Fokus"", ""channel"": ""Fokus Indosiar"", ""parent"": ""root"", ""parent_text"": null, ""video_lang"": null, ""is_favorited"": false}"
0f0cfe235a8e1158675e4d8e91b141b3,youtube,UgyTLtl6zhm_ef5Bio14AaABAg.AYZEuW8nHHHAZWnDNX-iBd,"​ @Sayha1978 emang indonesia punya siapa,kedaulatan tertinggi ada di tangan rakyat, rakyat lah yg berhak mangusir para pengihanat bangsa",emang indonesia punya siapa kedaulatan tertinggi ada di tangan rakyat rakyat lah yang berhak mangusir para pengihanat bangsa,2026-08-15T00:00:00+00:00,@Muslim007-t4q,https://www.youtube.com/watch?v=Vo2rSYsO90s&lc=UgyTLtl6zhm_ef5Bio14AaABAg.AYZEuW8nHHHAZWnDNX-iBd,0,petugas sensus ekonomi 2026,tidak_relevan,,opini,indonesia,1.0,kedaulatan tertinggi ada di tangan rakyat,"Teks membahas tentang kedaulatan rakyat dan pengkhianat bangsa, tidak berkaitan dengan Sensus Ekonomi 2026 atau aplikasi Fasih BPS.",gemma-4-12b-qat-unsloth-prompt-v2,"{""video_id"": ""Vo2rSYsO90s"", ""video_title"": ""Viral! Resident Questions Census Benefits to BPS Officer, Situation Heats Up"", ""channel"": ""Serambinews"", ""parent"": ""UgyTLtl6zhm_ef5Bio14AaABAg.AYZEuW8nHHHAYl6xcuXYB7"", ""parent_text"": ""Klo g mau di sensus g usah tinggal di indonesia cuk"", ""video_lang"": null, ""is_favorited"": false}"
547fcb02920fba36417dd99173aa991f,youtube,Ugyv0grzF9gmsNjRmbh4AaABAg,"Tv One,  tolong beritakan kembali informasi Lampur Lapindo di Sidoarjo terkini.",tv one tolong beritakan kembali informasi lampur lapindo di sidoarjo terkini,2026-08-15T00:00:00+00:00,@wulanfransisco8148,https://www.youtube.com/watch?v=b7Lg6powQ0k&lc=Ugyv0grzF9gmsNjRmbh4AaABAg,2,sensus ekonomi bps penjelasan,tidak_relevan,,informasi,indonesia,1.0,tolong beritakan kembali informasi Lampur Lapindo,Teks membahas permintaan berita mengenai bencana lingkungan dan tidak berkaitan dengan Sensus Ekonomi 2026 atau aplikasi Fasih BPS.,gemma-4-12b-qat-unsloth-prompt-v2,"{""video_id"": ""b7Lg6powQ0k"", ""video_title"": ""[FULL] Menguji Akurasi & Efektivitas Sensus Ekonomi | Indonesia Business Forum"", ""channel"": ""tvOneNews "", ""parent"": ""root"", ""parent_text"": null, ""video_lang"": null, ""is_favorited"": false}"
ae7432494f044e68a597d1c659ebb852,youtube,UgztgQH6v8VoeyC58eB4AaABAg,Iraq 🇮🇶 Rezim 🤝 Barzani,iraq iraq rezim handshake barzani,2026-08-15T00:00:00+00:00,@user-uf2oe8wg5n,https://www.youtube.com/watch?v=b7Lg6powQ0k&lc=UgztgQH6v8VoeyC58eB4AaABAg,0,sensus ekonomi bps penjelasan,tidak_relevan,,sapaan,asing,0.5,Iraq 🇮🇶 Rezim 🤝 Barzani,Teks membahas topik politik luar negeri yang tidak berkaitan dengan Sensus Ekonomi 2026 atau aplikasi Fasih BPS.,gemma-4-12b-qat-unsloth-prompt-v2,"{""video_id"": ""b7Lg6powQ0k"", ""video_title"": ""[FULL] Menguji Akurasi & Efektivitas Sensus Ekonomi | Indonesia Business Forum"", ""channel"": ""tvOneNews "", ""parent"": ""root"", ""parent_text"": null, ""video_lang"": null, ""is_favorited"": false}"
96877f866f44a75ea3bbea9c6b9f53e8,youtube,UgwyNhgzL-FWlk4cckV4AaABAg,"Realita kehidupan kini dan kurangnya keterbukaan komunikasi,pelajaran buat kita semua untuk mendapatkan yang terbaik👍🙏",realita kehidupan kini dan kurangnya keterbukaan komunikasi pelajaran untuk kita semua untuk mendapatkan yang terbaik thumbs up folded hands,2026-08-15T00:00:00+00:00,@JuwadiJuwadi-el9ye,https://www.youtube.com/watch?v=l6JHQ8bl98M&lc=UgwyNhgzL-FWlk4cckV4AaABAg,0,@BPSStatistics,tidak_relevan,,opini,indonesia,1.0,Realita kehidupan kini dan kurangnya keterbukaan komunikasi,Teks berisi refleksi filosofis umum dan tidak membahas Sensus Ekonomi 2026 atau aplikasi Fasih BPS.,gemma-4-12b-qat-unsloth-prompt-v2,"{""video_id"": ""l6JHQ8bl98M"", ""video_title"": ""[ICFF 2026] The Postponed (Postal Service to the Future) - BPS Ogan Komering Ulu Timur Regency"", ""channel"": ""BPS Statistics"", ""parent"": ""root"", ""parent_text"": null, ""video_lang"": null, ""is_favorited"": false}"
a9387474b09b1125fb1e542729cdbf7b,youtube,Ugw1bfLh6NFYUOOi4wJ4AaABAg,"Kirain korupsi ternyata judol😬
Keren sih alurnya 👏👏👏",kirain korupsi ternyata judol grimacing face keren sih alurnya clapping hands clapping hands clapping hands,2026-08-15T00:00:00+00:00,@bintangismiarizqi7739,https://www.youtube.com/watch?v=0rExuMgMNQU&lc=Ugw1bfLh6NFYUOOi4wJ4AaABAg,0,@BPSStatistics,tidak_relevan,,opini,indonesia,1.0,Kirain korupsi ternyata judol,Teks membahas konten video (korupsi/judol) dan bukan tentang Sensus Ekonomi 2026 atau aplikasi Fasih BPS.,gemma-4-12b-qat-unsloth-prompt-v2,"{""video_id"": ""0rExuMgMNQU"", ""video_title"": ""[ICFF 2026] Lines of Destiny - Statistics Indonesia (BPS) South Sumatra Province"", ""channel"": ""BPS Statistics"", ""parent"": ""root"", ""parent_text"": null, ""video_lang"": null, ""is_favorited"": false}"
70aa6b08dfb34a84d9df333c9de78561,youtube,Ugw-6N5LrIXx4NAn7fd4AaABAg,"#negaralucu

just play this song...",just play this song,2026-08-15T00:00:00+00:00,@tottositohang,https://www.youtube.com/watch?v=s7JqIxd1NcE&lc=Ugw-6N5LrIXx4NAn7fd4AaABAg,0,@BPSStatistics,tidak_relevan,,sapaan,campur,0.5,#negaralucu just play this song...,"Teks tidak membahas Sensus Ekonomi 2026 atau aplikasi Fasih BPS, melainkan hanya komentar tentang lagu.",gemma-4-12b-qat-unsloth-prompt-v2,"{""video_id"": ""s7JqIxd1NcE"", ""video_title"": ""[Sensus Ekonomi] Tutorial Senam Kreasi Sensus Ekonomi 2026"", ""channel"": ""BPS Statistics"", ""parent"": ""root"", ""parent_text"": null, ""video_lang"": null, ""is_favorited"": false}"
9cfa9c5fb52721a7113a77b52cbd6f44,youtube,Ugy_5mHTuwGJNQXnMLJ4AaABAg.AZJnApLeN1FA_XTrtVaOC3,"Simpan emas 74.kg, di kenakan pajak apa ngga?.",simpan emas 74 kg di kenakan pajak apa tidak,2026-08-18T00:00:00+00:00,@endosuhanda1230,https://www.youtube.com/watch?v=fe5XjT4okgg&lc=Ugy_5mHTuwGJNQXnMLJ4AaABAg.AZJnApLeN1FA_XTrtVaOC3,0,sensus ekonomi 2026 bps,tidak_relevan,,pertanyaan,indonesia,1.0,"Simpan emas 74.kg, di kenakan pajak apa ngga?",Teks membahas tentang pajak kepemilikan emas pribadi dan tidak berkaitan dengan Sensus Ekonomi 2026 atau aplikasi Fasih BPS.,gemma-4-12b-qat-unsloth-prompt-v2,"{""video_id"": ""fe5XjT4okgg"", ""video_title"": ""Sensus Ekonomi 2026 Tuai Pro Kontra, Bolehkah Warga Menolak Didata?"", ""channel"": ""Harian Kompas"", ""parent"": ""Ugy_5mHTuwGJNQXnMLJ4AaABAg"", ""parent_text"": ""Sensus niat untuk nagih pajak😂😂😂Bukan bantuan atau yang lain😂"", ""video_lang"": null, ""is_favorited"": false}"
096fd2168b94fcf562271c21b23e972e,youtube,UgzlYCi_hbwslG4W-xB4AaABAg.A_YaWT_LWlMA_Yad9fSY2Y,"Pemimpin adalah cerminan dari rakyatnya, dari rakyat yg jujur akan lahir pemimpin yang jujur?",pemimpin adalah cerminan dari rakyatnya dari rakyat yang jujur akan lahir pemimpin yang jujur,2026-08-18T00:00:00+00:00,@ambarudin08,https://www.youtube.com/watch?v=0MmkMa3kP_o&lc=UgzlYCi_hbwslG4W-xB4AaABAg.A_YaWT_LWlMA_Yad9fSY2Y,0,sensus ekonomi bps penjelasan,tidak_relevan,,opini,indonesia,1.0,Pemimpin adalah cerminan dari rakyatnya,"Teks membahas tentang kepemimpinan dan integritas rakyat secara umum, tidak berkaitan dengan Sensus Ekonomi 2026 atau aplikasi Fasih BPS.",gemma-4-12b-qat-unsloth-prompt-v2,"{""video_id"": ""0MmkMa3kP_o"", ""video_title"": ""LIVE EVENT - Sensus Ekonomi Demi Kebijakan Tepat Sasaran"", ""channel"": ""METRO TV "", ""parent"": ""UgzlYCi_hbwslG4W-xB4AaABAg"", ""parent_text"": ""Orang orang menengah ke atas dan sebagian para pengusaha kocar kacir pak banyak yang tidak jujur, padahal mereka sangat berharap punya pemimpin yang jujur???"", ""video_lang"": null, ""is_favorited"": false}"
2ccd9deb58327b1fad0d30bbfe8537ac,youtube,Ugz7gFXEJH53tR6qniN4AaABAg,Aku percaya program kayak gini bakal bikin anak sekolah makin kuat dan cerdas,aku percaya program kayak begini bakal membuat anak sekolah makin kuat dan cerdas,2026-08-25T00:00:00+00:00,@riri_abigail,https://www.youtube.com/watch?v=fgvF1s52-Zs&lc=Ugz7gFXEJH53tR6qniN4AaABAg,0,sensus ekonomi 2026 bps,tidak_relevan,,opini,indonesia,1.0,bikin anak sekolah makin kuat dan cerdas,"Teks membicarakan dampak pendidikan bagi anak sekolah, bukan tentang Sensus Ekonomi 2026 atau aplikasi Fasih BPS.",gemma-4-12b-qat-unsloth-prompt-v2,"{""video_id"": ""fgvF1s52-Zs"", ""video_title"": ""Meluruskan Kegaduhan Publik soal Sensus Ekonomi 2026"", ""channel"": ""Bisniscom"", ""parent"": ""root"", ""parent_text"": null, ""video_lang"": null, ""is_favorited"": false}"
c74666bbc59d523e0b77d8b74a791df5,youtube,Ugx3qg8xQcFk4dGdFMt4AaABAg.AYdQCu_KvLuA_lRpYAgO4X,​ @Bobon2045 Buzzer pejabat korup,buzzer pejabat korup,2026-08-25T00:00:00+00:00,@RioSaputra-jq1mt,https://www.youtube.com/watch?v=IB7TTBQwHXk&lc=Ugx3qg8xQcFk4dGdFMt4AaABAg.AYdQCu_KvLuA_lRpYAgO4X,0,sensus ekonomi bps penjelasan,tidak_relevan,,opini,indonesia,1.0,Buzzer pejabat korup,Teks berisi hinaan terhadap pihak tertentu dan tidak berkaitan dengan Sensus Ekonomi 2026 atau aplikasi Fasih BPS.,gemma-4-12b-qat-unsloth-prompt-v2,"{""video_id"": ""IB7TTBQwHXk"", ""video_title"": ""Sensus Ekonomi, Ditanya Apa Saja? | Liputan 6"", ""channel"": ""Liputan6"", ""parent"": ""Ugx3qg8xQcFk4dGdFMt4AaABAg.AYdQCu_KvLuAYdRqVHGGBy"", ""parent_text"": ""Klo elu miskin atau kelas menengah ke bawah dan gak mau disensus...jangan nyesel lu ntar gak kebagian bansos, subsidi atau insentif ekonomi lain...jangan nyesel dan protes lu nanti"", ""video_lang"": null, ""is_favorited"": false}"
55877829a4446aa73dc543581da8bb99,youtube,Ugxvx9D8c8cdo7we42x4AaABAg.A_jWl2ro_0BA_oFOhWv3gS,Damn bro,damn bro,2026-08-25T00:00:00+00:00,@gedetelor,https://www.youtube.com/watch?v=40_SiADcjRI&lc=Ugxvx9D8c8cdo7we42x4AaABAg.A_jWl2ro_0BA_oFOhWv3gS,1,sensus ekonomi bps penjelasan,tidak_relevan,,sapaan,asing,0.5,Damn bro,Teks merupakan ekspresi bahasa asing yang tidak berkaitan dengan topik Sensus Ekonomi 2026.,gemma-4-12b-qat-unsloth-prompt-v2,"{""video_id"": ""40_SiADcjRI"", ""video_title"": ""Presiden Minta Warga Jujur Isi Sensus Ekonomi 2026, Data Tak untuk Kejar Kekayaan"", ""channel"": ""Bisniscom"", ""parent"": ""Ugxvx9D8c8cdo7we42x4AaABAg"", ""parent_text"": ""Rakyat diminta jujur sedangkan para pejabatnya elitnya maling semua"", ""video_lang"": null, ""is_favorited"": false}"
6c1864324bdcf633c273cebddc3ec67e,youtube,Ugxvx9D8c8cdo7we42x4AaABAg.A_jWl2ro_0BA_qb7blwvKZ,Maling itu biasa bosss .. to rampok karena kerjanya berkelompok,maling itu biasa bosss to rampok karena kerjanya berkelompok,2026-08-25T00:00:00+00:00,@restoepinggiran,https://www.youtube.com/watch?v=40_SiADcjRI&lc=Ugxvx9D8c8cdo7we42x4AaABAg.A_jWl2ro_0BA_qb7blwvKZ,0,sensus ekonomi bps penjelasan,tidak_relevan,,opini,indonesia,1.0,Maling itu biasa bosss .. to rampok karena kerjanya berkelompok,Teks membahas tentang kriminalitas umum dan tidak berkaitan dengan Sensus Ekonomi 2026 atau aplikasi Fasih BPS.,gemma-4-12b-qat-unsloth-prompt-v2,"{""video_id"": ""40_SiADcjRI"", ""video_title"": ""Presiden Minta Warga Jujur Isi Sensus Ekonomi 2026, Data Tak untuk Kejar Kekayaan"", ""channel"": ""Bisniscom"", ""parent"": ""Ugxvx9D8c8cdo7we42x4AaABAg"", ""parent_text"": ""Rakyat diminta jujur sedangkan para pejabatnya elitnya maling semua"", ""video_lang"": null, ""is_favorited"": false}"
eedcee5f9819ddb7e7dd968c8fa82628,youtube,Ugydhu2kwD0YLCJ0_t14AaABAg,Yang saya inginkan hanya satu hukum mati koruptor dan rampas aset' kekayaan koruptor,yang saya inginkan hanya satu hukum mati koruptor dan rampas aset kekayaan koruptor,2026-08-25T00:00:00+00:00,@opikhazard9535,https://www.youtube.com/watch?v=40_SiADcjRI&lc=Ugydhu2kwD0YLCJ0_t14AaABAg,30,sensus ekonomi bps penjelasan,tidak_relevan,,opini,indonesia,1.0,hukum mati koruptor dan rampas aset,Teks membahas isu korupsi secara umum dan tidak berkaitan dengan Sensus Ekonomi 2026 atau aplikasi Fasih BPS.,gemma-4-12b-qat-unsloth-prompt-v2,"{""video_id"": ""40_SiADcjRI"", ""video_title"": ""Presiden Minta Warga Jujur Isi Sensus Ekonomi 2026, Data Tak untuk Kejar Kekayaan"", ""channel"": ""Bisniscom"", ""parent"": ""root"", ""parent_text"": null, ""video_lang"": null, ""is_favorited"": false}"
b4ed399efd354c7d0e04ed784a384d44,youtube,Ugy0TL0iLY4_iFO6oxV4AaABAg,Pemerintah harus lebih jujur lagi mengumumkan  kekayaannya dan dari mana asalnya,pemerintah harus lebih jujur lagi mengumumkan kekayaannya dan dari mana asalnya,2026-08-25T00:00:00+00:00,@yasriyunus5072,https://www.youtube.com/watch?v=40_SiADcjRI&lc=Ugy0TL0iLY4_iFO6oxV4AaABAg,72,sensus ekonomi bps penjelasan,tidak_relevan,,opini,indonesia,1.0,Pemerintah harus lebih jujur lagi mengumumkan kekayaannya,"Teks membahas transparansi kekayaan pemerintah, bukan tentang Sensus Ekonomi 2026 atau aplikasi Fasih BPS.",gemma-4-12b-qat-unsloth-prompt-v2,"{""video_id"": ""40_SiADcjRI"", ""video_title"": ""Presiden Minta Warga Jujur Isi Sensus Ekonomi 2026, Data Tak untuk Kejar Kekayaan"", ""channel"": ""Bisniscom"", ""parent"": ""root"", ""parent_text"": null, ""video_lang"": null, ""is_favorited"": false}"
e4a064cef844f79bdc6d41aa0f1c0830,youtube,Ugx_Gj3cMXhpc0ABVe94AaABAg,"Sejujurnya, tabungan kita tidak sepadan dengan pendapatan dan utang kita.",sejujurnya tabungan kita tidak sepadan dengan pendapatan dan utang kita,2026-08-25T00:00:00+00:00,@andrewje5320,https://www.youtube.com/watch?v=40_SiADcjRI&lc=Ugx_Gj3cMXhpc0ABVe94AaABAg,1,sensus ekonomi bps penjelasan,tidak_relevan,,opini,indonesia,1.0,tabungan kita tidak sepadan dengan pendapatan dan utang kita,Teks membahas kondisi keuangan pribadi dan tidak berkaitan dengan Sensus Ekonomi 2026 atau aplikasi Fasih BPS.,gemma-4-12b-qat-unsloth-prompt-v2,"{""video_id"": ""40_SiADcjRI"", ""video_title"": ""Presiden Minta Warga Jujur Isi Sensus Ekonomi 2026, Data Tak untuk Kejar Kekayaan"", ""channel"": ""Bisniscom"", ""parent"": ""root"", ""parent_text"": null, ""video_lang"": null, ""is_favorited"": false}"
4c2a9abfea784def3a6c4e9e21d36a47,youtube,UgwlgGdj0cosFFp2iEl4AaABAg,"Apa pun bagaimana pun, Pidato Pak HARTO itu adem, Pak Harto Berwibawa, Aku kangen pak HARTO",apa pun bagaimana pun pidato pak harto itu adem pak harto berwibawa aku kangen pak harto,2026-08-25T00:00:00+00:00,@sriintarti5493,https://www.youtube.com/watch?v=40_SiADcjRI&lc=UgwlgGdj0cosFFp2iEl4AaABAg,0,sensus ekonomi bps penjelasan,tidak_relevan,,opini,indonesia,1.0,Pidato Pak HARTO itu adem,Teks membahas tentang tokoh sejarah dan tidak berkaitan dengan Sensus Ekonomi 2026 atau aplikasi Fasih BPS.,gemma-4-12b-qat-unsloth-prompt-v2,"{""video_id"": ""40_SiADcjRI"", ""video_title"": ""Presiden Minta Warga Jujur Isi Sensus Ekonomi 2026, Data Tak untuk Kejar Kekayaan"", ""channel"": ""Bisniscom"", ""parent"": ""root"", ""parent_text"": null, ""video_lang"": null, ""is_favorited"": false}"
2c246a3c2037acdec7d8efed0fe693a2,youtube,Ugwl2qdW7SoSnUp6ou94AaABAg,"Pejabat harus jujur  jangan suka korupsi duit rakyat, dan juga DPR RI harus jujur  koruptor di hukum mati titik",pejabat harus jujur jangan suka korupsi uang rakyat dan juga dpr ri harus jujur koruptor di hukum mati titik,2026-08-25T00:00:00+00:00,@IndraLasmana-hl5lc,https://www.youtube.com/watch?v=40_SiADcjRI&lc=Ugwl2qdW7SoSnUp6ou94AaABAg,0,sensus ekonomi bps penjelasan,tidak_relevan,,opini,indonesia,1.0,Pejabat harus jujur jangan suka korupsi duit rakyat,"Teks membahas korupsi pejabat dan DPR secara umum, tidak berkaitan dengan Sensus Ekonomi 2026 atau aplikasi Fasih BPS.",gemma-4-12b-qat-unsloth-prompt-v2,"{""video_id"": ""40_SiADcjRI"", ""video_title"": ""Presiden Minta Warga Jujur Isi Sensus Ekonomi 2026, Data Tak untuk Kejar Kekayaan"", ""channel"": ""Bisniscom"", ""parent"": ""root"", ""parent_text"": null, ""video_lang"": null, ""is_favorited"": false}"
a770f21013d881513e4eb4fe270e6cf0,youtube,Ugz-EiTX-_ax3v5iitt4AaABAg.A_lPpCCgc8yA_nxln_u79z,"Gw tuh heran ya, yang ngasih gaji fantastis ke DPR itu siapa ya, dan yang mengesahkan itu siapa ya.
Harusnya ada UU penggajian pegawai dan anggota DPR, masa mereka dengan seenak jidatnya menentukan gaji mereka sendiri dan pakai uang rakyat. Harusnya jika memakai uang rakyat ya harus dengan persetujuan semua rakyat dong.
Apa...... mereka pasti alasan yang di DPR itu kan wakil rakyat ????
Yang di DPR itu sampah dari rakyat yang hanya terlihat mengayomi dan membela harkat rakyat di depan kamera saja, tapi di balik itu semua hanyalah manusia yang menutup mata dan telinga demi kepentingan dan keinginan partai mereka masing masing",gw tuh heran ya yang memberi gaji fantastis ke dpr itu siapa ya dan yang mengesahkan itu siapa ya harusnya ada uu penggajian pegawai dan anggota dpr masa mereka dengan seenak jidatnya menentukan gaji mereka sendiri dan pakai uang rakyat harusnya jika memakai uang rakyat ya harus dengan persetujuan semua rakyat dong apa mereka pasti alasan yang di dpr itu kan wakil rakyat yang di dpr itu sampah dari rakyat yang hanya terlihat mengayomi dan membela harkat rakyat di depan kamera saja tapi di balik itu semua hanyalah manusia yang menutup mata dan telinga demi kepentingan dan keinginan partai mereka masing masing,2026-08-25T00:00:00+00:00,@kangennasipadang,https://www.youtube.com/watch?v=40_SiADcjRI&lc=Ugz-EiTX-_ax3v5iitt4AaABAg.A_lPpCCgc8yA_nxln_u79z,3,sensus ekonomi 2026 bps,tidak_relevan,,opini,indonesia,1.0,gaji fantastis ke DPR,"Teks membahas kritik terhadap gaji DPR dan korupsi, bukan tentang Sensus Ekonomi 2026 atau aplikasi Fasih BPS.",gemma-4-12b-qat-unsloth-prompt-v2,"{""video_id"": ""40_SiADcjRI"", ""video_title"": ""Presiden Minta Warga Jujur Isi Sensus Ekonomi 2026, Data Tak untuk Kejar Kekayaan"", ""channel"": ""Bisniscom"", ""parent"": ""Ugz-EiTX-_ax3v5iitt4AaABAg"", ""parent_text"": ""Karakter pembohong   Rakyat di suruh jujur ... Merka seenak jidatnya bohongin Rakyat ...."", ""video_lang"": null, ""is_favorited"": false}"
e0e52016ae8b3ee443be179433df04c5,youtube,Ugwxh11xLAlQ0cqlGcl4AaABAg,"Izin tanya diluar penjelasan, apakah bangunan kosong di peta Sakernas juga ditulis kk?",izin tanya diluar penjelasan apakah bangunan kosong di peta sakernas juga ditulis kk,2026-09-01T00:00:00+00:00,@Reelsshorts14,https://www.youtube.com/watch?v=35xrrDrIpqc&lc=Ugwxh11xLAlQ0cqlGcl4AaABAg,2,petugas sensus ekonomi 2026,tidak_relevan,,pertanyaan,indonesia,1.0,bangunan kosong di peta Sakernas,"Teks membahas program Sakernas, bukan Sensus Ekonomi 2026 atau aplikasi Fasih BPS.",gemma-4-12b-qat-unsloth-prompt-v2,"{""video_id"": ""35xrrDrIpqc"", ""video_title"": ""|| WHEN IS THE 2ND TERM PAYMENT FOR SE2026 OFFICERS ⁉️🤑|| BPS INFO UPDATE ||"", ""channel"": ""Uzma Ulya"", ""parent"": ""root"", ""parent_text"": null, ""video_lang"": null, ""is_favorited"": true}"
14cdf37a4ad1330b5e3544495f96f0a6,youtube,Ugwxh11xLAlQ0cqlGcl4AaABAg.Aa71jRrbWHmAa7DpViEH7A,untuk updating sakernas dan susenas setau saya tidak perlu penomorannya untuk bangunan kosong ka...,untuk updating sakernas dan susenas setau saya tidak perlu penomorannya untuk bangunan kosong ka,2026-09-01T00:00:00+00:00,@uzmaulya7507,https://www.youtube.com/watch?v=35xrrDrIpqc&lc=Ugwxh11xLAlQ0cqlGcl4AaABAg.Aa71jRrbWHmAa7DpViEH7A,1,petugas sensus ekonomi 2026,tidak_relevan,,informasi,indonesia,1.0,updating sakernas dan susenas,Teks membahas program statistik lain (Sakernas dan Susenas) yang secara eksplisit dilarang dalam aturan relevansi.,gemma-4-12b-qat-unsloth-prompt-v2,"{""video_id"": ""35xrrDrIpqc"", ""video_title"": ""|| WHEN IS THE 2ND TERM PAYMENT FOR SE2026 OFFICERS ⁉️🤑|| BPS INFO UPDATE ||"", ""channel"": ""Uzma Ulya"", ""parent"": ""Ugwxh11xLAlQ0cqlGcl4AaABAg"", ""parent_text"": ""Izin tanya diluar penjelasan, apakah bangunan kosong di peta Sakernas juga ditulis kk?"", ""video_lang"": null, ""is_favorited"": false}"
b3222eb116f3fd5eccd0fe579dc9b372,youtube,Ugwxi_WHF9g6tb90z_J4AaABAg,Rakyat mungkin cuma hati2 sj Bu mslhnya pemerintahan skrg kurang berpihak kpd rakyat kecilnya,rakyat mungkin cuma hati hati sj bu mslhnya pemerintahan sekarang kurang berpihak kpd rakyat kecilnya,2026-09-01T00:00:00+00:00,@kibooofficial6386,https://www.youtube.com/watch?v=eGFi53avn4Q&lc=Ugwxi_WHF9g6tb90z_J4AaABAg,7,bps economic census tutorial,tidak_relevan,,opini,indonesia,1.0,pemerintahan skrg kurang berpihak kpd rakyat kecilnya,Teks membahas kebijakan pemerintah secara umum dan tidak berkaitan dengan Sensus Ekonomi 2026 atau aplikasi Fasih BPS.,gemma-4-12b-qat-unsloth-prompt-v2,"{""video_id"": ""eGFi53avn4Q"", ""video_title"": ""Is Indonesia's Unemployment Rate Really Rising? Here Is the BPS Data"", ""channel"": ""Penjaga Harapan"", ""parent"": ""root"", ""parent_text"": null, ""video_lang"": null, ""is_favorited"": false}"
d5ca55e96b5ea349224cc7ffaebd671d,youtube,UgxmYxZslxT11YNN7JN4AaABAg,Desil bikin marah  msyarakat korop aja smua biar puas smua pemerintah,desil membuat marah msyarakat korop saja smua biar puas smua pemerintah,2026-09-01T00:00:00+00:00,@BuSitumsinom,https://www.youtube.com/watch?v=eGFi53avn4Q&lc=UgxmYxZslxT11YNN7JN4AaABAg,4,bps economic census tutorial,tidak_relevan,,opini,indonesia,1.0,Desil bikin marah msyarakat korop aja smua biar puas smua pemerintah,"Teks membahas tentang desil dan kemarahan masyarakat terhadap pemerintah, tidak berkaitan dengan Sensus Ekonomi 2026 atau aplikasi Fasih BPS.",gemma-4-12b-qat-unsloth-prompt-v2,"{""video_id"": ""eGFi53avn4Q"", ""video_title"": ""Is Indonesia's Unemployment Rate Really Rising? Here Is the BPS Data"", ""channel"": ""Penjaga Harapan"", ""parent"": ""root"", ""parent_text"": null, ""video_lang"": null, ""is_favorited"": false}"
0f6c65055895526ee7caced3d3ea4290,youtube,Ugw8n66xdcPTiue1-wp4AaABAg,Bohong 😂😂😂 jangan didengarkan pejabat itu. Hati -hati mereka dzalim dan lalim 😂😂😂😂,bohong face with tears of joy face with tears of joy face with tears of joy jangan didengarkan pejabat itu hati hati mereka dzalim dan lalim face with tears of joy face with tears of joy face with tears of joy face with tears of joy,2026-09-01T00:00:00+00:00,@salmahtussholekhah5341,https://www.youtube.com/watch?v=eGFi53avn4Q&lc=Ugw8n66xdcPTiue1-wp4AaABAg,3,bps economic census tutorial,tidak_relevan,,opini,indonesia,1.0,Bohong 😂😂😂 jangan didengarkan pejabat itu.,Teks berisi opini politik/sosial terhadap pejabat dan tidak berkaitan dengan Sensus Ekonomi 2026 atau aplikasi Fasih BPS.,gemma-4-12b-qat-unsloth-prompt-v2,"{""video_id"": ""eGFi53avn4Q"", ""video_title"": ""Is Indonesia's Unemployment Rate Really Rising? Here Is the BPS Data"", ""channel"": ""Penjaga Harapan"", ""parent"": ""root"", ""parent_text"": null, ""video_lang"": null, ""is_favorited"": false}"
9378c65b8293662fa07ed212a12bc648,youtube,UgzmquiZD0I_7TZQjKt4AaABAg.Aa02sdoPuYDAa44wlbd0AC,Asalamualaikum.aBunda CaAku bulangkana sekarang senang megemuka parte.jadi.uwang.nya buat pegemukan.pate.doangmBuN.Ca❤🧕🌹👨‍🦰🌹💐💐💐💐💚💚💚💚💚💚💚💚💚,asalamualaikum abunda caaku bulangkana sekarang senang megemuka parte jadi uwang nya untuk pegemukan pate doangmbun ca red heart woman with headscarf rose man red hair rose bouquet bouquet bouquet bouquet green heart green heart green heart green heart green heart green heart green heart green heart green heart,2026-09-01T00:00:00+00:00,@Sudirman-w9p6l,https://www.youtube.com/watch?v=eGFi53avn4Q&lc=UgzmquiZD0I_7TZQjKt4AaABAg.Aa02sdoPuYDAa44wlbd0AC,0,bps economic census tutorial,tidak_relevan,,sapaan,daerah,0.5,Asalamualaikum.aBunda CaAku,Teks berisi sapaan dan ungkapan pribadi yang tidak berkaitan dengan Sensus Ekonomi 2026 atau aplikasi Fasih BPS.,gemma-4-12b-qat-unsloth-prompt-v2,"{""video_id"": ""eGFi53avn4Q"", ""video_title"": ""Is Indonesia's Unemployment Rate Really Rising? Here Is the BPS Data"", ""channel"": ""Penjaga Harapan"", ""parent"": ""UgzmquiZD0I_7TZQjKt4AaABAg"", ""parent_text"": ""Distrust kepada pejabat & pemerintah yg tidak kompeten, berimbas pada seluruh kelengkapan negara"", ""video_lang"": null, ""is_favorited"": false}"
899e1cabe02345592ef7fd988d318569,youtube,UgzmquiZD0I_7TZQjKt4AaABAg.Aa02sdoPuYDAa45Lj1jQ4u,Seharus.nta.pare.dibatasu.kalo.ridak.dibatasi.uwang.cuman.buat.bacaka.par.re.diang.Bunda2CA❤❤🧕🌹👨‍🦰🌹💐💚💚💚💚💚💚,seharus nta pare dibatasu kalau ridak dibatasi uwang cuman untuk bacaka par re diang bunda2ca red heart red heart woman with headscarf rose man red hair rose bouquet green heart green heart green heart green heart green heart green heart,2026-09-01T00:00:00+00:00,@Sudirman-w9p6l,https://www.youtube.com/watch?v=eGFi53avn4Q&lc=UgzmquiZD0I_7TZQjKt4AaABAg.Aa02sdoPuYDAa45Lj1jQ4u,0,bps economic census tutorial,tidak_relevan,,opini,daerah,1.0,Seharus.nta.pare.dibatasu.kalo.ridak.dibatasi.uwang.cuman.buat.bacaka.par.re.diang,Teks menggunakan bahasa daerah (Sunda) yang membahas tentang pembatasan uang dan tidak berkaitan dengan Sensus Ekonomi 2026 atau aplikasi Fasih BPS.,gemma-4-12b-qat-unsloth-prompt-v2,"{""video_id"": ""eGFi53avn4Q"", ""video_title"": ""Is Indonesia's Unemployment Rate Really Rising? Here Is the BPS Data"", ""channel"": ""Penjaga Harapan"", ""parent"": ""UgzmquiZD0I_7TZQjKt4AaABAg"", ""parent_text"": ""Distrust kepada pejabat & pemerintah yg tidak kompeten, berimbas pada seluruh kelengkapan negara"", ""video_lang"": null, ""is_favorited"": false}"
79afff51dc6b816e1921603fd4051986,youtube,UgzmquiZD0I_7TZQjKt4AaABAg.Aa02sdoPuYDAa46Rho-JIW,Padahal.kalo.parte.dibebaskan.pajak.buat.backa.parte.doang.BunDan.banyak.parte.bukan.memajukan.negara.tapi.cuman.merusa.negara.Bunda❤❤❤❤❤❤❤🧕💐👨‍🦰🌹💐💐💐💐💐💚💚💚💚,padahal kalau parte dibebaskan pajak untuk backa parte saja bundan banyak parte bukan memajukan negara tapi cuman merusa negara bunda red heart red heart red heart red heart red heart red heart red heart woman with headscarf bouquet man red hair rose bouquet bouquet bouquet bouquet bouquet green heart green heart green heart green heart,2026-09-01T00:00:00+00:00,@Sudirman-w9p6l,https://www.youtube.com/watch?v=eGFi53avn4Q&lc=UgzmquiZD0I_7TZQjKt4AaABAg.Aa02sdoPuYDAa46Rho-JIW,0,bps economic census tutorial,tidak_relevan,,opini,indonesia,1.0,pajak buat backa parte,Teks membahas tentang pajak dan politik yang tidak berkaitan dengan Sensus Ekonomi 2026 atau aplikasi Fasih BPS.,gemma-4-12b-qat-unsloth-prompt-v2,"{""video_id"": ""eGFi53avn4Q"", ""video_title"": ""Is Indonesia's Unemployment Rate Really Rising? Here Is the BPS Data"", ""channel"": ""Penjaga Harapan"", ""parent"": ""UgzmquiZD0I_7TZQjKt4AaABAg"", ""parent_text"": ""Distrust kepada pejabat & pemerintah yg tidak kompeten, berimbas pada seluruh kelengkapan negara"", ""video_lang"": null, ""is_favorited"": false}"
d2b09c78423bbf7a306e8e0e76552fd0,youtube,UgzmquiZD0I_7TZQjKt4AaABAg.Aa02sdoPuYDAa47Cs1Oqt0,Juga para.penfusa.juga.sebenaranya.batu.negara.aheranya.cuman.bantu.perebutan.parte.doang.para.bunda.seebage.pengamat❤🧕🌹👨‍🦰🌹💐💐,juga para penfusa juga sebenaranya batu negara aheranya cuman bantu perebutan parte saja para bunda seebage pengamat red heart woman with headscarf rose man red hair rose bouquet bouquet,2026-09-01T00:00:00+00:00,@Sudirman-w9p6l,https://www.youtube.com/watch?v=eGFi53avn4Q&lc=UgzmquiZD0I_7TZQjKt4AaABAg.Aa02sdoPuYDAa47Cs1Oqt0,0,bps economic census tutorial,tidak_relevan,,opini,indonesia,1.0,batu.negara.aheranya.cuman.bantu.perebutan.parte,"Teks membahas tentang politik dan perebutan partai, tidak berkaitan dengan Sensus Ekonomi 2026 atau aplikasi Fasih BPS.",gemma-4-12b-qat-unsloth-prompt-v2,"{""video_id"": ""eGFi53avn4Q"", ""video_title"": ""Is Indonesia's Unemployment Rate Really Rising? Here Is the BPS Data"", ""channel"": ""Penjaga Harapan"", ""parent"": ""UgzmquiZD0I_7TZQjKt4AaABAg"", ""parent_text"": ""Distrust kepada pejabat & pemerintah yg tidak kompeten, berimbas pada seluruh kelengkapan negara"", ""video_lang"": null, ""is_favorited"": false}"
3c59c98943496414b16e64cb594e6d34,youtube,Ugx-4Vp8mrdGSJ_AqgN4AaABAg,"Kalo misal... anaknya diluar negri,,,, ibunya ikut di rumah anaknya,, ibu itu kurang mampu,,, adakah mendapatkan perhatian,,,dr negara.",kalau misal anaknya diluar negri ibunya ikut di rumah anaknya ibu itu kurang mampu adakah mendapatkan perhatian dari negara,2026-09-01T00:00:00+00:00,@earlyyanna4319,https://www.youtube.com/watch?v=eGFi53avn4Q&lc=Ugx-4Vp8mrdGSJ_AqgN4AaABAg,2,bps economic census tutorial,tidak_relevan,,opini,indonesia,1.0,"adakah mendapatkan perhatian,,,dr negara.",Teks membahas tentang bantuan sosial untuk warga di luar negeri dan tidak berkaitan dengan Sensus Ekonomi 2026 atau aplikasi Fasih BPS.,gemma-4-12b-qat-unsloth-prompt-v2,"{""video_id"": ""eGFi53avn4Q"", ""video_title"": ""Is Indonesia's Unemployment Rate Really Rising? Here Is the BPS Data"", ""channel"": ""Penjaga Harapan"", ""parent"": ""root"", ""parent_text"": null, ""video_lang"": null, ""is_favorited"": false}"
be79d4be1c4b1f20cf49a8a262bd0b1c,youtube,UgzKavCHEvveRsK3JIN4AaABAg,Jujur desil jdi persoalan tdk sesuai kebanyak,jujur desil jdi persoalan tidak sesuai kebanyak,2026-09-01T00:00:00+00:00,@hesronmansa384,https://www.youtube.com/watch?v=eGFi53avn4Q&lc=UgzKavCHEvveRsK3JIN4AaABAg,0,bps economic census tutorial,tidak_relevan,,opini,indonesia,1.0,Jujur desil jdi persoalan tdk sesuai kebanyak,"Teks membahas tentang desil yang tidak sesuai, tidak berkaitan dengan Sensus Ekonomi 2026 atau aplikasi Fasih BPS.",gemma-4-12b-qat-unsloth-prompt-v2,"{""video_id"": ""eGFi53avn4Q"", ""video_title"": ""Is Indonesia's Unemployment Rate Really Rising? Here Is the BPS Data"", ""channel"": ""Penjaga Harapan"", ""parent"": ""root"", ""parent_text"": null, ""video_lang"": null, ""is_favorited"": false}"
0d67180c3150e2b5c0dd786941f12e42,youtube,UgzeIPr2Bx1iWz2j0wt4AaABAg,Korupsi terus menerus dan jalan rusak di mana². Lalu pajak untuk apa?apa hanya untuk tunjangan milyaran pejabat? itulah yang membuat saya heran. Kenal luar negeri bayar pajak tp fasilitas umum bagus² dan rakyatnya sejahtera dengan gaji layak. Indonesia yg gaji layak cuma DPR dan kroninya 4SU,korupsi terus menerus dan jalan rusak di mana mana lalu pajak untuk apa saja hanya untuk tunjangan milyaran pejabat itulah yang membuat saya heran kenal luar negeri bayar pajak tp fasilitas umum bagus bagus dan rakyatnya sejahtera dengan gaji layak indonesia yang gaji layak cuma dpr dan kroninya 4su,2026-09-01T00:00:00+00:00,@MinkumSalam,https://www.youtube.com/watch?v=eGFi53avn4Q&lc=UgzeIPr2Bx1iWz2j0wt4AaABAg,0,bps economic census tutorial,tidak_relevan,,opini,indonesia,1.0,Korupsi terus menerus dan jalan rusak di mana²,"Teks membahas korupsi, infrastruktur, dan pajak secara umum, bukan tentang Sensus Ekonomi 2026 atau aplikasi Fasih BPS.",gemma-4-12b-qat-unsloth-prompt-v2,"{""video_id"": ""eGFi53avn4Q"", ""video_title"": ""Is Indonesia's Unemployment Rate Really Rising? Here Is the BPS Data"", ""channel"": ""Penjaga Harapan"", ""parent"": ""root"", ""parent_text"": null, ""video_lang"": null, ""is_favorited"": false}"
10de381a66cc303cd68efaead29d9922,youtube,UgzQNxCCqQY27SDqkK14AaABAg,"ngatur doang ga bisa ngasih kerjaan 🤣
udah ngga ngasih kerjaan, ngatur-ngatur, malak pajak, harga beras yg katanya swasembada malah jadi mahal, yg dipikirin itu cuma pegawai negeri aja. masyarakat biasa mah kagak dipikirin 🤭",ngatur saja tidak bisa memberi kerjaan rolling on the floor laughing sudah tidak memberi kerjaan ngatur ngatur malak pajak harga beras yang katanya swasembada malah jadi mahal yang dipikirin itu cuma pegawai negeri saja masyarakat biasa mah kagak dipikirin face with hand over mouth,2026-09-01T00:00:00+00:00,@cherryboomber8620,https://www.youtube.com/watch?v=eGFi53avn4Q&lc=UgzQNxCCqQY27SDqkK14AaABAg,1,bps economic census tutorial,tidak_relevan,,opini,indonesia,1.0,ngatur doang ga bisa ngasih kerjaan,"Teks membahas keluhan ekonomi makro dan kebijakan pemerintah secara umum, bukan tentang Sensus Ekonomi 2026 atau aplikasi Fasih BPS.",gemma-4-12b-qat-unsloth-prompt-v2,"{""video_id"": ""eGFi53avn4Q"", ""video_title"": ""Is Indonesia's Unemployment Rate Really Rising? Here Is the BPS Data"", ""channel"": ""Penjaga Harapan"", ""parent"": ""root"", ""parent_text"": null, ""video_lang"": null, ""is_favorited"": false}"
427f3226c4549ec086042f1995493fc7,youtube,Ugz0EvmnufTPBayR9lJ4AaABAg,awalnya .tp pada akhirnya yg menentukan,awalnya tp pada akhirnya yang menentukan,2026-09-01T00:00:00+00:00,@marsono4263,https://www.youtube.com/watch?v=eGFi53avn4Q&lc=Ugz0EvmnufTPBayR9lJ4AaABAg,0,bps economic census tutorial,tidak_relevan,,opini,indonesia,1.0,awalnya .tp pada akhirnya yg menentukan,"Teks tidak membahas Sensus Ekonomi 2026, aplikasi Fasih BPS, atau kegiatan pendataan terkait.",gemma-4-12b-qat-unsloth-prompt-v2,"{""video_id"": ""eGFi53avn4Q"", ""video_title"": ""Is Indonesia's Unemployment Rate Really Rising? Here Is the BPS Data"", ""channel"": ""Penjaga Harapan"", ""parent"": ""root"", ""parent_text"": null, ""video_lang"": null, ""is_favorited"": false}"
5a7d7122179c61619e1b3abc1e33a309,youtube,UgwwPfz1Rz6p8nH8cKh4AaABAg,"masih ada yang percaya omongan pejabat..??
pagi tahu sore tempe",masih ada yang percaya omongan pejabat pagi tahu sore tempe,2026-09-01T00:00:00+00:00,@bbm0032,https://www.youtube.com/watch?v=eGFi53avn4Q&lc=UgwwPfz1Rz6p8nH8cKh4AaABAg,1,bps economic census tutorial,tidak_relevan,,opini,indonesia,1.0,masih ada yang percaya omongan pejabat..?? pagi tahu sore tempe,"Teks berisi kritik terhadap pejabat dan ketidakpercayaan publik secara umum, tidak berkaitan dengan Sensus Ekonomi 2026 atau aplikasi Fasih BPS.",gemma-4-12b-qat-unsloth-prompt-v2,"{""video_id"": ""eGFi53avn4Q"", ""video_title"": ""Is Indonesia's Unemployment Rate Really Rising? Here Is the BPS Data"", ""channel"": ""Penjaga Harapan"", ""parent"": ""root"", ""parent_text"": null, ""video_lang"": null, ""is_favorited"": false}"
7164ad4a0ca9889ae3f503da00650e82,youtube,UgyHHm-kAguby16UEhx4AaABAg,Ini komentator Ama yg wancaara sama orang kaya mau ngomong segudang enak ajak .harta berlimpah .,ini komentator ama yang wancaara sama orang kaya mau ngomong segudang enak ajak harta berlimpah,2026-09-01T00:00:00+00:00,@AryoWidi-yz2pv,https://www.youtube.com/watch?v=eGFi53avn4Q&lc=UgyHHm-kAguby16UEhx4AaABAg,1,bps economic census tutorial,tidak_relevan,,opini,campur,1.0,ngomong segudang enak ajak .harta berlimpah,"Teks membahas tentang kekayaan pribadi dan komentar terhadap narasumber, tidak berkaitan dengan Sensus Ekonomi 2026 atau aplikasi Fasih BPS.",gemma-4-12b-qat-unsloth-prompt-v2,"{""video_id"": ""eGFi53avn4Q"", ""video_title"": ""Is Indonesia's Unemployment Rate Really Rising? Here Is the BPS Data"", ""channel"": ""Penjaga Harapan"", ""parent"": ""root"", ""parent_text"": null, ""video_lang"": null, ""is_favorited"": false}"
2c7d97eec71b8316cc8349cc4723aba8,youtube,Ugxnl5wb5fZmrFcTght4AaABAg.Aa1gojeqRrUAa2E6BeOZ0d,"Dri sinilah awal mulany bnykny pangkas2 anggaran bpjs kshtan  dn pnddikn,
Pntas bnyk bpjs yg non aktp bnyk mhssw yg ga bs lnjut lgi 
Dan pidato pk wowo yg mnggelegar 
Kupas bawang 
Penggiling pdi",dri sinilah awal mulany bnykny pangkas pangkas anggaran bpjs kshtan dn pnddikn pntas bnyk bpjs yang non aktp bnyk mhssw yang tidak bs lnjut lgi dan pidato pakai wowo yang mnggelegar kupas bawang penggiling pdi,2026-09-01T00:00:00+00:00,@Hairnwangka,https://www.youtube.com/watch?v=eGFi53avn4Q&lc=Ugxnl5wb5fZmrFcTght4AaABAg.Aa1gojeqRrUAa2E6BeOZ0d,0,bps economic census tutorial,tidak_relevan,,opini,indonesia,1.0,pangkas2 anggaran bpjs kshtan dn pnddikn,"Teks membahas anggaran BPJS dan kebijakan pemerintah, bukan tentang Sensus Ekonomi 2026 atau aplikasi Fasih BPS.",gemma-4-12b-qat-unsloth-prompt-v2,"{""video_id"": ""eGFi53avn4Q"", ""video_title"": ""Is Indonesia's Unemployment Rate Really Rising? Here Is the BPS Data"", ""channel"": ""Penjaga Harapan"", ""parent"": ""Ugxnl5wb5fZmrFcTght4AaABAg"", ""parent_text"": ""Ibu BPS ini gak beda dengan Wowo bos nya, mau inii mau ituu banyak mauu... ternyata para menteri korup dan pejabat korup lainnya jauh lebih pintar memanfaatkan mainan baru mereka berdua, DESIL.  Mainan baru yang gak ada baru nya, bukan inovasi menunjang efektivitas kebijakan, tapi alat ngerem yang dua tiga kali lebih jahat dari efisiensi kebijakan yang sudah sangat buruk dirasakan.  Aplikasi desil aneh, masuk data sampah keluar pun sampah yang mengerikan.  Ditinjau lagi Bu jangan asal launching, tanpa di-piloting skala kabupaten kota duluu... main hajar nasional, ya bubrahhh!! ☝️😵‍💫🥱🙈🙃💥"", ""video_lang"": null, ""is_favorited"": false}"
8afa53360dade04fd2eaf4f5289e7dea,youtube,Ugyl4uX2243Jxb4uEtB4AaABAg,Dari bentuk cassing gak percaya,dari bentuk cassing tidak percaya,2026-09-01T00:00:00+00:00,@qomartberdaya,https://www.youtube.com/watch?v=eGFi53avn4Q&lc=Ugyl4uX2243Jxb4uEtB4AaABAg,0,bps economic census tutorial,tidak_relevan,,opini,indonesia,1.0,Dari bentuk cassing gak percaya,"Teks tidak membahas Sensus Ekonomi 2026, aplikasi Fasih BPS, atau petugas pendataan.",gemma-4-12b-qat-unsloth-prompt-v2,"{""video_id"": ""eGFi53avn4Q"", ""video_title"": ""Is Indonesia's Unemployment Rate Really Rising? Here Is the BPS Data"", ""channel"": ""Penjaga Harapan"", ""parent"": ""root"", ""parent_text"": null, ""video_lang"": null, ""is_favorited"": false}"
f2f770cf596febcf562a2e372da7ec1c,youtube,UgzPqdBjcI15SbhdMkB4AaABAg,"Pemerintah yg seharusnya memberikan data yg benar, 
KORUPSI MERAJALELA DI LINDUNGI, TAMBANG / KEKAYAAN ALAM DI PANEN BEBERAPA PEJABAT SAJA, UTANG MENGGILA, BELANJA NEGARA NGAWUR.
apa yg bisa diharapkan? Masa depan SURAM",pemerintah yang seharusnya memberikan data yang benar korupsi merajalela di lindungi tambang kekayaan alam di panen beberapa pejabat saja utang menggila belanja negara ngawur apa yang bisa diharapkan masa depan suram,2026-09-01T00:00:00+00:00,@hardi1001ify,https://www.youtube.com/watch?v=eGFi53avn4Q&lc=UgzPqdBjcI15SbhdMkB4AaABAg,0,bps economic census tutorial,tidak_relevan,,opini,indonesia,1.0,"Pemerintah yg seharusnya memberikan data yg benar, KORUPSI MERAJALELA DI LINDUNGI","Teks membahas korupsi dan utang negara secara umum, bukan tentang Sensus Ekonomi 2026 atau aplikasi Fasih BPS.",gemma-4-12b-qat-unsloth-prompt-v2,"{""video_id"": ""eGFi53avn4Q"", ""video_title"": ""Is Indonesia's Unemployment Rate Really Rising? Here Is the BPS Data"", ""channel"": ""Penjaga Harapan"", ""parent"": ""root"", ""parent_text"": null, ""video_lang"": null, ""is_favorited"": false}"
feb0af19592d3284f6e7c06ebac8e9d7,youtube,Ugwmq8Q7z5kiE4-AgSV4AaABAg,🤕🤕😇,face with head bandage face with head bandage smiling face with halo,2026-09-01T00:00:00+00:00,@AgusSalim-ew4ok,https://www.youtube.com/watch?v=eGFi53avn4Q&lc=Ugwmq8Q7z5kiE4-AgSV4AaABAg,0,bps economic census tutorial,tidak_relevan,,sapaan,indonesia,0.5,🤕🤕😇,Teks hanya berupa emoji tanpa kata-kata yang berkaitan dengan Sensus Ekonomi 2026 atau aplikasi Fasih BPS.,gemma-4-12b-qat-unsloth-prompt-v2,"{""video_id"": ""eGFi53avn4Q"", ""video_title"": ""Is Indonesia's Unemployment Rate Really Rising? Here Is the BPS Data"", ""channel"": ""Penjaga Harapan"", ""parent"": ""root"", ""parent_text"": null, ""video_lang"": null, ""is_favorited"": false}"
c1f7aef3489f1caa29258036e41d74da,youtube,UgyeNAkp24jbCiENMzZ4AaABAg,Hapus desil Bu itu desil 67 di kemarin jatah na apa di koropsi,hapus desil bu itu desil 67 di kemarin jatah na apa di koropsi,2026-09-01T00:00:00+00:00,@ImasSahli,https://www.youtube.com/watch?v=eGFi53avn4Q&lc=UgyeNAkp24jbCiENMzZ4AaABAg,0,bps economic census tutorial,tidak_relevan,,opini,indonesia,1.0,Hapus desil Bu itu desil 67,Teks membahas tentang desil dan dugaan korupsi yang tidak berkaitan dengan Sensus Ekonomi 2026 atau aplikasi Fasih BPS.,gemma-4-12b-qat-unsloth-prompt-v2,"{""video_id"": ""eGFi53avn4Q"", ""video_title"": ""Is Indonesia's Unemployment Rate Really Rising? Here Is the BPS Data"", ""channel"": ""Penjaga Harapan"", ""parent"": ""root"", ""parent_text"": null, ""video_lang"": null, ""is_favorited"": false}"
b46d5fa8f65bda1d0e443ad7a061f357,youtube,UgwYlud3sY0tJ6iZGI14AaABAg,"Dlu pk presiden  janji org tua usia lanjut   di kasi bntuan sehumur hidip, klo begitu prcuma dlu ibu sy memilih pk prabwo",dlu pakai presiden janji orang tua usia lanjut di kasi bntuan sehumur hidip kalau begitu prcuma dlu ibu sy memilih pakai prabwo,2026-09-01T00:00:00+00:00,@bangsantuychenel1593,https://www.youtube.com/watch?v=eGFi53avn4Q&lc=UgwYlud3sY0tJ6iZGI14AaABAg,0,bps economic census tutorial,tidak_relevan,,opini,indonesia,1.0,janji org tua usia lanjut,"Teks membahas janji politik dan bantuan sosial, tidak berkaitan dengan Sensus Ekonomi 2026 atau aplikasi Fasih BPS.",gemma-4-12b-qat-unsloth-prompt-v2,"{""video_id"": ""eGFi53avn4Q"", ""video_title"": ""Is Indonesia's Unemployment Rate Really Rising? Here Is the BPS Data"", ""channel"": ""Penjaga Harapan"", ""parent"": ""root"", ""parent_text"": null, ""video_lang"": null, ""is_favorited"": false}"
b2fd5dfb12ebdde1c2ddfc788bfeabe1,youtube,UgxtMFKYMyeIz3vply54AaABAg,Coba datangin koruptor brani ga luh,coba datangin koruptor brani tidak luh,2026-09-01T00:00:00+00:00,@octavianusyo3765,https://www.youtube.com/watch?v=eGFi53avn4Q&lc=UgxtMFKYMyeIz3vply54AaABAg,0,bps economic census tutorial,tidak_relevan,,opini,indonesia,1.0,Coba datangin koruptor brani ga luh,Teks membahas isu korupsi dan tidak berkaitan dengan Sensus Ekonomi 2026 atau aplikasi Fasih BPS.,gemma-4-12b-qat-unsloth-prompt-v2,"{""video_id"": ""eGFi53avn4Q"", ""video_title"": ""Is Indonesia's Unemployment Rate Really Rising? Here Is the BPS Data"", ""channel"": ""Penjaga Harapan"", ""parent"": ""root"", ""parent_text"": null, ""video_lang"": null, ""is_favorited"": false}"
e321410307917d1e0da5c8a8cb22f6e9,youtube,UgxZtgcUZ2-Xfv3IIxN4AaABAg,Pret lah,pret lah,2026-09-01T00:00:00+00:00,@octavianusyo3765,https://www.youtube.com/watch?v=eGFi53avn4Q&lc=UgxZtgcUZ2-Xfv3IIxN4AaABAg,0,bps economic census tutorial,tidak_relevan,,opini,indonesia,1.0,Pret lah,"Teks tidak membicarakan Sensus Ekonomi 2026, aplikasi Fasih BPS, atau hal terkait lainnya.",gemma-4-12b-qat-unsloth-prompt-v2,"{""video_id"": ""eGFi53avn4Q"", ""video_title"": ""Is Indonesia's Unemployment Rate Really Rising? Here Is the BPS Data"", ""channel"": ""Penjaga Harapan"", ""parent"": ""root"", ""parent_text"": null, ""video_lang"": null, ""is_favorited"": false}"
e3be3e8672cac8af346ef67aa810019b,youtube,UgzdxQqaY7XA62W7mRN4AaABAg,"Buk sy dri kalbar, Ngpa buk ibu sy janda cerai mati di nik ktp desil 5  bnsos ny tk ada lgi   , jga hari ini tdk dpt beras di desa, ibu sy nma ny di nik ktp ibu theresia, lahir 1964, lgi pula ibu sy udh tua , krja cuma noreh getah, Beras mahal tdk sesuai dgn hrga karet🙏🏻",buk sy dri kalbar ngpa buk ibu sy janda cerai mati di nik ktp desil 5 bnsos ny tk ada lgi juga hari ini tidak dpt beras di desa ibu sy nma ny di nik ktp ibu theresia lahir 1964 lgi pula ibu sy sudah tua krja cuma noreh getah beras mahal tidak sesuai dengan hrga karet folded hands light skin tone,2026-09-01T00:00:00+00:00,@bangsantuychenel1593,https://www.youtube.com/watch?v=eGFi53avn4Q&lc=UgzdxQqaY7XA62W7mRN4AaABAg,1,bps economic census tutorial,tidak_relevan,,opini,indonesia,1.0,Beras mahal tdk sesuai dgn hrga karet,"Teks membahas keluhan ekonomi pribadi dan bantuan sosial, bukan tentang Sensus Ekonomi 2026 atau aplikasi Fasih BPS.",gemma-4-12b-qat-unsloth-prompt-v2,"{""video_id"": ""eGFi53avn4Q"", ""video_title"": ""Is Indonesia's Unemployment Rate Really Rising? Here Is the BPS Data"", ""channel"": ""Penjaga Harapan"", ""parent"": ""root"", ""parent_text"": null, ""video_lang"": null, ""is_favorited"": false}"
7b5e3a4f88e61f7fd806a4b59bcd99d0,youtube,UgzYlYd7FZ4EtXzqZBd4AaABAg,Percayalahah.. jalian hidup gsk cuman di dunia..   berbuatlah sesuka hatimu di dunia..  kelak akhirat lah yanf akan memberikan balasan...,percayalahah jalian hidup gsk cuman di dunia berbuatlah sesuka hatimu di dunia kelak akhirat lah yanf akan memberikan balasan,2026-09-01T00:00:00+00:00,@sinopsis1339,https://www.youtube.com/watch?v=lK48nLoygr8&lc=UgzYlYd7FZ4EtXzqZBd4AaABAg,0,@BPSStatistics,tidak_relevan,,opini,indonesia,1.0,jalian hidup gsk cuman di dunia,Teks berisi nasihat spiritual/keagamaan dan tidak berkaitan dengan Sensus Ekonomi 2026 atau aplikasi Fasih BPS.,gemma-4-12b-qat-unsloth-prompt-v2,"{""video_id"": ""lK48nLoygr8"", ""video_title"": ""[Economic Census] SE2026 on Enggano Island, Reaching the Outermost Frontiers"", ""channel"": ""BPS Statistics"", ""parent"": ""root"", ""parent_text"": null, ""video_lang"": null, ""is_favorited"": false}"
2ec93ca17ed5afa52d4ae74cedc2b314,youtube,Ugx0yUjk9zfO_fNRdEJ4AaABAg,"Masyarakat nya yg disalahkan,",masyarakat nya yang disalahkan,2026-09-02T00:00:00+00:00,@KopiKuaci,https://www.youtube.com/watch?v=eGFi53avn4Q&lc=Ugx0yUjk9zfO_fNRdEJ4AaABAg,0,bps economic census tutorial,tidak_relevan,,opini,indonesia,1.0,Masyarakat nya yg disalahkan,Teks membahas tentang penyalahan masyarakat dan tidak berkaitan dengan Sensus Ekonomi 2026 atau aplikasi Fasih BPS.,gemma-4-12b-qat-unsloth-prompt-v2,"{""video_id"": ""eGFi53avn4Q"", ""video_title"": ""Is Indonesia's Unemployment Rate Really Rising? Here Is the BPS Data"", ""channel"": ""Penjaga Harapan"", ""parent"": ""root"", ""parent_text"": null, ""video_lang"": null, ""is_favorited"": false}"
0c9fbe3ca6d1f1f978760934dfc7f218,youtube,UgzBtNr2l_aoTXnE9j14AaABAg,"Ngomongnya lembut dan manis, ciri2 pembohong dan penipu",ngomongnya lembut dan manis ciri ciri pembohong dan penipu,2026-09-02T00:00:00+00:00,@FrankiPanjaitan,https://www.youtube.com/watch?v=eGFi53avn4Q&lc=UgzBtNr2l_aoTXnE9j14AaABAg,0,bps economic census tutorial,tidak_relevan,,opini,indonesia,1.0,ciri2 pembohong dan penipu,Teks berisi hinaan terhadap pembicara video dan tidak berkaitan dengan Sensus Ekonomi 2026 atau aplikasi Fasih BPS.,gemma-4-12b-qat-unsloth-prompt-v2,"{""video_id"": ""eGFi53avn4Q"", ""video_title"": ""Is Indonesia's Unemployment Rate Really Rising? Here Is the BPS Data"", ""channel"": ""Penjaga Harapan"", ""parent"": ""root"", ""parent_text"": null, ""video_lang"": null, ""is_favorited"": false}"
4193103c6d7276c2674cb95648dcc187,youtube,Ugx00_uXnebflxoy5vV4AaABAg,Tai lah... untuk koruptor.,tai lah untuk koruptor,2026-09-02T00:00:00+00:00,@EndahWr-t6t,https://www.youtube.com/watch?v=eGFi53avn4Q&lc=Ugx00_uXnebflxoy5vV4AaABAg,0,bps economic census tutorial,tidak_relevan,,opini,indonesia,1.0,Tai lah... untuk koruptor.,Teks berisi umpatan terhadap koruptor dan tidak berkaitan dengan Sensus Ekonomi 2026 atau aplikasi Fasih BPS.,gemma-4-12b-qat-unsloth-prompt-v2,"{""video_id"": ""eGFi53avn4Q"", ""video_title"": ""Is Indonesia's Unemployment Rate Really Rising? Here Is the BPS Data"", ""channel"": ""Penjaga Harapan"", ""parent"": ""root"", ""parent_text"": null, ""video_lang"": null, ""is_favorited"": false}"
d8128b2863f27a9c27c064e4164a4bfc,youtube,Ugw9ZNj5rPhAD80eujB4AaABAg,Jk itu menurut  terbsik lakukan sj buat  bangsa j j atau buat apa untuk apa  manfaat unyuk apa untuk siapa sy tdk tauk  sy sdh mau terlslu byk  ikut cpr dalam kontrubhsi kskian dlm btk apapun  sdh byk  kejsnggalan gg sy temui   di komunitas kskian bshkan mlh membust sy tbh   plimpan  tdk tauk  arah dan subjek yg palid dan nyata   bgku tdk  dampsk msna yg  harus  sy jdksn  kontruksi langkshka  sibyal2 yg tdk jls  dan sy msu tanya kepada semua  sebenarnya yv lunya kuasa di kominitas kaliam ini siapa  yg lunya channel siap yg punya  pedoman siapa dan yg pembawa peran ini sebenarnya siapa   ahkir2 ini  otakku tdk mampu menampung keluhan kalian   dan sy trrus trg sy tdk msmpu dan tdk sanggup,jk itu menurut terbsik lakukan sj untuk bangsa j j atau untuk apa untuk apa manfaat unyuk apa untuk siapa sy tidak tauk sy sdh mau terlslu byk ikut cpr dalam kontrubhsi kskian dlm btk apapun sdh byk kejsnggalan gg sy temui di komunitas kskian bshkan mlh membust sy tbh plimpan tidak tauk arah dan subjek yang palid dan nyata bgku tidak dampsk msna yang harus sy jdksn kontruksi langkshka sibyal sibyal yang tidak jls dan sy msu tanya kepada semua sebenarnya yv lunya kuasa di kominitas kaliam ini siapa yang lunya channel siap yang punya pedoman siapa dan yang pembawa peran ini sebenarnya siapa ahkir ahkir ini otakku tidak mampu menampung keluhan kalian dan sy trrus trg sy tidak msmpu dan tidak sanggup,2026-09-02T00:00:00+00:00,@Megawati-m3z,https://www.youtube.com/watch?v=d5Pli1Pcyo0&lc=Ugw9ZNj5rPhAD80eujB4AaABAg,0,sensus ekonomi bps penjelasan,tidak_relevan,,opini,indonesia,1.0,sy tdk tauk sy sdh mau terlslu byk ikut cpr dalam kontrubhsi kskian,Teks membahas tentang kontribusi komunitas dan keluhan pribadi yang tidak berkaitan dengan Sensus Ekonomi 2026 atau aplikasi Fasih BPS.,gemma-4-12b-qat-unsloth-prompt-v2,"{""video_id"": ""d5Pli1Pcyo0"", ""video_title"": ""BPS Tegaskan Sensus Ekonomi 2026 Bukan untuk Kejar Pajak"", ""channel"": ""KONTAN TV"", ""parent"": ""root"", ""parent_text"": null, ""video_lang"": null, ""is_favorited"": false}"
afcea051f89ea30cfed6d2706869f80f,youtube,UgyC7P19TKhFyeCR3SF4AaABAg,"Buk buk, ingat akherat buk... Berapa orang  yang ibu dzolim dan cabut haknya secara langsung... Mungkin ada beberapa orang yang bersaksi ibu orang baik tapi berapa ribu orang yang mengingat muka ibu untuk bersaksi yang memberatkan.....",buk buk ingat akherat buk berapa orang yang ibu dzolim dan cabut haknya secara langsung mungkin ada beberapa orang yang bersaksi ibu orang baik tapi berapa ribu orang yang mengingat muka ibu untuk bersaksi yang memberatkan,2026-09-03T00:00:00+00:00,@wibowohy3115,https://www.youtube.com/watch?v=eGFi53avn4Q&lc=UgyC7P19TKhFyeCR3SF4AaABAg,1,bps economic census tutorial,tidak_relevan,,opini,indonesia,1.0,ingat akherat buk... Berapa orang yang ibu dzolim,Teks berisi teguran moral/agama pribadi dan tidak berkaitan dengan Sensus Ekonomi 2026 atau aplikasi Fasih BPS.,gemma-4-12b-qat-unsloth-prompt-v2,"{""video_id"": ""eGFi53avn4Q"", ""video_title"": ""Is Indonesia's Unemployment Rate Really Rising? Here Is the BPS Data"", ""channel"": ""Penjaga Harapan"", ""parent"": ""root"", ""parent_text"": null, ""video_lang"": null, ""is_favorited"": false}"
adf0c25cbd19914ba08edd145421de12,youtube,UgwB_19eov8dppl1QUB4AaABAg,Betul saya desil satu  juga gak dapat  malah  pkh  plt malah di coret  buk,betul saya desil satu juga tidak dapat malah pkh plt malah di coret buk,2026-09-03T00:00:00+00:00,@Tuminah-r8x7v,https://www.youtube.com/watch?v=eGFi53avn4Q&lc=UgwB_19eov8dppl1QUB4AaABAg,0,bps economic census tutorial,tidak_relevan,,opini,indonesia,1.0,gak dapat malah pkh plt malah di coret,Teks membahas tentang bantuan sosial (PKH) dan bukan tentang Sensus Ekonomi 2026 atau aplikasi Fasih BPS.,gemma-4-12b-qat-unsloth-prompt-v2,"{""video_id"": ""eGFi53avn4Q"", ""video_title"": ""Is Indonesia's Unemployment Rate Really Rising? Here Is the BPS Data"", ""channel"": ""Penjaga Harapan"", ""parent"": ""root"", ""parent_text"": null, ""video_lang"": null, ""is_favorited"": false}"
fb5039e15da93ab031bd4112aca17d86,youtube,UgxPb3476oB9n3q6NgB4AaABAg,"Hati"" ini aku punya .....",hati ini aku punya,2026-09-03T00:00:00+00:00,@m.ridwanchanafi-t4w,https://www.youtube.com/watch?v=HSxx8ubHT40&lc=UgxPb3476oB9n3q6NgB4AaABAg,0,sensus ekonomi bps penjelasan,tidak_relevan,,sapaan,indonesia,0.5,Hati,Teks tidak mengandung informasi atau penilaian terkait Sensus Ekonomi 2026 atau aplikasi Fasih BPS.,gemma-4-12b-qat-unsloth-prompt-v2,"{""video_id"": ""HSxx8ubHT40"", ""video_title"": ""UNMASKING THE 2026 ECONOMIC CENSUS AGENDA: IS IT REALLY JUST FOR DATA?"", ""channel"": ""Sadar Keuangan"", ""parent"": ""root"", ""parent_text"": null, ""video_lang"": null, ""is_favorited"": false}"
c41c7cc9445b0c25b30c60e5ba2c994a,youtube,Ugzrn4kTh0WvK3ctRMl4AaABAg,desil justru merugikan buat kelas menegah,desil justru merugikan untuk kelas menegah,2026-09-06T00:00:00+00:00,@andrewlongdong9933,https://www.youtube.com/watch?v=eGFi53avn4Q&lc=Ugzrn4kTh0WvK3ctRMl4AaABAg,0,bps economic census tutorial,tidak_relevan,,opini,indonesia,1.0,desil justru merugikan buat kelas menegah,Teks membahas tentang desil dan kelas menengah yang tidak berkaitan dengan Sensus Ekonomi 2026 atau aplikasi Fasih BPS.,gemma-4-12b-qat-unsloth-prompt-v2,"{""video_id"": ""eGFi53avn4Q"", ""video_title"": ""Is Indonesia's Unemployment Rate Really Rising? Here Is the BPS Data"", ""channel"": ""Penjaga Harapan"", ""parent"": ""root"", ""parent_text"": null, ""video_lang"": null, ""is_favorited"": false}"
bd0e00a384a9b1bd4629ba3be9880713,youtube,Ugz_CNeV4YffTojYJkR4AaABAg,Tahun ini semoga putri ku bisa lolos seleksi ...kabulkan doa ku Yaa Allah...,tahun ini semoga putri ku bisa lolos seleksi kabulkan doa ku yaa allah,2026-09-06T00:00:00+00:00,@riniastwd.7075,https://www.youtube.com/watch?v=NPH0sLdFZdo&lc=Ugz_CNeV4YffTojYJkR4AaABAg,2,@BPSStatistics,tidak_relevan,,opini,indonesia,1.0,semoga putri ku bisa lolos seleksi,Teks berisi doa pribadi untuk seleksi masuk perguruan tinggi dan tidak berkaitan dengan Sensus Ekonomi 2026 atau aplikasi Fasih BPS.,gemma-4-12b-qat-unsloth-prompt-v2,"{""video_id"": ""NPH0sLdFZdo"", ""video_title"": ""We Are Waiting for You at Politeknik Statistika STIS"", ""channel"": ""BPS Statistics"", ""parent"": ""root"", ""parent_text"": null, ""video_lang"": null, ""is_favorited"": false}"
c71cc3e5b45d679b724d43804b5cdd40,youtube,UgxgkrDZPKfYCTxCL194AaABAg,Yaa Allah ijinkan anak hamba  keterima dan lolos di STIS...Aamiin,yaa allah ijinkan anak hamba keterima dan lolos di stis aamiin,2026-09-07T00:00:00+00:00,@mraflymaul3179,https://www.youtube.com/watch?v=NPH0sLdFZdo&lc=UgxgkrDZPKfYCTxCL194AaABAg,0,@BPSStatistics,tidak_relevan,,opini,indonesia,1.0,ijinkan anak hamba keterima dan lolos di STIS,Teks berisi doa pribadi untuk masuk ke perguruan tinggi dan tidak berkaitan dengan Sensus Ekonomi 2026 atau aplikasi Fasih BPS.,gemma-4-12b-qat-unsloth-prompt-v2,"{""video_id"": ""NPH0sLdFZdo"", ""video_title"": ""We Are Waiting for You at Politeknik Statistika STIS"", ""channel"": ""BPS Statistics"", ""parent"": ""root"", ""parent_text"": null, ""video_lang"": null, ""is_favorited"": false}"
d6331c76e4e38dbd9bbc8ca5fea8fae3,youtube,Ugy08qGNABUQV9OICbh4AaABAg,Tunggu anakku ....Aamiin ya Alloh,tunggu anakku aamiin ya alloh,2026-09-07T00:00:00+00:00,@ANIZULKHIJAYANTI,https://www.youtube.com/watch?v=NPH0sLdFZdo&lc=Ugy08qGNABUQV9OICbh4AaABAg,0,@BPSStatistics,tidak_relevan,,sapaan,indonesia,0.5,Tunggu anakku ....Aamiin ya Alloh,Teks merupakan doa atau harapan pribadi yang tidak berkaitan dengan Sensus Ekonomi 2026 atau aplikasi Fasih BPS.,gemma-4-12b-qat-unsloth-prompt-v2,"{""video_id"": ""NPH0sLdFZdo"", ""video_title"": ""We Are Waiting for You at Politeknik Statistika STIS"", ""channel"": ""BPS Statistics"", ""parent"": ""root"", ""parent_text"": null, ""video_lang"": null, ""is_favorited"": false}"
18287d336962506bc3cb66d8bcc7a177,youtube,UgxRZyshwDzOEK3jMCd4AaABAg,"Bismillah, semoga anak kami bisa bergabung 2 tahun lagi",bismillah semoga anak kami bisa bergabung 2 tahun lagi,2026-09-07T00:00:00+00:00,@giminastiti9111,https://www.youtube.com/watch?v=NPH0sLdFZdo&lc=UgxRZyshwDzOEK3jMCd4AaABAg,0,@BPSStatistics,tidak_relevan,,opini,indonesia,1.0,semoga anak kami bisa bergabung 2 tahun lagi,Teks membahas tentang keinginan masuk ke institusi pendidikan (STIS) dan tidak berkaitan dengan Sensus Ekonomi 2026 atau aplikasi Fasih BPS.,gemma-4-12b-qat-unsloth-prompt-v2,"{""video_id"": ""NPH0sLdFZdo"", ""video_title"": ""We Are Waiting for You at Politeknik Statistika STIS"", ""channel"": ""BPS Statistics"", ""parent"": ""root"", ""parent_text"": null, ""video_lang"": null, ""is_favorited"": false}"
9850919c209d05f0a95102c8c78cc77e,youtube,UgyXGtWvt43ICSZZbHp4AaABAg,"Bismillah, semoga thn ini putri saya di ridhoi Allah untuk bisa kuliah di STIS, Aamiin allahumma Aamiin🤲",bismillah semoga tahun ini putri saya di ridhoi allah untuk bisa kuliah di stis aamiin allahumma aamiin palms up together,2026-09-07T00:00:00+00:00,@marliacann,https://www.youtube.com/watch?v=NPH0sLdFZdo&lc=UgyXGtWvt43ICSZZbHp4AaABAg,0,@BPSStatistics,tidak_relevan,,opini,indonesia,1.0,semoga thn ini putri saya di ridhoi Allah untuk bisa kuliah di STIS,Teks berisi doa pribadi untuk masuk ke perguruan tinggi dan tidak berkaitan dengan Sensus Ekonomi 2026 atau aplikasi Fasih BPS.,gemma-4-12b-qat-unsloth-prompt-v2,"{""video_id"": ""NPH0sLdFZdo"", ""video_title"": ""We Are Waiting for You at Politeknik Statistika STIS"", ""channel"": ""BPS Statistics"", ""parent"": ""root"", ""parent_text"": null, ""video_lang"": null, ""is_favorited"": false}"
46178fa3531afb7e09124e38e632c684,youtube,UgxEs0DwQ3XTspEOC4J4AaABAg,Semoga tahun ini putra saya bisa lulus seleksi di politeknik stis aamiin,semoga tahun ini putra saya bisa lulus seleksi di politeknik stis aamiin,2026-09-07T00:00:00+00:00,@fathanfalih5675,https://www.youtube.com/watch?v=NPH0sLdFZdo&lc=UgxEs0DwQ3XTspEOC4J4AaABAg,0,@BPSStatistics,tidak_relevan,,opini,indonesia,1.0,lulus seleksi di politeknik stis,Teks membahas tentang seleksi masuk pendidikan (Politeknik STIS) dan bukan tentang Sensus Ekonomi 2026 atau aplikasi Fasih BPS.,gemma-4-12b-qat-unsloth-prompt-v2,"{""video_id"": ""NPH0sLdFZdo"", ""video_title"": ""We Are Waiting for You at Politeknik Statistika STIS"", ""channel"": ""BPS Statistics"", ""parent"": ""root"", ""parent_text"": null, ""video_lang"": null, ""is_favorited"": false}"
d15246be1333b836396c192d0c3d7cdf,youtube,Ugy5hTm0RsMKzUQ3sup4AaABAg,Bismillah ya Alloh semoga Putri diterima tahun ini,bismillah ya alloh semoga putri diterima tahun ini,2026-09-07T00:00:00+00:00,@TeguhHeri-m3c,https://www.youtube.com/watch?v=NPH0sLdFZdo&lc=Ugy5hTm0RsMKzUQ3sup4AaABAg,0,@BPSStatistics,tidak_relevan,,sapaan,indonesia,0.5,semoga Putri diterima tahun ini,Teks berisi doa pribadi untuk penerimaan sekolah dan tidak berkaitan dengan Sensus Ekonomi 2026 atau aplikasi Fasih BPS.,gemma-4-12b-qat-unsloth-prompt-v2,"{""video_id"": ""NPH0sLdFZdo"", ""video_title"": ""We Are Waiting for You at Politeknik Statistika STIS"", ""channel"": ""BPS Statistics"", ""parent"": ""root"", ""parent_text"": null, ""video_lang"": null, ""is_favorited"": false}"
9ad30a717bad92975d261d5fe49d719f,youtube,Ugw8n-nYE71MB8REgf54AaABAg,"Semoga tahun ini anak saya lolos seleksi,Kobul ya Allah",semoga tahun ini anak saya lolos seleksi kobul ya allah,2026-09-07T00:00:00+00:00,@abuyanimajed6769,https://www.youtube.com/watch?v=NPH0sLdFZdo&lc=Ugw8n-nYE71MB8REgf54AaABAg,0,@BPSStatistics,tidak_relevan,,opini,indonesia,1.0,Semoga tahun ini anak saya lolos seleksi,Teks berisi doa pribadi untuk seleksi masuk perguruan tinggi dan tidak berkaitan dengan Sensus Ekonomi 2026 atau aplikasi Fasih BPS.,gemma-4-12b-qat-unsloth-prompt-v2,"{""video_id"": ""NPH0sLdFZdo"", ""video_title"": ""We Are Waiting for You at Politeknik Statistika STIS"", ""channel"": ""BPS Statistics"", ""parent"": ""root"", ""parent_text"": null, ""video_lang"": null, ""is_favorited"": false}"
6862c6f1bdea29759cdf87631939bcdb,youtube,UgxabxjdeKkDsGI9TSB4AaABAg,"Pengangguran setiap tahun bisa meningkatkan jika lulusan sarjana setiap tahun hanya pencari kerja, akan lain jika lulusan sarjana bisa menciptakan lapangan kerja tentunya sangat membantu menurunnya pengangguran.",pengangguran setiap tahun bisa meningkatkan jika lulusan sarjana setiap tahun hanya pencari kerja akan lain jika lulusan sarjana bisa menciptakan lapangan kerja tentunya sangat membantu menurunnya pengangguran,2026-09-08T00:00:00+00:00,@jawahir5172,https://www.youtube.com/watch?v=eGFi53avn4Q&lc=UgxabxjdeKkDsGI9TSB4AaABAg,0,bps economic census tutorial,tidak_relevan,,opini,indonesia,1.0,Pengangguran setiap tahun bisa meningkatkan,Teks membahas isu pengangguran secara umum dan tidak berkaitan dengan Sensus Ekonomi 2026 atau aplikasi Fasih BPS.,gemma-4-12b-qat-unsloth-prompt-v2,"{""video_id"": ""eGFi53avn4Q"", ""video_title"": ""Is Indonesia's Unemployment Rate Really Rising? Here Is the BPS Data"", ""channel"": ""Penjaga Harapan"", ""parent"": ""root"", ""parent_text"": null, ""video_lang"": null, ""is_favorited"": false}"
20250f16f0628f9d6ecef5784c3aa111,youtube,UgzHydwpDIVM8rn92sN4AaABAg,Kok ibu ini malah nyalahin masyarakat,kok ibu ini malah nyalahin masyarakat,2026-09-08T00:00:00+00:00,@viviarizona70,https://www.youtube.com/watch?v=eGFi53avn4Q&lc=UgzHydwpDIVM8rn92sN4AaABAg,0,bps economic census tutorial,tidak_relevan,,opini,indonesia,1.0,Kok ibu ini malah nyalahin masyarakat,Teks membahas opini terhadap konten video dan tidak berkaitan dengan Sensus Ekonomi 2026 atau aplikasi Fasih BPS.,gemma-4-12b-qat-unsloth-prompt-v2,"{""video_id"": ""eGFi53avn4Q"", ""video_title"": ""Is Indonesia's Unemployment Rate Really Rising? Here Is the BPS Data"", ""channel"": ""Penjaga Harapan"", ""parent"": ""root"", ""parent_text"": null, ""video_lang"": null, ""is_favorited"": false}"
22e57cfc34cf3d87b53ccb9ed624310f,youtube,UgyiZqM579ojZA9FPHZ4AaABAg,Semoga anakku bisa lulus th ini,semoga anakku bisa lulus th ini,2026-09-08T00:00:00+00:00,@MariaUlfa-e3y,https://www.youtube.com/watch?v=NPH0sLdFZdo&lc=UgyiZqM579ojZA9FPHZ4AaABAg,0,@BPSStatistics,tidak_relevan,,opini,indonesia,1.0,Semoga anakku bisa lulus th ini,Teks berisi doa pribadi untuk pendidikan anak dan tidak berkaitan dengan Sensus Ekonomi 2026 atau aplikasi Fasih BPS.,gemma-4-12b-qat-unsloth-prompt-v2,"{""video_id"": ""NPH0sLdFZdo"", ""video_title"": ""We Are Waiting for You at Politeknik Statistika STIS"", ""channel"": ""BPS Statistics"", ""parent"": ""root"", ""parent_text"": null, ""video_lang"": null, ""is_favorited"": false}"
5b7452199e3bbb6e036441bc406fb6f8,youtube,Ugz-kDjpP2Q-2t79yNV4AaABAg,"bismillahirrahmanirrahim anak hamba lolos tahun ini ya Allah, bismillah",bismillahirrahmanirrahim anak hamba lolos tahun ini ya allah bismillah,2026-09-09T00:00:00+00:00,@JumiAni-p7l,https://www.youtube.com/watch?v=NPH0sLdFZdo&lc=Ugz-kDjpP2Q-2t79yNV4AaABAg,0,@BPSStatistics,tidak_relevan,,opini,indonesia,1.0,anak hamba lolos tahun ini ya Allah,Teks berisi doa pribadi untuk kelulusan dan tidak berkaitan dengan Sensus Ekonomi 2026 atau aplikasi Fasih BPS.,gemma-4-12b-qat-unsloth-prompt-v2,"{""video_id"": ""NPH0sLdFZdo"", ""video_title"": ""We Are Waiting for You at Politeknik Statistika STIS"", ""channel"": ""BPS Statistics"", ""parent"": ""root"", ""parent_text"": null, ""video_lang"": null, ""is_favorited"": false}"
5f4fe98f858e00d40519fe75770c6f8f,youtube,UgzbqKS2EqRBb7LAjIV4AaABAg,Bismillah Ya Allah mudakan dan lancarkan putri hamba di terima dan lolos d stis thn 2027 mendatang..,bismillah ya allah mudakan dan lancarkan putri hamba di terima dan lolos d stis tahun 2027 mendatang,2026-09-09T00:00:00+00:00,@TiaLozz,https://www.youtube.com/watch?v=NPH0sLdFZdo&lc=UgzbqKS2EqRBb7LAjIV4AaABAg,0,@BPSStatistics,tidak_relevan,,opini,indonesia,1.0,mudakan dan lancarkan putri hamba di terima dan lolos d stis,Teks berisi doa pribadi untuk kelulusan sekolah dan tidak berkaitan dengan Sensus Ekonomi 2026 atau aplikasi Fasih BPS.,gemma-4-12b-qat-unsloth-prompt-v2,"{""video_id"": ""NPH0sLdFZdo"", ""video_title"": ""We Are Waiting for You at Politeknik Statistika STIS"", ""channel"": ""BPS Statistics"", ""parent"": ""root"", ""parent_text"": null, ""video_lang"": null, ""is_favorited"": false}"
995038899b69d6ccb5e1191bf534469a,youtube,Ugw8HsLETVjxJLx2kgd4AaABAg,iya sekarang makin bertambah oengaguaran..yg lulus s 1 aja banyak gak ganggur apalagi pemuda yg gak sekolah mau kerja ..harus ada ijazah mau kerja keras gaji kecil mau kerja yg bulan dan harian gak ada lapangan.sesuai pakta memang banyak pengangguran..,iya sekarang makin bertambah oengaguaran yang lulus s 1 saja banyak tidak ganggur apalagi pemuda yang tidak sekolah mau kerja harus ada ijazah mau kerja keras gaji kecil mau kerja yang bulan dan harian tidak ada lapangan sesuai pakta memang banyak pengangguran,2026-09-10T00:00:00+00:00,@HasanNusi990,https://www.youtube.com/watch?v=eGFi53avn4Q&lc=Ugw8HsLETVjxJLx2kgd4AaABAg,0,bps economic census tutorial,tidak_relevan,,opini,indonesia,1.0,pengangguran..yg lulus s 1 aja banyak gak ganggur,Teks membahas isu pengangguran secara umum dan tidak berkaitan dengan Sensus Ekonomi 2026 atau aplikasi Fasih BPS.,gemma-4-12b-qat-unsloth-prompt-v2,"{""video_id"": ""eGFi53avn4Q"", ""video_title"": ""Is Indonesia's Unemployment Rate Really Rising? Here Is the BPS Data"", ""channel"": ""Penjaga Harapan"", ""parent"": ""root"", ""parent_text"": null, ""video_lang"": null, ""is_favorited"": false}"
9aa4bebaf4719cba915be77932b8a655,youtube,Ugys9GxKp9DN-VgL_Y14AaABAg,"Semoga putriku lulus seleksi STIS tahun ini ya Tuhan, Amin.",semoga putriku lulus seleksi stis tahun ini ya tuhan amin,2026-09-10T00:00:00+00:00,@MariaMinaria-s3p,https://www.youtube.com/watch?v=NPH0sLdFZdo&lc=Ugys9GxKp9DN-VgL_Y14AaABAg,0,@BPSStatistics,tidak_relevan,,opini,indonesia,1.0,"Semoga putriku lulus seleksi STIS tahun ini ya Tuhan, Amin.",Teks berisi doa pribadi untuk kelulusan seleksi masuk kampus dan tidak berkaitan dengan Sensus Ekonomi 2026 atau aplikasi Fasih BPS.,gemma-4-12b-qat-unsloth-prompt-v2,"{""video_id"": ""NPH0sLdFZdo"", ""video_title"": ""We Are Waiting for You at Politeknik Statistika STIS"", ""channel"": ""BPS Statistics"", ""parent"": ""root"", ""parent_text"": null, ""video_lang"": null, ""is_favorited"": false}"
9efa55f0a5527d07e3b55a1cb7003a37,youtube,Ugxfs9Kvl9rZrC_B9Kd4AaABAg,Bismillah...ya Alllah mudahkanlah anak hamba lolos di thn 2027 Aamiin,bismillah ya alllah mudahkanlah anak hamba lolos di tahun 2027 aamiin,2026-09-11T00:00:00+00:00,@AiErawat1,https://www.youtube.com/watch?v=NPH0sLdFZdo&lc=Ugxfs9Kvl9rZrC_B9Kd4AaABAg,0,@BPSStatistics,tidak_relevan,,opini,indonesia,1.0,mudahkanlah anak hamba lolos di thn 2027,Teks berisi doa pribadi untuk kelulusan pendidikan dan tidak berkaitan dengan Sensus Ekonomi 2026 atau aplikasi Fasih BPS.,gemma-4-12b-qat-unsloth-prompt-v2,"{""video_id"": ""NPH0sLdFZdo"", ""video_title"": ""We Are Waiting for You at Politeknik Statistika STIS"", ""channel"": ""BPS Statistics"", ""parent"": ""root"", ""parent_text"": null, ""video_lang"": null, ""is_favorited"": false}"
bd4b4c0fae5a40167d74cb24c07069e1,youtube,Ugx8hjCYikYI-ezIcPJ4AaABAg,"Bansos banyak yang kurang tepat sasaran,semua harga2 dipasar naik sedang pemasukan tetap,apakah ini yg dinamakan kebijaksaan pemerintah,mohon pencerahannya",bansos banyak yang kurang tepat sasaran semua harga harga dipasar naik sedang pemasukan tetap apakah ini yang dinamakan kebijaksaan pemerintah mohon pencerahannya,2026-09-13T00:00:00+00:00,@DwiWahyu-q1t,https://www.youtube.com/watch?v=eGFi53avn4Q&lc=Ugx8hjCYikYI-ezIcPJ4AaABAg,0,bps economic census tutorial,tidak_relevan,,opini,indonesia,1.0,Bansos banyak yang kurang tepat sasaran,Teks membahas tentang bansos dan harga pasar yang tidak berkaitan dengan Sensus Ekonomi 2026 atau aplikasi Fasih BPS.,gemma-4-12b-qat-unsloth-prompt-v2,"{""video_id"": ""eGFi53avn4Q"", ""video_title"": ""Is Indonesia's Unemployment Rate Really Rising? Here Is the BPS Data"", ""channel"": ""Penjaga Harapan"", ""parent"": ""root"", ""parent_text"": null, ""video_lang"": null, ""is_favorited"": false}"
b062ecf7ebad61c8a1a6aa46c84b6d87,youtube,Ugxyy4v3ztNIGCLULAR4AaABAg,"Anjiiiiiing, di atas kertas rakyat Indonesia banyak yg kaya😂
Meski tanpa pakta.
Rakyat Indonesia di paksakan untuk menjadi orang kaya, tanpa memiliki solusi😂.
Lambat Laun pemerintahan pun akan menaikan pertalite dan mengganti harga pelumas Denga harga tinggi.
Supaya masyarakat Indonesia beralih ke kendaraan listrik.
Itupun tanpa solusi win win😂
Sangat payah pemerintah 🙉🙉🙉🙉",anjiing di atas kertas rakyat indonesia banyak yang kaya face with tears of joy meski tanpa pakta rakyat indonesia di paksakan untuk menjadi orang kaya tanpa memiliki solusi face with tears of joy lambat laun pemerintahan pun akan menaikan pertalite dan mengganti harga pelumas denga harga tinggi supaya masyarakat indonesia beralih ke kendaraan listrik itupun tanpa solusi win win face with tears of joy sangat payah pemerintah hear no evil monkey hear no evil monkey hear no evil monkey hear no evil monkey,2026-09-13T00:00:00+00:00,@BulePotan-oh4eq,https://www.youtube.com/watch?v=bb8b-rnEEW8&lc=Ugxyy4v3ztNIGCLULAR4AaABAg,0,@BPSStatistics,tidak_relevan,,opini,indonesia,1.0,pemerintahan pun akan menaika pertalite,"Teks membahas kebijakan ekonomi pemerintah dan harga BBM, bukan tentang Sensus Ekonomi 2026 atau aplikasi Fasih BPS.",gemma-4-12b-qat-unsloth-prompt-v2,"{""video_id"": ""bb8b-rnEEW8"", ""video_title"": ""The Struggle Behind the Aceh Tamiang Data"", ""channel"": ""BPS Statistics"", ""parent"": ""root"", ""parent_text"": null, ""video_lang"": null, ""is_favorited"": false}"
